/*
 Navicat Premium Dump SQL

 Source Server         : localhost
 Source Server Type    : MySQL
 Source Server Version : 50724 (5.7.24)
 Source Host           : localhost:3306
 Source Schema         : sgrh

 Target Server Type    : MySQL
 Target Server Version : 50724 (5.7.24)
 File Encoding         : 65001

 Date: 08/01/2026 09:42:02
*/

SET NAMES utf8mb4;
SET FOREIGN_KEY_CHECKS = 0;

-- ----------------------------
-- Table structure for bitacora
-- ----------------------------
DROP TABLE IF EXISTS `bitacora`;
CREATE TABLE `bitacora`  (
  `bitacora_id` int(11) NOT NULL AUTO_INCREMENT,
  `empresa_id` int(11) NULL DEFAULT NULL,
  `usuario_id` int(11) NULL DEFAULT NULL,
  `modulo` varchar(50) CHARACTER SET utf8mb4 COLLATE utf8mb4_general_ci NOT NULL,
  `accion` varchar(80) CHARACTER SET utf8mb4 COLLATE utf8mb4_general_ci NOT NULL,
  `detalle_json` text CHARACTER SET utf8mb4 COLLATE utf8mb4_general_ci NULL,
  `ip` varchar(45) CHARACTER SET utf8mb4 COLLATE utf8mb4_general_ci NULL DEFAULT NULL,
  `created_at` datetime NOT NULL DEFAULT CURRENT_TIMESTAMP,
  PRIMARY KEY (`bitacora_id`) USING BTREE,
  INDEX `idx_bit_empresa_fecha`(`empresa_id`, `created_at`) USING BTREE,
  INDEX `idx_bit_usuario_fecha`(`usuario_id`, `created_at`) USING BTREE,
  CONSTRAINT `fk_bit_empresa` FOREIGN KEY (`empresa_id`) REFERENCES `empresas` (`empresa_id`) ON DELETE SET NULL ON UPDATE CASCADE,
  CONSTRAINT `fk_bit_usuario` FOREIGN KEY (`usuario_id`) REFERENCES `usuarios` (`usuario_id`) ON DELETE SET NULL ON UPDATE CASCADE
) ENGINE = InnoDB AUTO_INCREMENT = 15 CHARACTER SET = utf8mb4 COLLATE = utf8mb4_general_ci ROW_FORMAT = Dynamic;

-- ----------------------------
-- Records of bitacora
-- ----------------------------
INSERT INTO `bitacora` VALUES (1, 3, 1, 'admin_usuarios', 'ensure_min', '{\"usuario_id\":1,\"empresa_id\":3}', '::1', '2025-12-23 16:09:26');
INSERT INTO `bitacora` VALUES (2, 3, 1, 'admin_usuarios', 'reset_pass', '{\"usuario_id\":617}', '::1', '2025-12-23 16:09:33');
INSERT INTO `bitacora` VALUES (3, 3, 1, 'admin_usuarios', 'toggle_status', '{\"usuario_id\":619,\"nuevo\":\"inactivo\"}', '::1', '2025-12-23 16:09:41');
INSERT INTO `bitacora` VALUES (4, 3, 1, 'admin_usuarios', 'toggle_status', '{\"usuario_id\":619,\"nuevo\":\"activo\"}', '::1', '2025-12-23 16:09:48');
INSERT INTO `bitacora` VALUES (5, 3, 1, 'admin_usuarios', 'toggle_status', '{\"usuario_id\":619,\"nuevo\":\"inactivo\"}', '::1', '2025-12-23 16:10:09');
INSERT INTO `bitacora` VALUES (6, 1, 1, 'admin_org_puestos', 'toggle_status', '{\"puesto_id\":1,\"nuevo\":0}', '::1', '2025-12-26 15:38:24');
INSERT INTO `bitacora` VALUES (7, 1, 1, 'admin_org_unidades', 'insert', '{\"unidad_id\":2}', '::1', '2025-12-26 16:14:12');
INSERT INTO `bitacora` VALUES (8, 1, 1, 'admin_org_unidades', 'update', '{\"unidad_id\":1}', '::1', '2025-12-26 16:14:48');
INSERT INTO `bitacora` VALUES (9, 1, 1, 'admin_org_unidades', 'update', '{\"unidad_id\":1}', '::1', '2025-12-26 16:47:04');
INSERT INTO `bitacora` VALUES (10, 3, 1, 'admin_org_centros_trabajo', 'toggle_status', '{\"centro_trabajo_id\":4001,\"nuevo\":0}', '::1', '2025-12-26 16:49:36');
INSERT INTO `bitacora` VALUES (11, 3, 1, 'admin_org_centros_trabajo', 'toggle_status', '{\"centro_trabajo_id\":4001,\"nuevo\":1}', '::1', '2025-12-26 16:49:37');
INSERT INTO `bitacora` VALUES (12, 1, 1, 'admin_org_adscripciones', 'insert', '{\"adscripcion_id\":65}', '::1', '2025-12-26 17:00:56');
INSERT INTO `bitacora` VALUES (13, 1, 1, 'admin_org_unidades', 'toggle_status', '{\"unidad_id\":5,\"nuevo\":0}', '::1', '2026-01-05 13:59:11');
INSERT INTO `bitacora` VALUES (14, 1, 1, 'admin_org_unidades', 'toggle_status', '{\"unidad_id\":5,\"nuevo\":1}', '::1', '2026-01-05 13:59:15');

-- ----------------------------
-- Table structure for clima_aplicaciones
-- ----------------------------
DROP TABLE IF EXISTS `clima_aplicaciones`;
CREATE TABLE `clima_aplicaciones`  (
  `periodo_id` int(11) NOT NULL,
  `empleado_id` int(11) NOT NULL,
  `empresa_id` int(11) NOT NULL,
  `unidad_id` int(11) NOT NULL,
  `canal` enum('online','kiosco','papel') CHARACTER SET utf8mb4 COLLATE utf8mb4_general_ci NOT NULL DEFAULT 'online',
  `token` char(32) CHARACTER SET utf8mb4 COLLATE utf8mb4_general_ci NULL DEFAULT NULL,
  `fecha_inicio` datetime NULL DEFAULT NULL,
  `fecha_fin` datetime NULL DEFAULT NULL,
  `completada` tinyint(1) NOT NULL DEFAULT 0,
  `capturada_por` int(11) NULL DEFAULT NULL,
  `created_at` datetime NOT NULL DEFAULT CURRENT_TIMESTAMP,
  `updated_at` datetime NOT NULL DEFAULT CURRENT_TIMESTAMP ON UPDATE CURRENT_TIMESTAMP,
  PRIMARY KEY (`periodo_id`, `empleado_id`) USING BTREE,
  UNIQUE INDEX `uq_clima_token_periodo`(`periodo_id`, `token`) USING BTREE,
  INDEX `idx_clima_app_seg`(`periodo_id`, `empresa_id`, `unidad_id`, `completada`) USING BTREE,
  INDEX `fk_clima_app_empleado`(`empleado_id`) USING BTREE,
  INDEX `fk_clima_app_empresa`(`empresa_id`) USING BTREE,
  INDEX `fk_clima_app_unidad`(`unidad_id`) USING BTREE,
  INDEX `fk_clima_app_capturador`(`capturada_por`) USING BTREE,
  CONSTRAINT `fk_clima_app_capturador` FOREIGN KEY (`capturada_por`) REFERENCES `usuarios` (`usuario_id`) ON DELETE SET NULL ON UPDATE CASCADE,
  CONSTRAINT `fk_clima_app_empleado` FOREIGN KEY (`empleado_id`) REFERENCES `empleados` (`empleado_id`) ON DELETE CASCADE ON UPDATE CASCADE,
  CONSTRAINT `fk_clima_app_empresa` FOREIGN KEY (`empresa_id`) REFERENCES `empresas` (`empresa_id`) ON DELETE RESTRICT ON UPDATE CASCADE,
  CONSTRAINT `fk_clima_app_periodo` FOREIGN KEY (`periodo_id`) REFERENCES `clima_periodos` (`periodo_id`) ON DELETE CASCADE ON UPDATE CASCADE,
  CONSTRAINT `fk_clima_app_unidad` FOREIGN KEY (`unidad_id`) REFERENCES `org_unidades` (`unidad_id`) ON DELETE RESTRICT ON UPDATE CASCADE
) ENGINE = InnoDB CHARACTER SET = utf8mb4 COLLATE = utf8mb4_general_ci ROW_FORMAT = Dynamic;

-- ----------------------------
-- Records of clima_aplicaciones
-- ----------------------------

-- ----------------------------
-- Table structure for clima_dimensiones
-- ----------------------------
DROP TABLE IF EXISTS `clima_dimensiones`;
CREATE TABLE `clima_dimensiones`  (
  `dimension_id` int(11) NOT NULL AUTO_INCREMENT,
  `nombre` varchar(120) CHARACTER SET utf8mb4 COLLATE utf8mb4_general_ci NOT NULL,
  `orden` int(11) NOT NULL DEFAULT 1,
  `activo` tinyint(1) NOT NULL DEFAULT 1,
  PRIMARY KEY (`dimension_id`) USING BTREE,
  UNIQUE INDEX `uq_clima_dimension_nombre`(`nombre`) USING BTREE
) ENGINE = InnoDB AUTO_INCREMENT = 29 CHARACTER SET = utf8mb4 COLLATE = utf8mb4_general_ci ROW_FORMAT = Dynamic;

-- ----------------------------
-- Records of clima_dimensiones
-- ----------------------------
INSERT INTO `clima_dimensiones` VALUES (1, 'Propósito y alineación', 1, 1);
INSERT INTO `clima_dimensiones` VALUES (2, 'Claridad de rol', 2, 1);
INSERT INTO `clima_dimensiones` VALUES (3, 'Estructura y coordinación', 3, 1);
INSERT INTO `clima_dimensiones` VALUES (4, 'Liderazgo inmediato', 4, 1);
INSERT INTO `clima_dimensiones` VALUES (5, 'Reconocimiento', 5, 1);
INSERT INTO `clima_dimensiones` VALUES (6, 'Desarrollo y aprendizaje', 6, 1);
INSERT INTO `clima_dimensiones` VALUES (7, 'Comunicación interna', 7, 1);
INSERT INTO `clima_dimensiones` VALUES (8, 'Colaboración entre áreas', 8, 1);
INSERT INTO `clima_dimensiones` VALUES (9, 'Recursos y herramientas', 9, 1);
INSERT INTO `clima_dimensiones` VALUES (10, 'Procesos y eficiencia', 10, 1);
INSERT INTO `clima_dimensiones` VALUES (11, 'Bienestar y balance', 11, 1);
INSERT INTO `clima_dimensiones` VALUES (12, 'Equidad y respeto', 12, 1);

-- ----------------------------
-- Table structure for clima_elegibles
-- ----------------------------
DROP TABLE IF EXISTS `clima_elegibles`;
CREATE TABLE `clima_elegibles`  (
  `periodo_id` int(11) NOT NULL,
  `empleado_id` int(11) NOT NULL,
  `empresa_id` int(11) NOT NULL,
  `unidad_id` int(11) NOT NULL,
  `elegible` tinyint(1) NOT NULL DEFAULT 0,
  `motivo_no_elegible` varchar(60) CHARACTER SET utf8mb4 COLLATE utf8mb4_general_ci NULL DEFAULT NULL,
  `created_at` datetime NOT NULL DEFAULT CURRENT_TIMESTAMP,
  PRIMARY KEY (`periodo_id`, `empleado_id`) USING BTREE,
  INDEX `idx_clima_elegibles_seg`(`periodo_id`, `empresa_id`, `unidad_id`, `elegible`) USING BTREE,
  INDEX `fk_clima_elegibles_empleado`(`empleado_id`) USING BTREE,
  INDEX `fk_clima_elegibles_empresa`(`empresa_id`) USING BTREE,
  INDEX `fk_clima_elegibles_unidad`(`unidad_id`) USING BTREE,
  CONSTRAINT `fk_clima_elegibles_empleado` FOREIGN KEY (`empleado_id`) REFERENCES `empleados` (`empleado_id`) ON DELETE CASCADE ON UPDATE CASCADE,
  CONSTRAINT `fk_clima_elegibles_empresa` FOREIGN KEY (`empresa_id`) REFERENCES `empresas` (`empresa_id`) ON DELETE RESTRICT ON UPDATE CASCADE,
  CONSTRAINT `fk_clima_elegibles_periodo` FOREIGN KEY (`periodo_id`) REFERENCES `clima_periodos` (`periodo_id`) ON DELETE CASCADE ON UPDATE CASCADE,
  CONSTRAINT `fk_clima_elegibles_unidad` FOREIGN KEY (`unidad_id`) REFERENCES `org_unidades` (`unidad_id`) ON DELETE RESTRICT ON UPDATE CASCADE
) ENGINE = InnoDB CHARACTER SET = utf8mb4 COLLATE = utf8mb4_general_ci ROW_FORMAT = Dynamic;

-- ----------------------------
-- Records of clima_elegibles
-- ----------------------------

-- ----------------------------
-- Table structure for clima_envios
-- ----------------------------
DROP TABLE IF EXISTS `clima_envios`;
CREATE TABLE `clima_envios`  (
  `periodo_id` int(11) NOT NULL,
  `empleado_id` int(11) NOT NULL,
  `empresa_id` int(11) NOT NULL,
  `unidad_id` int(11) NOT NULL,
  `completado` tinyint(1) NOT NULL DEFAULT 0,
  `completado_at` datetime NULL DEFAULT NULL,
  `ip` varchar(45) CHARACTER SET utf8mb4 COLLATE utf8mb4_general_ci NULL DEFAULT NULL,
  `user_agent` varchar(255) CHARACTER SET utf8mb4 COLLATE utf8mb4_general_ci NULL DEFAULT NULL,
  PRIMARY KEY (`periodo_id`, `empleado_id`) USING BTREE,
  INDEX `idx_ce_seg`(`periodo_id`, `empresa_id`, `unidad_id`, `completado`) USING BTREE,
  INDEX `fk_ce_empleado`(`empleado_id`) USING BTREE,
  CONSTRAINT `fk_ce_empleado` FOREIGN KEY (`empleado_id`) REFERENCES `empleados` (`empleado_id`) ON DELETE CASCADE ON UPDATE CASCADE,
  CONSTRAINT `fk_ce_periodo` FOREIGN KEY (`periodo_id`) REFERENCES `clima_periodos` (`periodo_id`) ON DELETE CASCADE ON UPDATE CASCADE
) ENGINE = InnoDB CHARACTER SET = utf8mb4 COLLATE = utf8mb4_general_ci ROW_FORMAT = Dynamic;

-- ----------------------------
-- Records of clima_envios
-- ----------------------------

-- ----------------------------
-- Table structure for clima_periodos
-- ----------------------------
DROP TABLE IF EXISTS `clima_periodos`;
CREATE TABLE `clima_periodos`  (
  `periodo_id` int(11) NOT NULL AUTO_INCREMENT,
  `empresa_id` int(11) NOT NULL,
  `anio` int(4) NOT NULL,
  `fecha_inicio` date NOT NULL,
  `fecha_fin` date NOT NULL,
  `fecha_corte_elegibilidad` date NOT NULL,
  `estatus` enum('borrador','publicado','cerrado') CHARACTER SET utf8mb4 COLLATE utf8mb4_general_ci NOT NULL DEFAULT 'borrador',
  `creado_por` int(11) NULL DEFAULT NULL,
  `created_at` datetime NOT NULL DEFAULT CURRENT_TIMESTAMP,
  `updated_at` datetime NOT NULL DEFAULT CURRENT_TIMESTAMP ON UPDATE CURRENT_TIMESTAMP,
  PRIMARY KEY (`periodo_id`) USING BTREE,
  UNIQUE INDEX `uq_clima_empresa_anio`(`empresa_id`, `anio`) USING BTREE,
  INDEX `idx_clima_estatus`(`estatus`) USING BTREE,
  INDEX `idx_clima_empresa`(`empresa_id`) USING BTREE,
  INDEX `fk_clima_periodos_creado_por`(`creado_por`) USING BTREE,
  CONSTRAINT `fk_clima_periodo_creador` FOREIGN KEY (`creado_por`) REFERENCES `usuarios` (`usuario_id`) ON DELETE SET NULL ON UPDATE CASCADE,
  CONSTRAINT `fk_clima_periodos_creado_por` FOREIGN KEY (`creado_por`) REFERENCES `usuarios` (`usuario_id`) ON DELETE SET NULL ON UPDATE CASCADE,
  CONSTRAINT `fk_clima_periodos_empresa` FOREIGN KEY (`empresa_id`) REFERENCES `empresas` (`empresa_id`) ON DELETE RESTRICT ON UPDATE CASCADE
) ENGINE = InnoDB AUTO_INCREMENT = 4 CHARACTER SET = utf8mb4 COLLATE = utf8mb4_general_ci ROW_FORMAT = Dynamic;

-- ----------------------------
-- Records of clima_periodos
-- ----------------------------
INSERT INTO `clima_periodos` VALUES (1, 1, 2025, '2025-01-01', '2025-12-31', '2024-10-01', 'cerrado', 1, '2025-01-15 10:00:00', '2025-12-31 18:00:00');
INSERT INTO `clima_periodos` VALUES (2, 1, 2026, '2026-01-01', '2026-12-31', '2025-10-01', 'publicado', 1, '2026-01-01 08:00:00', '2026-01-08 10:00:00');

-- ----------------------------
-- Table structure for clima_planes
-- ----------------------------
DROP TABLE IF EXISTS `clima_planes`;
CREATE TABLE `clima_planes`  (
  `plan_id` int(11) NOT NULL AUTO_INCREMENT,
  `periodo_id` int(11) NOT NULL,
  `empresa_id` int(11) NOT NULL,
  `unidad_id` int(11) NOT NULL,
  `dimension_id` int(11) NOT NULL,
  `problema_identificado` varchar(300) CHARACTER SET utf8mb4 COLLATE utf8mb4_general_ci NOT NULL,
  `accion` varchar(400) CHARACTER SET utf8mb4 COLLATE utf8mb4_general_ci NOT NULL,
  `responsable` varchar(120) CHARACTER SET utf8mb4 COLLATE utf8mb4_general_ci NOT NULL,
  `fecha_compromiso` date NOT NULL,
  `indicador` varchar(200) CHARACTER SET utf8mb4 COLLATE utf8mb4_general_ci NULL DEFAULT NULL,
  `estatus` enum('pendiente','en_proceso','cumplido') CHARACTER SET utf8mb4 COLLATE utf8mb4_general_ci NOT NULL DEFAULT 'pendiente',
  `created_by` int(11) NULL DEFAULT NULL,
  `created_at` datetime NOT NULL DEFAULT CURRENT_TIMESTAMP,
  `updated_at` datetime NOT NULL DEFAULT CURRENT_TIMESTAMP ON UPDATE CURRENT_TIMESTAMP,
  PRIMARY KEY (`plan_id`) USING BTREE,
  INDEX `idx_clima_plan_seg`(`periodo_id`, `empresa_id`, `unidad_id`) USING BTREE,
  INDEX `fk_clima_plan_empresa`(`empresa_id`) USING BTREE,
  INDEX `fk_clima_plan_unidad`(`unidad_id`) USING BTREE,
  INDEX `fk_clima_plan_dimension`(`dimension_id`) USING BTREE,
  INDEX `fk_clima_plan_user`(`created_by`) USING BTREE,
  CONSTRAINT `fk_clima_plan_dimension` FOREIGN KEY (`dimension_id`) REFERENCES `clima_dimensiones` (`dimension_id`) ON DELETE RESTRICT ON UPDATE CASCADE,
  CONSTRAINT `fk_clima_plan_empresa` FOREIGN KEY (`empresa_id`) REFERENCES `empresas` (`empresa_id`) ON DELETE RESTRICT ON UPDATE CASCADE,
  CONSTRAINT `fk_clima_plan_periodo` FOREIGN KEY (`periodo_id`) REFERENCES `clima_periodos` (`periodo_id`) ON DELETE CASCADE ON UPDATE CASCADE,
  CONSTRAINT `fk_clima_plan_unidad` FOREIGN KEY (`unidad_id`) REFERENCES `org_unidades` (`unidad_id`) ON DELETE RESTRICT ON UPDATE CASCADE,
  CONSTRAINT `fk_clima_plan_user` FOREIGN KEY (`created_by`) REFERENCES `usuarios` (`usuario_id`) ON DELETE SET NULL ON UPDATE CASCADE
) ENGINE = InnoDB AUTO_INCREMENT = 1 CHARACTER SET = utf8mb4 COLLATE = utf8mb4_general_ci ROW_FORMAT = Dynamic;

-- ----------------------------
-- Records of clima_planes
-- ----------------------------

-- ----------------------------
-- Table structure for clima_preguntas_abiertas
-- ----------------------------
DROP TABLE IF EXISTS `clima_preguntas_abiertas`;
CREATE TABLE `clima_preguntas_abiertas`  (
  `pregunta_id` int(11) NOT NULL AUTO_INCREMENT,
  `dimension_id` int(11) NULL DEFAULT NULL,
  `texto` varchar(500) CHARACTER SET utf8mb4 COLLATE utf8mb4_general_ci NOT NULL,
  `orden` int(11) NOT NULL DEFAULT 1,
  `obligatorio` tinyint(1) NOT NULL DEFAULT 0,
  `activo` tinyint(1) NOT NULL DEFAULT 1,
  PRIMARY KEY (`pregunta_id`) USING BTREE,
  INDEX `idx_cpa_dim_orden`(`dimension_id`, `orden`) USING BTREE,
  CONSTRAINT `fk_cpa_dimension` FOREIGN KEY (`dimension_id`) REFERENCES `clima_dimensiones` (`dimension_id`) ON DELETE SET NULL ON UPDATE CASCADE
) ENGINE = InnoDB AUTO_INCREMENT = 9 CHARACTER SET = utf8mb4 COLLATE = utf8mb4_general_ci ROW_FORMAT = Dynamic;

-- ----------------------------
-- Records of clima_preguntas_abiertas
-- ----------------------------
INSERT INTO `clima_preguntas_abiertas` VALUES (1, NULL, '¿Qué es lo que más valoras de trabajar en tu área actualmente?', 1, 1, 1);
INSERT INTO `clima_preguntas_abiertas` VALUES (2, NULL, 'Si pudieras cambiar una sola cosa para mejorar tu experiencia de trabajo, ¿cuál sería y por qué?', 2, 1, 1);
INSERT INTO `clima_preguntas_abiertas` VALUES (5, NULL, '¿Qué debería mejorar tu jefe inmediato (o liderazgo del área) para apoyarte mejor en tu trabajo?', 3, 1, 1);
INSERT INTO `clima_preguntas_abiertas` VALUES (7, NULL, '¿Qué obstáculos de comunicación o coordinación entre áreas te afectan más y cómo los resolverías?', 4, 1, 1);

-- ----------------------------
-- Table structure for clima_publicacion
-- ----------------------------
DROP TABLE IF EXISTS `clima_publicacion`;
CREATE TABLE `clima_publicacion`  (
  `periodo_id` int(11) NOT NULL,
  `empresa_id` int(11) NOT NULL,
  `unidad_id` int(11) NOT NULL,
  `habilitado` tinyint(1) NOT NULL DEFAULT 0,
  `fecha_publicacion` datetime NULL DEFAULT NULL,
  `publicado_por` int(11) NULL DEFAULT NULL,
  PRIMARY KEY (`periodo_id`, `empresa_id`, `unidad_id`) USING BTREE,
  INDEX `fk_clima_pub_empresa`(`empresa_id`) USING BTREE,
  INDEX `fk_clima_pub_unidad`(`unidad_id`) USING BTREE,
  INDEX `fk_clima_pub_user`(`publicado_por`) USING BTREE,
  CONSTRAINT `fk_clima_pub_empresa` FOREIGN KEY (`empresa_id`) REFERENCES `empresas` (`empresa_id`) ON DELETE RESTRICT ON UPDATE CASCADE,
  CONSTRAINT `fk_clima_pub_periodo` FOREIGN KEY (`periodo_id`) REFERENCES `clima_periodos` (`periodo_id`) ON DELETE CASCADE ON UPDATE CASCADE,
  CONSTRAINT `fk_clima_pub_unidad` FOREIGN KEY (`unidad_id`) REFERENCES `org_unidades` (`unidad_id`) ON DELETE RESTRICT ON UPDATE CASCADE,
  CONSTRAINT `fk_clima_pub_user` FOREIGN KEY (`publicado_por`) REFERENCES `usuarios` (`usuario_id`) ON DELETE SET NULL ON UPDATE CASCADE
) ENGINE = InnoDB CHARACTER SET = utf8mb4 COLLATE = utf8mb4_general_ci ROW_FORMAT = Dynamic;

-- ----------------------------
-- Records of clima_publicacion
-- ----------------------------

-- ----------------------------
-- Table structure for clima_reactivos
-- ----------------------------
DROP TABLE IF EXISTS `clima_reactivos`;
CREATE TABLE `clima_reactivos`  (
  `reactivo_id` int(11) NOT NULL AUTO_INCREMENT,
  `dimension_id` int(11) NOT NULL,
  `texto` varchar(400) CHARACTER SET utf8mb4 COLLATE utf8mb4_general_ci NOT NULL,
  `orden` int(11) NOT NULL,
  `activo` tinyint(1) NOT NULL DEFAULT 1,
  PRIMARY KEY (`reactivo_id`) USING BTREE,
  INDEX `idx_clima_reactivos_dim`(`dimension_id`, `orden`) USING BTREE,
  CONSTRAINT `fk_clima_reactivos_dim` FOREIGN KEY (`dimension_id`) REFERENCES `clima_dimensiones` (`dimension_id`) ON DELETE RESTRICT ON UPDATE CASCADE
) ENGINE = InnoDB AUTO_INCREMENT = 209 CHARACTER SET = utf8mb4 COLLATE = utf8mb4_general_ci ROW_FORMAT = Dynamic;

-- ----------------------------
-- Records of clima_reactivos
-- ----------------------------
INSERT INTO `clima_reactivos` VALUES (1, 1, 'Entiendo los objetivos prioritarios de mi área para este año.', 1, 1);
INSERT INTO `clima_reactivos` VALUES (2, 1, 'Mi trabajo contribuye de manera clara al propósito y resultados de la empresa.', 2, 1);
INSERT INTO `clima_reactivos` VALUES (3, 1, 'Las prioridades se comunican con claridad y se mantienen estables la mayor parte del tiempo.', 3, 1);
INSERT INTO `clima_reactivos` VALUES (4, 1, 'Sé cómo se medirá el éxito de mi trabajo (metas/indicadores/entregables).', 4, 1);
INSERT INTO `clima_reactivos` VALUES (5, 2, 'Conozco con claridad mis responsabilidades principales.', 1, 1);
INSERT INTO `clima_reactivos` VALUES (6, 2, 'Sé qué se espera de mí en términos de calidad y tiempos de entrega.', 2, 1);
INSERT INTO `clima_reactivos` VALUES (7, 2, 'Cuando hay cambios en mis actividades, se aclara el alcance y la prioridad.', 3, 1);
INSERT INTO `clima_reactivos` VALUES (8, 2, 'Tengo claridad sobre a quién acudir para resolver dudas o escalar problemas.', 4, 1);
INSERT INTO `clima_reactivos` VALUES (9, 3, 'Los roles entre áreas están bien delimitados para evitar duplicidad o retrabajo.', 1, 1);
INSERT INTO `clima_reactivos` VALUES (10, 3, 'La coordinación entre puestos (jefaturas/supervisión/operación) es efectiva.', 2, 1);
INSERT INTO `clima_reactivos` VALUES (11, 3, 'Los procesos clave están definidos y se siguen de manera consistente.', 3, 1);
INSERT INTO `clima_reactivos` VALUES (12, 3, 'Las decisiones se toman con criterios claros, no por improvisación.', 4, 1);
INSERT INTO `clima_reactivos` VALUES (13, 4, 'Mi jefe inmediato comunica expectativas claras sobre el desempeño.', 1, 1);
INSERT INTO `clima_reactivos` VALUES (14, 4, 'Recibo seguimiento oportuno y orientación cuando lo necesito.', 2, 1);
INSERT INTO `clima_reactivos` VALUES (15, 4, 'Puedo expresar inquietudes o riesgos con confianza y respeto.', 3, 1);
INSERT INTO `clima_reactivos` VALUES (16, 4, 'Mi jefe inmediato actúa con coherencia entre lo que dice y lo que hace.', 4, 1);
INSERT INTO `clima_reactivos` VALUES (17, 5, 'El trabajo bien hecho es reconocido en mi equipo.', 1, 1);
INSERT INTO `clima_reactivos` VALUES (18, 5, 'El reconocimiento se otorga de manera justa y basada en resultados.', 2, 1);
INSERT INTO `clima_reactivos` VALUES (19, 5, 'Se valoran los esfuerzos adicionales cuando la operación lo requiere.', 3, 1);
INSERT INTO `clima_reactivos` VALUES (20, 5, 'Me siento valorado(a) por las contribuciones que realizo.', 4, 1);
INSERT INTO `clima_reactivos` VALUES (21, 6, 'Tengo oportunidades para aprender y mejorar mis habilidades.', 1, 1);
INSERT INTO `clima_reactivos` VALUES (22, 6, 'Recibo retroalimentación útil para desarrollarme profesionalmente.', 2, 1);
INSERT INTO `clima_reactivos` VALUES (23, 6, 'Mi jefe inmediato impulsa mi crecimiento y aprendizaje.', 3, 1);
INSERT INTO `clima_reactivos` VALUES (24, 6, 'La empresa ofrece capacitación relevante para mi función.', 4, 1);
INSERT INTO `clima_reactivos` VALUES (25, 7, 'La información necesaria para mi trabajo llega completa y a tiempo.', 1, 1);
INSERT INTO `clima_reactivos` VALUES (26, 7, 'Los cambios relevantes se comunican con anticipación suficiente.', 2, 1);
INSERT INTO `clima_reactivos` VALUES (27, 7, 'Las instrucciones o solicitudes suelen ser claras y sin ambigüedades.', 3, 1);
INSERT INTO `clima_reactivos` VALUES (28, 7, 'La comunicación en mi equipo es abierta y respetuosa.', 4, 1);
INSERT INTO `clima_reactivos` VALUES (29, 8, 'Las áreas colaboran para resolver problemas y evitar retrabajos.', 1, 1);
INSERT INTO `clima_reactivos` VALUES (30, 8, 'Se respetan acuerdos y compromisos entre áreas.', 2, 1);
INSERT INTO `clima_reactivos` VALUES (31, 8, 'Existe disposición para apoyar a otras áreas cuando se requiere.', 3, 1);
INSERT INTO `clima_reactivos` VALUES (32, 8, 'Cuando hay desacuerdos, se gestionan con enfoque a soluciones.', 4, 1);
INSERT INTO `clima_reactivos` VALUES (33, 9, 'Cuento con herramientas y sistemas adecuados para realizar mi trabajo.', 1, 1);
INSERT INTO `clima_reactivos` VALUES (34, 9, 'Los sistemas que utilizo funcionan de forma estable.', 2, 1);
INSERT INTO `clima_reactivos` VALUES (35, 9, 'Tengo acceso a la información y recursos necesarios para cumplir mis entregables.', 3, 1);
INSERT INTO `clima_reactivos` VALUES (36, 9, 'Las fallas de herramientas/sistemas se atienden con oportunidad.', 4, 1);
INSERT INTO `clima_reactivos` VALUES (37, 10, 'Los procesos de trabajo facilitan la eficiencia (evitan burocracia innecesaria).', 1, 1);
INSERT INTO `clima_reactivos` VALUES (38, 10, 'Los tiempos de respuesta de áreas de soporte son adecuados.', 2, 1);
INSERT INTO `clima_reactivos` VALUES (39, 10, 'Se promueve la mejora continua para simplificar y hacer más efectivo el trabajo.', 3, 1);
INSERT INTO `clima_reactivos` VALUES (40, 10, 'Los problemas recurrentes se atienden de raíz, no solo de manera temporal.', 4, 1);
INSERT INTO `clima_reactivos` VALUES (41, 11, 'La carga de trabajo es razonable la mayor parte del tiempo.', 1, 1);
INSERT INTO `clima_reactivos` VALUES (42, 11, 'Puedo mantener un equilibrio razonable entre trabajo y vida personal.', 2, 1);
INSERT INTO `clima_reactivos` VALUES (43, 11, 'Me siento seguro(a) reportando riesgos o condiciones inseguras.', 3, 1);
INSERT INTO `clima_reactivos` VALUES (44, 11, 'En general, la empresa cuida el bienestar del personal.', 4, 1);
INSERT INTO `clima_reactivos` VALUES (45, 12, 'En mi área se promueve un trato respetuoso y profesional.', 1, 1);
INSERT INTO `clima_reactivos` VALUES (46, 12, 'Las reglas y políticas se aplican de manera consistente.', 2, 1);
INSERT INTO `clima_reactivos` VALUES (47, 12, 'Las decisiones que afectan al personal se toman de manera justa.', 3, 1);
INSERT INTO `clima_reactivos` VALUES (48, 12, 'Me siento tratado(a) con equidad y respeto en mi entorno de trabajo.', 4, 1);

-- ----------------------------
-- Table structure for clima_respuestas
-- ----------------------------
DROP TABLE IF EXISTS `clima_respuestas`;
CREATE TABLE `clima_respuestas`  (
  `periodo_id` int(11) NOT NULL,
  `empleado_id` int(11) NOT NULL,
  `reactivo_id` int(11) NOT NULL,
  `valor` tinyint(4) NOT NULL,
  `fecha_respuesta` datetime NOT NULL DEFAULT CURRENT_TIMESTAMP,
  PRIMARY KEY (`periodo_id`, `empleado_id`, `reactivo_id`) USING BTREE,
  INDEX `idx_clima_resp_reactivo`(`periodo_id`, `reactivo_id`) USING BTREE,
  INDEX `idx_clima_resp_empleado`(`periodo_id`, `empleado_id`) USING BTREE,
  INDEX `fk_clima_resp_empleado`(`empleado_id`) USING BTREE,
  INDEX `idx_clima_resp_reactivo_empleado`(`reactivo_id`, `empleado_id`) USING BTREE,
  CONSTRAINT `fk_clima_resp_empleado` FOREIGN KEY (`empleado_id`) REFERENCES `empleados` (`empleado_id`) ON DELETE CASCADE ON UPDATE CASCADE,
  CONSTRAINT `fk_clima_resp_periodo` FOREIGN KEY (`periodo_id`) REFERENCES `clima_periodos` (`periodo_id`) ON DELETE CASCADE ON UPDATE CASCADE,
  CONSTRAINT `fk_clima_resp_reactivo` FOREIGN KEY (`reactivo_id`) REFERENCES `clima_reactivos` (`reactivo_id`) ON DELETE RESTRICT ON UPDATE CASCADE
) ENGINE = InnoDB CHARACTER SET = utf8mb4 COLLATE = utf8mb4_general_ci ROW_FORMAT = Dynamic;

-- ----------------------------
-- Records of clima_respuestas
-- ----------------------------

-- ----------------------------
-- Table structure for clima_respuestas_abiertas
-- ----------------------------
DROP TABLE IF EXISTS `clima_respuestas_abiertas`;
CREATE TABLE `clima_respuestas_abiertas`  (
  `periodo_id` int(11) NOT NULL,
  `empleado_id` int(11) NOT NULL,
  `empresa_id` int(11) NOT NULL,
  `unidad_id` int(11) NOT NULL,
  `pregunta_id` int(11) NOT NULL,
  `respuesta` text CHARACTER SET utf8mb4 COLLATE utf8mb4_general_ci NOT NULL,
  `fecha_respuesta` datetime NOT NULL DEFAULT CURRENT_TIMESTAMP,
  PRIMARY KEY (`periodo_id`, `empleado_id`, `pregunta_id`) USING BTREE,
  INDEX `idx_cra_seg`(`periodo_id`, `empresa_id`, `unidad_id`) USING BTREE,
  INDEX `idx_cra_pregunta`(`periodo_id`, `pregunta_id`) USING BTREE,
  INDEX `fk_cra_empleado`(`empleado_id`) USING BTREE,
  INDEX `fk_cra_empresa`(`empresa_id`) USING BTREE,
  INDEX `fk_cra_unidad`(`unidad_id`) USING BTREE,
  INDEX `fk_cra_pregunta`(`pregunta_id`) USING BTREE,
  CONSTRAINT `fk_cra_empleado` FOREIGN KEY (`empleado_id`) REFERENCES `empleados` (`empleado_id`) ON DELETE CASCADE ON UPDATE CASCADE,
  CONSTRAINT `fk_cra_empresa` FOREIGN KEY (`empresa_id`) REFERENCES `empresas` (`empresa_id`) ON DELETE RESTRICT ON UPDATE CASCADE,
  CONSTRAINT `fk_cra_periodo` FOREIGN KEY (`periodo_id`) REFERENCES `clima_periodos` (`periodo_id`) ON DELETE CASCADE ON UPDATE CASCADE,
  CONSTRAINT `fk_cra_pregunta` FOREIGN KEY (`pregunta_id`) REFERENCES `clima_preguntas_abiertas` (`pregunta_id`) ON DELETE CASCADE ON UPDATE CASCADE,
  CONSTRAINT `fk_cra_unidad` FOREIGN KEY (`unidad_id`) REFERENCES `org_unidades` (`unidad_id`) ON DELETE RESTRICT ON UPDATE CASCADE
) ENGINE = InnoDB CHARACTER SET = utf8mb4 COLLATE = utf8mb4_general_ci ROW_FORMAT = Dynamic;

-- ----------------------------
-- Records of clima_respuestas_abiertas
-- ----------------------------

-- ----------------------------
-- Table structure for clima_resultados_visibilidad
-- ----------------------------
DROP TABLE IF EXISTS `clima_resultados_visibilidad`;
CREATE TABLE `clima_resultados_visibilidad`  (
  `vis_id` int(11) NOT NULL AUTO_INCREMENT,
  `periodo_id` int(11) NOT NULL,
  `empresa_id` int(11) NOT NULL,
  `unidad_id` int(11) NOT NULL,
  `habilitado` tinyint(1) NOT NULL DEFAULT 0,
  `habilitado_por` int(11) NULL DEFAULT NULL,
  `habilitado_at` datetime NULL DEFAULT NULL,
  `created_at` datetime NOT NULL DEFAULT CURRENT_TIMESTAMP,
  `updated_at` datetime NULL DEFAULT NULL,
  PRIMARY KEY (`vis_id`) USING BTREE,
  UNIQUE INDEX `uq_clima_vis`(`periodo_id`, `empresa_id`, `unidad_id`) USING BTREE,
  INDEX `idx_clima_vis_periodo`(`periodo_id`) USING BTREE,
  INDEX `idx_clima_vis_empresa`(`empresa_id`) USING BTREE,
  INDEX `idx_clima_vis_unidad`(`unidad_id`) USING BTREE,
  CONSTRAINT `fk_clima_vis_periodo` FOREIGN KEY (`periodo_id`) REFERENCES `clima_periodos` (`periodo_id`) ON DELETE CASCADE ON UPDATE CASCADE
) ENGINE = InnoDB AUTO_INCREMENT = 1 CHARACTER SET = utf8mb4 COLLATE = utf8mb4_general_ci ROW_FORMAT = Dynamic;

-- ----------------------------
-- Records of clima_resultados_visibilidad
-- ----------------------------

-- ----------------------------
-- Table structure for empleados
-- ----------------------------
DROP TABLE IF EXISTS `empleados`;
CREATE TABLE `empleados`  (
  `empleado_id` int(11) NOT NULL AUTO_INCREMENT,
  `empresa_id` int(11) NOT NULL,
  `no_emp` varchar(20) CHARACTER SET utf8mb4 COLLATE utf8mb4_general_ci NOT NULL,
  `rfc_base` char(10) CHARACTER SET utf8mb4 COLLATE utf8mb4_general_ci NOT NULL,
  `curp` char(18) CHARACTER SET utf8mb4 COLLATE utf8mb4_general_ci NULL DEFAULT NULL,
  `nombre` varchar(80) CHARACTER SET utf8mb4 COLLATE utf8mb4_general_ci NOT NULL,
  `apellido_paterno` varchar(80) CHARACTER SET utf8mb4 COLLATE utf8mb4_general_ci NULL DEFAULT NULL,
  `apellido_materno` varchar(80) CHARACTER SET utf8mb4 COLLATE utf8mb4_general_ci NULL DEFAULT NULL,
  `es_activo` tinyint(1) NOT NULL DEFAULT 1,
  `correo` varchar(120) CHARACTER SET utf8mb4 COLLATE utf8mb4_general_ci NULL DEFAULT NULL,
  `telefono` varchar(30) CHARACTER SET utf8mb4 COLLATE utf8mb4_general_ci NULL DEFAULT NULL,
  `foto_path` varchar(255) CHARACTER SET utf8mb4 COLLATE utf8mb4_general_ci NULL DEFAULT NULL,
  `unidad_id` int(11) NULL DEFAULT NULL,
  `adscripcion_id` int(11) NULL DEFAULT NULL,
  `puesto_id` int(11) NULL DEFAULT NULL,
  `jefe_no_emp` varchar(20) CHARACTER SET utf8mb4 COLLATE utf8mb4_general_ci NULL DEFAULT NULL,
  `fecha_ingreso` date NULL DEFAULT NULL,
  `fecha_baja` date NULL DEFAULT NULL,
  `tipo_empleado_id` tinyint(1) NOT NULL DEFAULT 1,
  `tipo_empleado_nombre` varchar(50) CHARACTER SET utf8mb4 COLLATE utf8mb4_general_ci NOT NULL DEFAULT '1',
  `departamento_id` varchar(20) CHARACTER SET utf8mb4 COLLATE utf8mb4_general_ci NULL DEFAULT NULL,
  `departamento_nombre` varchar(100) CHARACTER SET utf8mb4 COLLATE utf8mb4_general_ci NULL DEFAULT NULL,
  `puesto_nomina_id` varchar(20) CHARACTER SET utf8mb4 COLLATE utf8mb4_general_ci NULL DEFAULT NULL,
  `puesto_nombre` varchar(100) CHARACTER SET utf8mb4 COLLATE utf8mb4_general_ci NULL DEFAULT NULL,
  `centro_trabajo_id` int(11) NULL DEFAULT NULL,
  `centro_trabajo_nombre` varchar(100) CHARACTER SET utf8mb4 COLLATE utf8mb4_general_ci NULL DEFAULT NULL,
  `jefe_inmediato` varchar(100) CHARACTER SET utf8mb4 COLLATE utf8mb4_general_ci NULL DEFAULT NULL,
  `salario_diario` decimal(12, 2) NULL DEFAULT NULL,
  `salario_mensual` decimal(12, 2) NULL DEFAULT NULL,
  `estatus` enum('activo','baja','suspendido') CHARACTER SET utf8mb4 COLLATE utf8mb4_general_ci NOT NULL DEFAULT 'activo',
  `empresa_nombre` varchar(120) CHARACTER SET utf8mb4 COLLATE utf8mb4_general_ci NULL DEFAULT NULL,
  `updated_at` datetime NOT NULL DEFAULT CURRENT_TIMESTAMP ON UPDATE CURRENT_TIMESTAMP,
  `created_at` datetime NOT NULL DEFAULT CURRENT_TIMESTAMP,
  PRIMARY KEY (`empleado_id`) USING BTREE,
  UNIQUE INDEX `uq_emp_empresa_noemp_rfc`(`empresa_id`, `no_emp`, `rfc_base`) USING BTREE,
  INDEX `idx_emp_rfc`(`rfc_base`) USING BTREE,
  INDEX `idx_emp_estatus`(`empresa_id`, `estatus`) USING BTREE,
  INDEX `fk_emp_unidad`(`unidad_id`) USING BTREE,
  INDEX `fk_emp_ads`(`adscripcion_id`) USING BTREE,
  INDEX `fk_emp_puesto`(`puesto_id`) USING BTREE,
  INDEX `idx_emp_ct`(`empresa_id`, `centro_trabajo_id`) USING BTREE,
  CONSTRAINT `fk_emp_ads` FOREIGN KEY (`adscripcion_id`) REFERENCES `org_adscripciones` (`adscripcion_id`) ON DELETE SET NULL ON UPDATE CASCADE,
  CONSTRAINT `fk_emp_empresa` FOREIGN KEY (`empresa_id`) REFERENCES `empresas` (`empresa_id`) ON DELETE CASCADE ON UPDATE CASCADE,
  CONSTRAINT `fk_emp_puesto` FOREIGN KEY (`puesto_id`) REFERENCES `org_puestos` (`puesto_id`) ON DELETE SET NULL ON UPDATE CASCADE,
  CONSTRAINT `fk_emp_unidad` FOREIGN KEY (`unidad_id`) REFERENCES `org_unidades` (`unidad_id`) ON DELETE SET NULL ON UPDATE CASCADE
) ENGINE = InnoDB AUTO_INCREMENT = 6259 CHARACTER SET = utf8mb4 COLLATE = utf8mb4_general_ci ROW_FORMAT = Dynamic;

-- ----------------------------
-- Records of empleados
-- ----------------------------
INSERT INTO `empleados` VALUES (5526, 1, '5526', 'CADJ780408', 'CADJ780408HDFRMN09', 'JUAN ANTONIO', 'CARDENAS', 'DOMINGUEZ', 1, 'jcardenas@fhmex.com.mx', '5555555555', 'empleados_fotos/empresa_1/emp_5526.png', 1, NULL, NULL, '1', '2025-10-17', NULL, 1, 'INDETERMINADO', '15', 'RECURSOS HUMANOS', 'HP46', 'SUBDIRECTOR DE RH', 1008, 'FH CORPORATIVO DESP 701', 'ANGEL ALBARRAN', 500.00, 12345.00, 'activo', NULL, '2026-01-06 18:05:35', '2025-12-23 16:50:34');
INSERT INTO `empleados` VALUES (6093, 2, '3298', 'MEMM991009', 'MEMM991009MMCJNT09', 'MITZY YAHEL', 'MEJIA', 'MONROY', 1, NULL, NULL, NULL, 1, NULL, NULL, NULL, '2024-01-15', '2024-01-17', 2, 'INDETERMINADO', 'HP6', 'VALIDACION', 'HP46', 'ANALISTA DE VALIDACION', 3000, 'SAN MATEO-HEPTAPHARMA', 'VIOLETA RAMIREZ TREJO', 4981.11, 149445.15, 'activo', NULL, '2026-01-06 18:06:04', '2025-12-23 16:50:19');
INSERT INTO `empleados` VALUES (6094, 2, '3301', 'EUBJ010804', 'EUBJ010804HMCDRNA5', 'JUAN CARLOS', 'EDUARDO', 'BORBOLLON', 1, NULL, NULL, NULL, 1, NULL, NULL, NULL, '2024-01-17', NULL, 2, 'INDETERMINADO', 'HP7', 'MANTENIMIENTO', 'HP46', 'TECNICO ELECTROMECANICO', 3000, 'SAN MATEO-HEPTAPHARMA', 'EDUARDO RODRIGUEZ RAYON', 4981.11, 149445.15, 'activo', NULL, '2026-01-06 18:06:04', '2025-12-23 15:54:22');
INSERT INTO `empleados` VALUES (6095, 2, '3310', 'FOLO690620', 'FOLO690620HDGLST03', 'OTILIO', 'FLORES', 'LISARRAGA', 1, NULL, NULL, NULL, 1, NULL, NULL, NULL, '2024-01-29', NULL, 2, 'INDETERMINADO', 'HP4', 'ASEGURAMIENTO DE CALIDAD', 'HP25', 'INSPECTOR DE ASEGURAMIENTO DE CALIDAD', 3000, 'SAN MATEO-HEPTAPHARMA', 'FATIMA PATRICIA SIMG MENDOZA', 4981.11, 149445.15, 'activo', NULL, '2026-01-06 18:06:04', '2025-12-23 15:54:22');
INSERT INTO `empleados` VALUES (6096, 2, '3315', 'SAAR970815', 'SAAR970815MMCNLC01', 'ROCIO', 'SANCHEZ', 'ALMEYDA', 1, NULL, NULL, NULL, 1, NULL, NULL, NULL, '2024-02-06', NULL, 2, 'INDETERMINADO', 'HP6', 'VALIDACION', 'HP9', 'ANALISTA DE VALIDACION', 3000, 'SAN MATEO-HEPTAPHARMA', 'VIOLETA RAMIREZ TREJO', 4981.11, 149445.15, 'activo', NULL, '2026-01-06 18:06:04', '2025-12-23 15:54:22');
INSERT INTO `empleados` VALUES (6097, 2, '3320', 'GAOA770108', 'GAOA770108MMCRRZ08', 'AZUCENA', 'GARCIA', 'ORTIZ', 1, NULL, NULL, NULL, 1, NULL, NULL, NULL, '2024-02-08', NULL, 2, 'INDETERMINADO', 'HP9', 'FABRICACION', 'HP84', 'OPERADOR C', 3000, 'SAN MATEO-HEPTAPHARMA', 'SALVADOR MELO REYES', 4981.11, 149445.15, 'activo', NULL, '2026-01-06 18:06:04', '2025-12-23 15:54:22');
INSERT INTO `empleados` VALUES (6098, 2, '3324', 'MOMG640819', 'MOMG640819MDFRRD04', 'GUADALUPE', 'MORELOS', 'MARTINEZ', 1, NULL, '0001', 'empleados_fotos/empresa_2/emp_6098.png', 1, NULL, NULL, NULL, '2024-03-04', NULL, 2, 'INDETERMINADO', 'HP9', 'FABRICACION', 'HP81', 'AYUDANTE GENERAL', 3000, 'SAN MATEO-HEPTAPHARMA', 'SALVADOR MELO REYES', 4981.12, 149445.15, 'activo', NULL, '2026-01-06 18:06:04', '2025-12-23 15:54:23');
INSERT INTO `empleados` VALUES (6099, 2, '3326', 'GARC000716', 'GARC000716MMCRSRA1', 'CARMEN ANDREA', 'GARCES', 'ROSALES', 1, NULL, NULL, NULL, 1, NULL, NULL, NULL, '2024-10-11', NULL, 2, 'INDETERMINADO', 'HP5', 'CONTROL DE CALIDAD', 'HP3', 'ANALISTA DE CONTROL MICROBIOLOGICO', 3000, 'SAN MATEO-HEPTAPHARMA', 'VIOLETA RAMIREZ TREJO', 4981.12, 149445.15, 'activo', NULL, '2026-01-06 18:06:04', '2025-12-23 15:54:23');
INSERT INTO `empleados` VALUES (6100, 2, '3333', 'CAAN970205', 'CAAN970205MMCHNN07', 'NANCY CECILIA', 'CHAVEZ', 'ANZALDO', 1, NULL, NULL, NULL, 1, NULL, NULL, NULL, '2024-03-19', NULL, 2, 'INDETERMINADO', 'HP9', 'FABRICACION', 'HP83', 'OPERADOR B', 3000, 'SAN MATEO-HEPTAPHARMA', 'SALVADOR MELO REYES', 4981.12, 149445.15, 'activo', NULL, '2026-01-06 18:06:04', '2025-12-23 15:54:23');
INSERT INTO `empleados` VALUES (6101, 2, '3335', 'MEAD870723', 'MEAD870723MMCJLN04', 'DIANA', 'MEJIA', 'ALBARRAN', 1, NULL, NULL, NULL, 1, NULL, NULL, NULL, '2024-03-20', NULL, 2, 'INDETERMINADO', 'HP9', 'FABRICACION', 'HP85', 'OPERADOR D', 3000, 'SAN MATEO-HEPTAPHARMA', 'SALVADOR MELO REYES', 4981.12, 149445.15, 'activo', NULL, '2026-01-06 18:06:04', '2025-12-23 15:54:23');
INSERT INTO `empleados` VALUES (6102, 2, '3338', 'HEZK011005', 'HEZK011005MMCRRLA3', 'KELLY', 'HERNANDEZ', 'ZARCO', 1, NULL, NULL, NULL, 1, NULL, NULL, NULL, '2024-04-01', NULL, 2, 'INDETERMINADO', 'HP4', 'ASEGURAMIENTO DE CALIDAD', 'HP25', 'INSPECTOR DE ASEGURAMIENTO DE CALIDAD', 3000, 'SAN MATEO-HEPTAPHARMA', 'FATIMA PATRICIA SIMG MENDOZA', 4981.12, 149445.16, 'activo', NULL, '2026-01-06 18:06:04', '2025-12-23 15:54:23');
INSERT INTO `empleados` VALUES (6103, 2, '3342', 'REAA970618', 'REAA970618MMCYLR08', 'ARACELI', 'REYES', 'ALVARADO', 1, NULL, NULL, NULL, 1, NULL, NULL, NULL, '2024-04-17', NULL, 2, 'INDETERMINADO', 'HP9', 'FABRICACION', 'HP84', 'OPERADOR C', 3000, 'SAN MATEO-HEPTAPHARMA', 'SALVADOR MELO REYES', 4981.12, 149445.16, 'activo', NULL, '2026-01-06 18:06:04', '2025-12-23 15:54:23');
INSERT INTO `empleados` VALUES (6104, 2, '3344', 'RECE970823', 'RECE970823HMCYLL00', 'ELEAZAR', 'REYES', 'CLEMENTE', 1, NULL, NULL, NULL, 1, NULL, NULL, NULL, '2024-04-22', NULL, 2, 'INDETERMINADO', 'HP6', 'VALIDACION', 'HP9', 'ANALISTA DE VALIDACION', 3000, 'SAN MATEO-HEPTAPHARMA', 'VIOLETA RAMIREZ TREJO', 4981.12, 149445.16, 'activo', NULL, '2026-01-06 18:06:04', '2025-12-23 15:54:23');
INSERT INTO `empleados` VALUES (6105, 2, '3345', 'HEMI050730', 'HEMI050730MMCRTTA0', 'ITZEL BETZABE', 'HERNANDEZ', 'MATIAS', 1, NULL, NULL, NULL, 1, NULL, NULL, NULL, '2024-04-24', NULL, 2, 'INDETERMINADO', 'HP9', 'FABRICACION', 'HP81', 'AYUDANTE GENERAL', 3000, 'SAN MATEO-HEPTAPHARMA', 'SALVADOR MELO REYES', 4981.12, 149445.16, 'activo', NULL, '2026-01-06 18:06:04', '2025-12-23 15:54:23');
INSERT INTO `empleados` VALUES (6106, 2, '3353', 'CESM720722', 'CESM720722MPLBLG02', 'MARIA MAGDALENA', 'CEBADA', 'SALAMANCA', 1, NULL, NULL, NULL, 1, NULL, NULL, NULL, '2024-04-26', NULL, 2, 'INDETERMINADO', 'HP7', 'MANTENIMIENTO', 'HP15', 'AUXILIAR DE LIMPIEZA DE SERVICIOS GENERALES', 3000, 'SAN MATEO-HEPTAPHARMA', 'EDUARDO RODRIGUEZ RAYON', 4981.12, 149445.16, 'activo', NULL, '2026-01-06 18:06:04', '2025-12-23 15:54:23');
INSERT INTO `empleados` VALUES (6107, 2, '3360', 'MORL950305', 'MORL950305MMCRSL06', 'LILIANA', 'MORALES', 'ROSAS', 1, NULL, NULL, NULL, 1, NULL, NULL, NULL, '2024-05-03', NULL, 2, 'INDETERMINADO', 'HP4', 'ASEGURAMIENTO DE CALIDAD', 'HP4', 'ANALISTA DE DOCUMENTACION', 3000, 'SAN MATEO-HEPTAPHARMA', 'FATIMA PATRICIA SIMG MENDOZA', 4981.12, 149445.16, 'activo', NULL, '2026-01-06 18:06:04', '2025-12-23 15:54:24');
INSERT INTO `empleados` VALUES (6108, 2, '3364', 'RIAD720909', 'RIAD720909MMCXLR01', 'DOROTEA', 'DEL RIO', 'ALBARRAN', 1, NULL, NULL, NULL, 1, NULL, NULL, NULL, '2024-05-06', NULL, 2, 'INDETERMINADO', 'HP9', 'FABRICACION', 'HP81', 'AYUDANTE GENERAL', 3000, 'SAN MATEO-HEPTAPHARMA', 'SALVADOR MELO REYES', 4981.13, 149445.16, 'activo', NULL, '2026-01-06 18:06:04', '2025-12-23 15:54:24');
INSERT INTO `empleados` VALUES (6109, 2, '3366', 'DIEM801122', 'DIEM801122MMCSNN05', 'MINERVA', 'DIOSDADO', 'ENRIQUEZ', 1, NULL, NULL, NULL, 1, NULL, NULL, NULL, '2024-05-08', NULL, 2, 'INDETERMINADO', 'HP9', 'FABRICACION', 'HP83', 'OPERADOR B', 3000, 'SAN MATEO-HEPTAPHARMA', 'SALVADOR MELO REYES', 4981.13, 149445.16, 'activo', NULL, '2026-01-06 18:06:04', '2025-12-23 15:54:24');
INSERT INTO `empleados` VALUES (6110, 2, '3367', 'POVE701225', 'POVE701225MMCRLV06', 'EVANGELINA', 'PORCAYO', 'VALENCIA', 1, NULL, NULL, NULL, 1, NULL, NULL, NULL, '2024-05-08', NULL, 2, 'INDETERMINADO', 'HP9', 'FABRICACION', 'HP81', 'AYUDANTE GENERAL', 3000, 'SAN MATEO-HEPTAPHARMA', 'SALVADOR MELO REYES', 4981.13, 149445.16, 'activo', NULL, '2026-01-06 18:06:04', '2025-12-23 15:54:24');
INSERT INTO `empleados` VALUES (6111, 2, '3371', 'GOVJ960423', 'GOVJ960423HMCNLR00', 'JORGE LUIS', 'GONZALEZ', 'VALENCIA', 1, NULL, NULL, NULL, 1, NULL, NULL, NULL, '2024-05-09', NULL, 2, 'INDETERMINADO', 'HP9', 'FABRICACION', 'HP85', 'OPERADOR D', 3000, 'SAN MATEO-HEPTAPHARMA', 'SALVADOR MELO REYES', 4981.13, 149445.16, 'activo', NULL, '2026-01-06 18:06:04', '2025-12-23 15:54:24');
INSERT INTO `empleados` VALUES (6112, 2, '3372', 'AAGA990318', 'AAGA990318HMCLDL04', 'ALDAIR', 'ALVA', 'GUADARRAMA', 1, NULL, NULL, NULL, 1, NULL, NULL, NULL, '2024-05-13', NULL, 2, 'INDETERMINADO', 'HP9', 'FABRICACION', 'HP84', 'OPERADOR C', 3000, 'SAN MATEO-HEPTAPHARMA', 'SALVADOR MELO REYES', 4981.13, 149445.17, 'activo', NULL, '2026-01-06 18:06:04', '2025-12-23 15:54:24');
INSERT INTO `empleados` VALUES (6113, 2, '3373', 'COSR870522', 'COSR870522MGRRLT09', 'RITA', 'CORTEZ', 'SALAS', 1, NULL, NULL, NULL, 1, NULL, NULL, NULL, '2024-05-13', NULL, 2, 'INDETERMINADO', 'HP9', 'FABRICACION', 'HP81', 'AYUDANTE GENERAL', 3000, 'SAN MATEO-HEPTAPHARMA', 'SALVADOR MELO REYES', 4981.13, 149445.17, 'activo', NULL, '2026-01-06 18:06:04', '2025-12-23 15:54:24');
INSERT INTO `empleados` VALUES (6114, 2, '3382', 'VIRR041020', 'VIRR041020MMCLYTA9', 'RUTH JAZMIN', 'VILLEGAS', 'REYES', 1, NULL, NULL, NULL, 1, NULL, NULL, NULL, '2024-05-20', NULL, 2, 'INDETERMINADO', 'HP9', 'FABRICACION', 'HP81', 'AYUDANTE GENERAL', 3000, 'SAN MATEO-HEPTAPHARMA', 'SALVADOR MELO REYES', 4981.13, 149445.17, 'activo', NULL, '2026-01-06 18:06:04', '2025-12-23 15:54:24');
INSERT INTO `empleados` VALUES (6115, 2, '3383', 'CADS991211', 'CADS991211MMCSZN05', 'SANDRA GUADALUPE', 'CASIMIRO', 'DIAZ', 1, NULL, NULL, NULL, 1, NULL, NULL, NULL, '2024-05-24', NULL, 2, 'INDETERMINADO', 'HP9', 'FABRICACION', 'HP81', 'AYUDANTE GENERAL', 3000, 'SAN MATEO-HEPTAPHARMA', 'SALVADOR MELO REYES', 4981.13, 149445.17, 'activo', NULL, '2026-01-06 18:06:04', '2025-12-23 15:54:25');
INSERT INTO `empleados` VALUES (6116, 2, '3384', 'DANJ990227', 'DANJ990227HMCVVR01', 'JORGE', 'DAVILA', 'NAVA', 1, NULL, NULL, NULL, 1, NULL, NULL, NULL, '2025-10-07', NULL, 1, 'DETERMINADO', 'HP12', 'METROLOGIA', 'HP73', 'QUIMICO DE METROLOGIA', 3000, 'SAN MATEO-HEPTAPHARMA', NULL, 4981.13, 149445.17, 'activo', NULL, '2026-01-06 18:06:04', '2025-12-23 15:54:25');
INSERT INTO `empleados` VALUES (6117, 2, '3386', 'ZAPK890303', 'ZAPK890303MDFRRR04', 'KARINA', 'ZARATE', 'PEREZ', 1, NULL, NULL, NULL, 1, NULL, NULL, NULL, '2024-05-27', NULL, 2, 'INDETERMINADO', 'HP6', 'VALIDACION', 'HP9', 'ANALISTA DE VALIDACION', 3000, 'SAN MATEO-HEPTAPHARMA', 'VIOLETA RAMIREZ TREJO', 4981.13, 149445.17, 'activo', NULL, '2026-01-06 18:06:04', '2025-12-23 15:54:25');
INSERT INTO `empleados` VALUES (6118, 2, '3392', 'VIGJ620808', 'VIGJ620808HDFYRN04', 'JUAN', 'VIEYRA', 'GARCIA', 1, NULL, NULL, NULL, 1, NULL, NULL, NULL, '2024-05-31', NULL, 2, 'INDETERMINADO', 'HP9', 'FABRICACION', 'HP81', 'AYUDANTE GENERAL', 3000, 'SAN MATEO-HEPTAPHARMA', 'SALVADOR MELO REYES', 4981.14, 149445.17, 'activo', NULL, '2026-01-06 18:06:04', '2025-12-23 15:54:25');
INSERT INTO `empleados` VALUES (6119, 2, '3394', 'FARR931017', 'FARR931017MMCRVS05', 'ROSA ISABEL', 'FRANCISCO', 'RIVERA', 1, NULL, NULL, NULL, 1, NULL, NULL, NULL, '2024-06-03', NULL, 2, 'INDETERMINADO', 'HP12', 'METROLOGIA', 'HP73', 'QUIMICO DE METROLOGIA', 3000, 'SAN MATEO-HEPTAPHARMA', 'VIOLETA RAMIREZ TREJO', 4981.14, 149445.17, 'activo', NULL, '2026-01-06 18:06:04', '2025-12-23 15:54:25');
INSERT INTO `empleados` VALUES (6120, 2, '3399', 'MOGC941001', 'MOGC941001MMCNNR01', 'CAROLINA', 'MONTELLANO', 'GONZALEZ', 1, NULL, NULL, NULL, 1, NULL, NULL, NULL, '2024-06-07', NULL, 2, 'INDETERMINADO', 'HP9', 'FABRICACION', 'HP81', 'AYUDANTE GENERAL', 3000, 'SAN MATEO-HEPTAPHARMA', 'SALVADOR MELO REYES', 4981.14, 149445.17, 'activo', NULL, '2026-01-06 18:06:04', '2025-12-23 15:54:25');
INSERT INTO `empleados` VALUES (6121, 2, '3400', 'JUBP920311', 'JUBP920311MMCRLL02', 'PALOMA', 'JUAREZ', 'BELTRAN', 1, NULL, NULL, NULL, 1, NULL, NULL, NULL, '2024-06-07', NULL, 2, 'INDETERMINADO', 'HP9', 'FABRICACION', 'HP81', 'AYUDANTE GENERAL', 3000, 'SAN MATEO-HEPTAPHARMA', 'SALVADOR MELO REYES', 4981.14, 149445.17, 'activo', NULL, '2026-01-06 18:06:04', '2025-12-23 15:54:25');
INSERT INTO `empleados` VALUES (6122, 2, '3404', 'VEEX021221', 'VEEX021221MMCLSMA4', 'XIMENA', 'VELAZQUEZ', 'ESQUIVEL', 1, NULL, NULL, NULL, 1, NULL, NULL, NULL, '2024-06-12', NULL, 2, 'INDETERMINADO', 'HP4', 'ASEGURAMIENTO DE CALIDAD', 'HP6', 'ANALISTA DE SISTEMA DE CALIDAD', 3000, 'SAN MATEO-HEPTAPHARMA', 'FATIMA PATRICIA SIMG MENDOZA', 4981.14, 149445.18, 'activo', NULL, '2026-01-06 18:06:04', '2025-12-23 15:54:25');
INSERT INTO `empleados` VALUES (6123, 2, '3405', 'AAVD020712', 'AAVD020712HMCLLGA3', 'DIEGO', 'ALBARRAN', 'VALLEJO', 1, NULL, NULL, NULL, 1, NULL, NULL, NULL, '2024-06-12', NULL, 2, 'INDETERMINADO', 'HP9', 'FABRICACION', 'HP84', 'OPERADOR C', 3000, 'SAN MATEO-HEPTAPHARMA', 'SALVADOR MELO REYES', 4981.14, 149445.18, 'activo', NULL, '2026-01-06 18:06:04', '2025-12-23 15:54:26');
INSERT INTO `empleados` VALUES (6124, 2, '3406', 'MAGF860625', 'MAGF860625HMCRRL05', 'FELIPE', 'MARTINEZ', 'GARCIA', 1, NULL, NULL, NULL, 1, NULL, NULL, NULL, '2024-06-12', NULL, 2, 'INDETERMINADO', 'HP9', 'FABRICACION', 'HP85', 'OPERADOR D', 3000, 'SAN MATEO-HEPTAPHARMA', 'SALVADOR MELO REYES', 4981.14, 149445.18, 'activo', NULL, '2026-01-06 18:06:04', '2025-12-23 15:54:26');
INSERT INTO `empleados` VALUES (6125, 2, '3407', 'VAAA961130', 'VAAA961130MMCLGN07', 'ANDREA BERENICE', 'VALDEZ', 'AGUIRRE', 1, NULL, NULL, NULL, 1, NULL, NULL, NULL, '2024-06-12', NULL, 2, 'INDETERMINADO', 'HP9', 'FABRICACION', 'HP81', 'AYUDANTE GENERAL', 3000, 'SAN MATEO-HEPTAPHARMA', 'SALVADOR MELO REYES', 4981.14, 149445.18, 'activo', NULL, '2026-01-06 18:06:04', '2025-12-23 15:54:26');
INSERT INTO `empleados` VALUES (6126, 2, '3409', 'MEEJ970128', 'MEEJ970128MMCNSL01', 'JULIANA', 'MENDEZ', 'ESCUTIA', 1, NULL, NULL, NULL, 1, NULL, NULL, NULL, '2024-06-14', NULL, 2, 'INDETERMINADO', 'HP9', 'FABRICACION', 'HP85', 'OPERADOR D', 3000, 'SAN MATEO-HEPTAPHARMA', 'SALVADOR MELO REYES', 4981.14, 149445.18, 'activo', NULL, '2026-01-06 18:06:04', '2025-12-23 15:54:26');
INSERT INTO `empleados` VALUES (6127, 2, '3412', 'BERM680315', 'BERM680315MDFNSR08', 'MERCEDES SANDRA', 'BENITEZ', 'RESENDIZ', 1, NULL, NULL, NULL, 1, NULL, NULL, NULL, '2024-06-14', NULL, 2, 'INDETERMINADO', 'HP9', 'FABRICACION', 'HP81', 'AYUDANTE GENERAL', 3000, 'SAN MATEO-HEPTAPHARMA', 'SALVADOR MELO REYES', 4981.14, 149445.18, 'activo', NULL, '2026-01-06 18:06:04', '2025-12-23 15:54:26');
INSERT INTO `empleados` VALUES (6128, 2, '3418', 'DIRD970430', 'DIRD970430MMCZMM00', 'DOMINIC', 'DIAZ', 'RAMIREZ', 1, NULL, NULL, NULL, 1, NULL, NULL, NULL, '2024-06-19', NULL, 2, 'INDETERMINADO', 'HP9', 'FABRICACION', 'HP81', 'AYUDANTE GENERAL', 3000, 'SAN MATEO-HEPTAPHARMA', 'SALVADOR MELO REYES', 4981.15, 149445.18, 'activo', NULL, '2026-01-06 18:06:04', '2025-12-23 15:54:26');
INSERT INTO `empleados` VALUES (6129, 2, '3424', 'CACM950310', 'CACM950310MPLRRR08', 'MARIANA', 'CARRETO', 'CORTES', 1, NULL, NULL, NULL, 1, NULL, NULL, NULL, '2024-06-24', NULL, 2, 'INDETERMINADO', 'HP6', 'VALIDACION', 'HP9', 'ANALISTA DE VALIDACION', 3000, 'SAN MATEO-HEPTAPHARMA', 'VIOLETA RAMIREZ TREJO', 4981.15, 149445.18, 'activo', NULL, '2026-01-06 18:06:04', '2025-12-23 15:54:26');
INSERT INTO `empleados` VALUES (6130, 2, '3426', 'VAAA910726', 'VAAA910726MMCLGN04', 'ANA LUISA', 'VALDEZ', 'AGUIRRE', 1, NULL, NULL, NULL, 1, NULL, NULL, NULL, '2024-07-05', NULL, 2, 'INDETERMINADO', 'HP9', 'FABRICACION', 'HP81', 'AYUDANTE GENERAL', 3000, 'SAN MATEO-HEPTAPHARMA', 'SALVADOR MELO REYES', 4981.15, 149445.18, 'activo', NULL, '2026-01-06 18:06:04', '2025-12-23 15:54:26');
INSERT INTO `empleados` VALUES (6131, 2, '3427', 'COVE881126', 'COVE881126MMCRNL07', 'MARIA ELENA', 'CORRAL', 'VENTOLERO', 1, NULL, NULL, NULL, 1, NULL, NULL, NULL, '2024-07-05', NULL, 2, 'INDETERMINADO', 'HP9', 'FABRICACION', 'HP82', 'OPERADOR A', 3000, 'SAN MATEO-HEPTAPHARMA', 'SALVADOR MELO REYES', 4981.15, 149445.18, 'activo', NULL, '2026-01-06 18:06:04', '2025-12-23 15:54:26');
INSERT INTO `empleados` VALUES (6132, 2, '3429', 'GOFY950517', 'GOFY950517MMCNLS05', 'YESENIA GUADALUPE', 'GONZALEZ', 'FLORES', 1, NULL, NULL, NULL, 1, NULL, NULL, NULL, '2024-07-08', NULL, 2, 'INDETERMINADO', 'HP5', 'CONTROL DE CALIDAD', 'HP4', 'ANALISTA DE DOCUMENTACION', 3000, 'SAN MATEO-HEPTAPHARMA', 'VIOLETA RAMIREZ TREJO', 4981.15, 149445.19, 'activo', NULL, '2026-01-06 18:06:04', '2025-12-23 15:54:27');
INSERT INTO `empleados` VALUES (6133, 2, '3430', 'PORN980523', 'PORN980523HMCRDL05', 'NOEL ALBERTO', 'PORCAYO', 'RODRIGUEZ', 1, NULL, NULL, NULL, 1, NULL, NULL, NULL, '2024-07-08', NULL, 2, 'INDETERMINADO', 'HP7', 'MANTENIMIENTO', 'HP52', 'TECNICO DE AREAS ASEPTICAS', 3000, 'SAN MATEO-HEPTAPHARMA', 'EDUARDO RODRIGUEZ RAYON', 4981.15, 149445.19, 'activo', NULL, '2026-01-06 18:06:04', '2025-12-23 15:54:27');
INSERT INTO `empleados` VALUES (6134, 2, '3437', 'TEGA750122', 'TEGA750122MMCRRL07', 'MARIA ALICIA', 'TERCERO', 'GUERRERO', 1, NULL, NULL, NULL, 1, NULL, NULL, NULL, '2024-07-12', NULL, 2, 'INDETERMINADO', 'HP9', 'FABRICACION', 'HP84', 'OPERADOR C', 3000, 'SAN MATEO-HEPTAPHARMA', 'SALVADOR MELO REYES', 4981.15, 149445.19, 'activo', NULL, '2026-01-06 18:06:04', '2025-12-23 15:54:27');
INSERT INTO `empleados` VALUES (6135, 2, '3438', 'GAOF780115', 'GAOF780115MMCRRB02', 'FABIOLA', 'GARCIA', 'ORTIZ', 1, NULL, NULL, NULL, 1, NULL, NULL, NULL, '2024-07-12', NULL, 2, 'INDETERMINADO', 'HP9', 'FABRICACION', 'HP81', 'AYUDANTE GENERAL', 3000, 'SAN MATEO-HEPTAPHARMA', 'SALVADOR MELO REYES', 4981.15, 149445.19, 'activo', NULL, '2026-01-06 18:06:04', '2025-12-23 15:54:27');
INSERT INTO `empleados` VALUES (6136, 2, '3442', 'MAMM820722', 'MAMM820722MMCTRR01', 'MIREYA', 'MATIAS', 'MARTINEZ', 1, NULL, NULL, NULL, 1, NULL, NULL, NULL, '2024-07-17', NULL, 2, 'INDETERMINADO', 'HP9', 'FABRICACION', 'HP81', 'AYUDANTE GENERAL', 3000, 'SAN MATEO-HEPTAPHARMA', 'SALVADOR MELO REYES', 4981.15, 149445.19, 'activo', NULL, '2026-01-06 18:06:04', '2025-12-23 15:54:27');
INSERT INTO `empleados` VALUES (6137, 2, '3446', 'GAME831229', 'GAME831229MDFRLS06', 'MARIA ESTHER', 'GARCIA', 'MALAGON', 1, NULL, NULL, NULL, 1, NULL, NULL, NULL, '2024-07-24', NULL, 2, 'INDETERMINADO', 'HP5', 'CONTROL DE CALIDAD', 'HP13', 'AUXILIAR DE LABORATORIO', 3000, 'SAN MATEO-HEPTAPHARMA', 'VIOLETA RAMIREZ TREJO', 4981.15, 149445.19, 'activo', NULL, '2026-01-06 18:06:04', '2025-12-23 15:54:27');
INSERT INTO `empleados` VALUES (6138, 2, '3447', 'RIVM971219', 'RIVM971219MDFSLT00', 'MITZI PAOLA', 'RIOS', 'VILLAZANA', 1, NULL, NULL, NULL, 1, NULL, NULL, NULL, '2024-07-31', NULL, 2, 'INDETERMINADO', 'HP7', 'MANTENIMIENTO', 'HP77', 'TECNICO DE DOCUMENTACION', 3000, 'SAN MATEO-HEPTAPHARMA', 'EDUARDO RODRIGUEZ RAYON', 4981.16, 149445.19, 'activo', NULL, '2026-01-06 18:06:04', '2025-12-23 15:54:27');
INSERT INTO `empleados` VALUES (6139, 2, '3449', 'FOOJ901028', 'FOOJ901028HDFLSV06', 'JAVIER', 'FLORES', 'OSORIO', 1, NULL, NULL, NULL, 1, NULL, NULL, NULL, '2024-08-02', NULL, 2, 'INDETERMINADO', 'HP11', 'ASUNTOS REGULATORIOS', 'HP66', 'QUIMICO DE FARMACOVIGILANCIA', 3000, 'SAN MATEO-HEPTAPHARMA', 'VIOLETA RAMIREZ TREJO', 4981.16, 149445.19, 'activo', NULL, '2026-01-06 18:06:04', '2025-12-23 15:54:27');
INSERT INTO `empleados` VALUES (6140, 2, '3450', 'SIMF940126', 'SIMF940126MMCMNT08', 'FATIMA PATRICIA', 'SIMG', 'MENDOZA', 1, NULL, NULL, NULL, 1, NULL, NULL, NULL, '2024-08-05', NULL, 2, 'INDETERMINADO', 'HP4', 'ASEGURAMIENTO DE CALIDAD', 'HP27', 'JEFE DE ASEGURAMIENTO DE CALIDAD', 3000, 'SAN MATEO-HEPTAPHARMA', 'VIOLETA RAMIREZ TREJO', 4981.16, 149445.19, 'activo', NULL, '2026-01-06 18:06:04', '2025-12-23 15:54:28');
INSERT INTO `empleados` VALUES (6141, 2, '3451', 'GARJ991020', 'GARJ991020HMCRSM00', 'JAIME NICOLAS', 'GARCIA', 'ROSALES', 1, NULL, NULL, NULL, 1, NULL, NULL, NULL, '2024-08-05', NULL, 2, 'INDETERMINADO', 'HP5', 'CONTROL DE CALIDAD', 'HP4', 'ANALISTA DE DOCUMENTACION', 3000, 'SAN MATEO-HEPTAPHARMA', 'VIOLETA RAMIREZ TREJO', 4981.16, 149445.19, 'activo', NULL, '2026-01-06 18:06:04', '2025-12-23 15:54:28');
INSERT INTO `empleados` VALUES (6142, 3, '0004', 'GADE760221', 'GADE760221MMCRRS06', 'ESMERALDA', 'GARCIA', 'DURAN', 1, NULL, NULL, NULL, 1, NULL, NULL, NULL, '2018-09-18', NULL, 2, 'INDETERMINADO', 'AL2', 'COMPRAS', 'AL2', 'JEFE DE COMPRAS', 4000, 'SAN MATEO-ALUTUB', 'BENILDE MARIA GONZALEZ FERNANDEZ', 4981.34, 149445.37, 'activo', NULL, '2026-01-06 18:06:04', '2025-12-23 15:54:28');
INSERT INTO `empleados` VALUES (6143, 3, '0011', 'REBJ850406', 'REBJ850406HMCYRN04', 'JUAN CARLOS', 'REYES', 'BARRETERO', 1, NULL, NULL, NULL, 1, NULL, NULL, NULL, '2016-03-16', NULL, 2, 'INDETERMINADO', 'AL6', 'PRODUCCION', 'AL32', 'GERENTE DE PLANTA', 4000, 'SAN MATEO-ALUTUB', 'BENILDE MARIA GONZALEZ FERNANDEZ', 4981.34, 149445.38, 'activo', NULL, '2026-01-06 18:06:04', '2025-12-23 15:54:28');
INSERT INTO `empleados` VALUES (6144, 3, '0015', 'GOPR950222', 'GOPR950222HMCMCC04', 'RICARDO', 'GOMEZ', 'PICHARDO', 1, NULL, NULL, NULL, 1, NULL, NULL, NULL, '2019-04-22', NULL, 2, 'INDETERMINADO', 'AL5', 'MANTENIMIENTO', 'AL6', 'JEFE DE MANTENIMIENTO', 4000, 'SAN MATEO-ALUTUB', 'JUAN CARLOS REYES BARRETERO', 4981.34, 149445.38, 'activo', NULL, '2026-01-06 18:06:04', '2025-12-23 15:54:28');
INSERT INTO `empleados` VALUES (6145, 3, '0016', 'VIGO991024', 'VIGO991024HMCLMS04', 'OSCAR', 'VILLANUEVA', 'GOMEZ', 1, NULL, NULL, NULL, 1, NULL, NULL, NULL, '2019-12-03', NULL, 2, 'INDETERMINADO', 'AL6', 'PRODUCCION', 'AL10', 'OPERADOR DE PRENSA', 4000, 'SAN MATEO-ALUTUB', 'JUAN CARLOS REYES BARRETERO', 4981.34, 149445.38, 'activo', NULL, '2026-01-06 18:06:04', '2025-12-23 15:54:28');
INSERT INTO `empleados` VALUES (6146, 3, '0022', 'TOAE921115', 'TOAE921115HMCRLD00', 'EDGAR EVERARDO', 'TORRES', 'ALVAREZ', 1, NULL, NULL, NULL, 1, NULL, NULL, NULL, '2018-04-02', NULL, 2, 'INDETERMINADO', 'AL6', 'PRODUCCION', 'AL3', 'SUPERVISOR DE PRODUCCION', 4000, 'SAN MATEO-ALUTUB', 'JUAN CARLOS REYES BARRETERO', 4981.34, 149445.38, 'activo', NULL, '2026-01-06 18:06:04', '2025-12-23 15:54:28');
INSERT INTO `empleados` VALUES (6147, 3, '0023', 'AOAD830507', 'AOAD830507HMCNLN01', 'DANIEL', 'ANTONIO', 'ALMEYDA', 1, NULL, NULL, NULL, 1, NULL, NULL, NULL, '2018-04-23', NULL, 2, 'INDETERMINADO', 'AL6', 'PRODUCCION', 'AL3', 'SUPERVISOR DE PRODUCCION', 4000, 'SAN MATEO-ALUTUB', 'JUAN CARLOS REYES BARRETERO', 4981.34, 149445.38, 'activo', NULL, '2026-01-06 18:06:04', '2025-12-23 15:54:28');
INSERT INTO `empleados` VALUES (6148, 3, '0024', 'JIPL790817', 'JIPL790817HMCMLS02', 'JOSE LUIS', 'JIMENEZ', 'PALMA', 1, NULL, NULL, NULL, 1, NULL, NULL, NULL, '2019-03-13', NULL, 2, 'INDETERMINADO', 'AL6', 'PRODUCCION', 'AL10', 'OPERADOR DE PRENSA', 4000, 'SAN MATEO-ALUTUB', 'JUAN CARLOS REYES BARRETERO', 4981.34, 149445.38, 'activo', NULL, '2026-01-06 18:06:04', '2025-12-23 15:54:29');
INSERT INTO `empleados` VALUES (6149, 3, '0028', 'BASH820608', 'BASH820608MGRHLR08', 'HERALIA', 'BAHENA', 'SILVA', 1, NULL, NULL, NULL, 1, NULL, NULL, NULL, '2018-11-13', NULL, 2, 'INDETERMINADO', 'AL13', 'CONTROL ESTADISTICO DE LA CALIDAD', 'AL29', 'REVISADOR DE PROCESO', 4000, 'SAN MATEO-ALUTUB', 'OMAR ANTONIO CASTAÑEDA JIMENEZ', 4981.35, 149445.38, 'activo', NULL, '2026-01-06 18:06:04', '2025-12-23 15:54:29');
INSERT INTO `empleados` VALUES (6150, 3, '0033', 'GOCJ880929', 'GOCJ880929HDFNSR02', 'JORGE FRANCISCO', 'GONZALEZ', 'CASTELLANOS', 1, NULL, NULL, NULL, 1, NULL, NULL, NULL, '2020-03-17', NULL, 2, 'INDETERMINADO', 'AL13', 'CONTROL ESTADISTICO DE LA CALIDAD', 'AL29', 'REVISADOR DE PROCESO', 4000, 'SAN MATEO-ALUTUB', 'OMAR ANTONIO CASTAÑEDA JIMENEZ', 4981.35, 149445.38, 'activo', NULL, '2026-01-06 18:06:04', '2025-12-23 15:54:29');
INSERT INTO `empleados` VALUES (6151, 3, '0040', 'FEPL960218', 'FEPL960218MMCLRZ06', 'LIZETH', 'FELICIANO', 'PUERTA', 1, NULL, NULL, NULL, 1, NULL, NULL, NULL, '2020-10-05', NULL, 2, 'INDETERMINADO', 'AL3', 'CONTROL ESTADISTICO DE LA CALIDAD', 'AL17', 'INSPECTOR DE PRODUCTO TERMINADO Y MATERIA PRIMA', 4000, 'SAN MATEO-ALUTUB', 'OMAR ANTONIO CASTAÑEDA JIMENEZ', 4981.35, 149445.38, 'activo', NULL, '2026-01-06 18:06:04', '2025-12-23 15:54:29');
INSERT INTO `empleados` VALUES (6152, 3, '0051', 'GOGC681014', 'GOGC681014HJCMNF07', 'CEFERINO', 'GOMEZ', 'GONZALEZ', 1, NULL, NULL, NULL, 1, NULL, NULL, NULL, '2021-01-01', NULL, 4, 'ASIMILADOS', 'AL9', 'ADMINISTRACION', 'ASIM', 'ASIMILADOS', 4001, 'ASIMILADOS-ALUTUB', NULL, 4981.35, 149445.38, 'activo', NULL, '2026-01-06 18:06:04', '2025-12-23 15:54:29');
INSERT INTO `empleados` VALUES (6153, 3, '0052', 'GOFF711124', 'GOFF711124HTSNRL02', 'FELIPE', 'GONZALEZ', 'FERNANDEZ', 1, NULL, NULL, NULL, 1, NULL, NULL, NULL, '2021-01-01', NULL, 4, 'ASIMILADOS', 'AL9', 'ADMINISTRACION', 'ASIM', 'ASIMILADOS', 4001, 'ASIMILADOS-ALUTUB', NULL, 4981.35, 149445.39, 'activo', NULL, '2026-01-06 18:06:04', '2025-12-23 15:54:29');
INSERT INTO `empleados` VALUES (6154, 3, '0069', 'GOCA000818', 'GOCA000818MMCMRNA2', 'ANDREA', 'GOMEZ', 'DE LA CRUZ', 1, NULL, NULL, NULL, 1, NULL, NULL, NULL, '2021-03-16', NULL, 2, 'INDETERMINADO', 'AL3', 'CONTROL ESTADISTICO DE LA CALIDAD', 'AL18', 'INSPECTOR DE PROCESOS', 4000, 'SAN MATEO-ALUTUB', 'JUAN CARLOS REYES BARRETERO', 4981.35, 149445.39, 'activo', NULL, '2026-01-06 18:06:04', '2025-12-23 15:54:29');
INSERT INTO `empleados` VALUES (6155, 3, '0070', 'SIMJ740607', 'SIMJ740607MMCLRN08', 'JANELY', 'SILVA', 'MARTINEZ', 1, NULL, NULL, NULL, 1, NULL, NULL, NULL, '2021-03-16', NULL, 2, 'INDETERMINADO', 'AL13', 'CONTROL ESTADISTICO DE LA CALIDAD', 'AL29', 'REVISADOR DE PROCESO', 4000, 'SAN MATEO-ALUTUB', 'OMAR ANTONIO CASTAÑEDA JIMENEZ', 4981.35, 149445.39, 'activo', NULL, '2026-01-06 18:06:04', '2025-12-23 15:54:29');
INSERT INTO `empleados` VALUES (6156, 3, '0077', 'SAFG921003', 'SAFG921003HMCLLR02', 'GERARDO', 'SALAZAR', 'FLORES', 1, NULL, NULL, NULL, 1, NULL, NULL, NULL, '2021-03-26', NULL, 2, 'INDETERMINADO', 'AL6', 'PRODUCCION', 'AL10', 'OPERADOR DE PRENSA', 4000, 'SAN MATEO-ALUTUB', 'JUAN CARLOS REYES BARRETERO', 4981.35, 149445.39, 'activo', NULL, '2026-01-06 18:06:04', '2025-12-23 15:54:30');
INSERT INTO `empleados` VALUES (6157, 3, '0087', 'PAHD940902', 'PAHD940902HMCLRN02', 'JOSE DANIEL', 'PALOMARES', 'HERNANDEZ', 1, NULL, NULL, NULL, 1, NULL, NULL, NULL, '2021-04-09', NULL, 2, 'INDETERMINADO', 'AL6', 'PRODUCCION', 'AL8', 'OPERADOR DE LITOGRAFIA', 4000, 'SAN MATEO-ALUTUB', 'JOSE ANGEL REYES BARRETERO', 4981.35, 149445.39, 'activo', NULL, '2026-01-06 18:06:04', '2025-12-23 15:54:30');
INSERT INTO `empleados` VALUES (6158, 3, '0109', 'BOVS850321', 'BOVS850321HMCBLL07', 'SALVADOR', 'BOBADILLA', 'VILLARREAL', 1, NULL, NULL, NULL, 1, NULL, NULL, NULL, '2021-05-10', NULL, 2, 'INDETERMINADO', 'AL6', 'PRODUCCION', 'AL42', 'JEFE DE PRENSA', 4000, 'SAN MATEO-ALUTUB', 'JUAN CARLOS REYES BARRETERO', 4981.35, 149445.39, 'activo', NULL, '2026-01-06 18:06:04', '2025-12-23 15:54:30');
INSERT INTO `empleados` VALUES (6159, 3, '0115', 'PARM831105', 'PARM831105HMCLMR06', 'MARIO', 'PLATA', 'RAMIREZ', 1, NULL, NULL, NULL, 1, NULL, NULL, NULL, '2021-05-19', NULL, 2, 'INDETERMINADO', 'AL6', 'PRODUCCION', 'AL10', 'OPERADOR DE PRENSA', 4000, 'SAN MATEO-ALUTUB', 'JUAN CARLOS REYES BARRETERO', 4981.36, 149445.39, 'activo', NULL, '2026-01-06 18:06:04', '2025-12-23 15:54:30');
INSERT INTO `empleados` VALUES (6160, 3, '0122', 'AUGR691024', 'AUGR691024HMCRZF07', 'RAFAEL', 'ARCHUNDIA', 'GUZMAN', 1, NULL, NULL, NULL, 1, NULL, NULL, NULL, '2021-06-18', NULL, 2, 'INDETERMINADO', 'AL8', 'INGENIERIA', 'AL5', 'INGENIERIA DE PRENSA', 4000, 'SAN MATEO-ALUTUB', 'GERARDO PILAR PEREZ', 4981.36, 149445.39, 'activo', NULL, '2026-01-06 18:06:04', '2025-12-23 15:54:30');
INSERT INTO `empleados` VALUES (6161, 3, '0127', 'TOAD010512', 'TOAD010512HMCRLNA9', 'DANIEL', 'TORRES', 'ALVAREZ', 1, NULL, NULL, NULL, 1, NULL, NULL, NULL, '2021-06-30', NULL, 2, 'INDETERMINADO', 'AL6', 'PRODUCCION', 'AL10', 'OPERADOR DE PRENSA', 4000, 'SAN MATEO-ALUTUB', 'JUAN CARLOS REYES BARRETERO', 4981.36, 149445.39, 'activo', NULL, '2026-01-06 18:06:04', '2025-12-23 15:54:30');
INSERT INTO `empleados` VALUES (6162, 3, '0133', 'BEAA831118', 'BEAA831118HMCRLN03', 'ANTONIO', 'BERNAL', 'ALDAMA', 1, NULL, NULL, NULL, 1, NULL, NULL, NULL, '2021-07-05', NULL, 2, 'INDETERMINADO', 'AL8', 'INGENIERIA', 'AL31', 'INGENIERIA DE LITOGRAFIA', 4000, 'SAN MATEO-ALUTUB', 'GERARDO PILAR PEREZ', 4981.36, 149445.39, 'activo', NULL, '2026-01-06 18:06:04', '2025-12-23 15:54:30');
INSERT INTO `empleados` VALUES (6163, 3, '0139', 'PAAA870206', 'PAAA870206HMCLNR00', 'ARTURO', 'PALMA', 'ANTONIO', 1, NULL, NULL, NULL, 1, NULL, NULL, NULL, '2021-07-05', NULL, 2, 'INDETERMINADO', 'AL6', 'PRODUCCION', 'AL3', 'SUPERVISOR DE PRODUCCION', 4000, 'SAN MATEO-ALUTUB', 'JUAN CARLOS REYES BARRETERO', 4981.36, 149445.40, 'activo', NULL, '2026-01-06 18:06:04', '2025-12-23 15:54:30');
INSERT INTO `empleados` VALUES (6164, 3, '0155', 'RIPY761217', 'RIPY761217MMCSNL04', 'YOLANDA', 'RIOS', 'PINO', 1, NULL, NULL, NULL, 1, NULL, NULL, NULL, '2021-08-04', NULL, 2, 'INDETERMINADO', 'AL13', 'CONTROL ESTADISTICO DE LA CALIDAD', 'AL29', 'REVISADOR DE PROCESO', 4000, 'SAN MATEO-ALUTUB', 'OMAR ANTONIO CASTAÑEDA JIMENEZ', 4981.36, 149445.40, 'activo', NULL, '2026-01-06 18:06:04', '2025-12-23 15:54:31');
INSERT INTO `empleados` VALUES (6165, 3, '0163', 'VACS890723', 'VACS890723MMCLRS08', 'SUSANA', 'VALDEZ', 'CRUZ', 1, NULL, NULL, NULL, 1, NULL, NULL, NULL, '2021-08-16', NULL, 2, 'INDETERMINADO', 'AL7', 'RECURSOS HUMANOS', 'AL12', 'COORDINADOR DE RECURSOS HUMANOS', 4000, 'SAN MATEO-ALUTUB', 'JUAN ANTONIO CARDENAS DOMINGUEZ', 4981.36, 149445.40, 'activo', NULL, '2026-01-06 18:06:04', '2025-12-23 15:54:31');
INSERT INTO `empleados` VALUES (6166, 3, '0167', 'AEMC030703', 'AEMC030703HMCRRRA9', 'CRISTIAN', 'ARRECILLAS', 'MARTINEZ', 1, NULL, NULL, NULL, 1, NULL, NULL, NULL, '2021-08-25', NULL, 2, 'INDETERMINADO', 'AL6', 'PRODUCCION', 'AL10', 'OPERADOR DE PRENSA', 4000, 'SAN MATEO-ALUTUB', 'JUAN CARLOS REYES BARRETERO', 4981.36, 149445.40, 'activo', NULL, '2026-01-06 18:06:04', '2025-12-23 15:54:31');
INSERT INTO `empleados` VALUES (6167, 3, '0174', 'REBG881018', 'REBG881018HMCYLR07', 'GERARDO', 'REYES', 'BALTAZAR', 1, NULL, NULL, NULL, 1, NULL, NULL, NULL, '2021-08-30', NULL, 2, 'INDETERMINADO', 'AL6', 'PRODUCCION', 'AL10', 'OPERADOR DE PRENSA', 4000, 'SAN MATEO-ALUTUB', 'JUAN CARLOS REYES BARRETERO', 4981.36, 149445.40, 'activo', NULL, '2026-01-06 18:06:04', '2025-12-23 15:54:31');
INSERT INTO `empleados` VALUES (6168, 3, '0216', 'MARG861212', 'MARG861212MMCRDD01', 'GUADALUPE', 'MARTINEZ', 'RODRIGUEZ', 1, NULL, NULL, NULL, 1, NULL, NULL, NULL, '2022-01-10', NULL, 2, 'INDETERMINADO', 'AL13', 'CONTROL ESTADISTICO DE LA CALIDAD', 'AL29', 'REVISADOR DE PROCESO', 4000, 'SAN MATEO-ALUTUB', 'OMAR ANTONIO CASTAÑEDA JIMENEZ', 4981.36, 149445.40, 'activo', NULL, '2026-01-06 18:06:04', '2025-12-23 15:54:31');
INSERT INTO `empleados` VALUES (6169, 3, '0232', 'PIPG860609', 'PIPG860609HMCLRR00', 'GERARDO', 'PILAR', 'PEREZ', 1, NULL, NULL, NULL, 1, NULL, NULL, NULL, '2022-01-31', NULL, 2, 'INDETERMINADO', 'AL6', 'PRODUCCION', 'AL14', 'JEFE DE INGENIERIA', 4000, 'SAN MATEO-ALUTUB', 'JUAN CARLOS REYES BARRETERO', 4981.37, 149445.40, 'activo', NULL, '2026-01-06 18:06:04', '2025-12-23 15:54:31');
INSERT INTO `empleados` VALUES (6170, 3, '0256', 'GOTP820830', 'GOTP820830HMCMRD08', 'PEDRO', 'GOMEZ', 'TRUJILLO', 1, NULL, NULL, NULL, 1, NULL, NULL, NULL, '2022-04-04', NULL, 2, 'INDETERMINADO', 'AL6', 'PRODUCCION', 'AL8', 'OPERADOR DE LITOGRAFIA', 4000, 'SAN MATEO-ALUTUB', 'JUAN CARLOS REYES BARRETERO', 4981.37, 149445.40, 'activo', NULL, '2026-01-06 18:06:04', '2025-12-23 15:54:31');
INSERT INTO `empleados` VALUES (6171, 3, '0282', 'CAJO781122', 'CAJO781122HMCSMM01', 'OMAR ANTONIO', 'CASTAÑEDA', 'JIMENEZ', 1, NULL, NULL, NULL, 1, NULL, NULL, NULL, '2022-05-23', NULL, 2, 'INDETERMINADO', 'AL3', 'CONTROL ESTADISTICO DE LA CALIDAD', 'AL23', 'JEFE DE CONTROL ESTADISTICO DE LA CALIDAD', 4000, 'SAN MATEO-ALUTUB', 'BENILDE MARIA GONZALEZ FERNANDEZ', 4981.37, 149445.40, 'activo', NULL, '2026-01-06 18:06:04', '2025-12-23 15:54:31');
INSERT INTO `empleados` VALUES (6172, 3, '0290', 'PILA681130', 'PILA681130HMCCPN04', 'ANDRES NOE', 'PICHARDO', 'LOPEZ', 1, NULL, NULL, NULL, 1, NULL, NULL, NULL, '2022-06-06', NULL, 2, 'INDETERMINADO', 'AL13', 'CONTROL ESTADISTICO DE LA CALIDAD', 'AL29', 'REVISADOR DE PROCESO', 4000, 'SAN MATEO-ALUTUB', 'OMAR ANTONIO CASTAÑEDA JIMENEZ', 4981.37, 149445.40, 'activo', NULL, '2026-01-06 18:06:04', '2025-12-23 15:54:31');
INSERT INTO `empleados` VALUES (6173, 3, '0292', 'SOGA991128', 'SOGA991128HMCLML01', 'ALEJANDRO ANTONIO', 'SOLACHE', 'GOMEZ', 1, NULL, NULL, NULL, 1, NULL, NULL, NULL, '2022-06-07', NULL, 2, 'INDETERMINADO', 'AL13', 'CONTROL ESTADISTICO DE LA CALIDAD', 'AL29', 'REVISADOR DE PROCESO', 4000, 'SAN MATEO-ALUTUB', 'OMAR ANTONIO CASTAÑEDA JIMENEZ', 4981.37, 149445.41, 'activo', NULL, '2026-01-06 18:06:04', '2025-12-23 15:54:31');
INSERT INTO `empleados` VALUES (6174, 3, '0315', 'BEMA970903', 'BEMA970903MMCRRS08', 'AISLINN', 'BERNAL', 'MORALES', 1, NULL, NULL, NULL, 1, NULL, NULL, NULL, '2022-07-20', NULL, 2, 'INDETERMINADO', 'AL15', 'SEGURIDAD E HIGIENE', 'AL11', 'ANALISTA DE SEGURIDAD E HIGIENE', 4000, 'SAN MATEO-ALUTUB', 'JUAN ANTONIO CARDENAS DOMINGUEZ', 4981.37, 149445.41, 'activo', NULL, '2026-01-06 18:06:04', '2025-12-23 15:54:32');
INSERT INTO `empleados` VALUES (6175, 3, '0317', 'GOLC661214', 'GOLC661214MVZMXR03', 'MARIA DEL CARMEN', 'GOMEZ', 'LUA', 1, NULL, NULL, NULL, 1, NULL, NULL, NULL, '2022-07-25', NULL, 2, 'INDETERMINADO', 'AL13', 'CONTROL ESTADISTICO DE LA CALIDAD', 'AL29', 'REVISADOR DE PROCESO', 4000, 'SAN MATEO-ALUTUB', 'OMAR ANTONIO CASTAÑEDA JIMENEZ', 4981.37, 149445.41, 'activo', NULL, '2026-01-06 18:06:04', '2025-12-23 15:54:32');
INSERT INTO `empleados` VALUES (6176, 3, '0339', 'EAPH970806', 'EAPH970806HMCSRC03', 'HECTOR', 'ESTRADA', 'PEREZ', 1, NULL, NULL, NULL, 1, NULL, NULL, NULL, '2022-09-07', NULL, 2, 'INDETERMINADO', 'AL17', 'COMPRAS Y PLANEACION', 'AL38', 'AUXILIAR ADMINISTRATIVO Y COMPRAS', 4000, 'SAN MATEO-ALUTUB', 'ESMERALDA GARCIA DURAN', 4981.37, 149445.41, 'activo', NULL, '2026-01-06 18:06:04', '2025-12-23 15:54:32');
INSERT INTO `empleados` VALUES (6177, 3, '0341', 'MAXL030508', 'MAXL030508MVZRLSA2', 'LESLI DOMINGA', 'MARTINEZ', 'XALA', 1, NULL, NULL, NULL, 1, NULL, NULL, NULL, '2022-09-12', NULL, 2, 'INDETERMINADO', 'AL13', 'CONTROL ESTADISTICO DE LA CALIDAD', 'AL29', 'REVISADOR DE PROCESO', 4000, 'SAN MATEO-ALUTUB', 'OMAR ANTONIO CASTAÑEDA JIMENEZ', 4981.37, 149445.41, 'activo', NULL, '2026-01-06 18:06:04', '2025-12-23 15:54:32');
INSERT INTO `empleados` VALUES (6178, 3, '0344', 'PAVL910516', 'PAVL910516MMCZRR09', 'LAURA', 'PAZ', 'VARGAS', 1, NULL, NULL, NULL, 1, NULL, NULL, NULL, '2022-09-12', NULL, 2, 'INDETERMINADO', 'AL13', 'CONTROL ESTADISTICO DE LA CALIDAD', 'AL29', 'REVISADOR DE PROCESO', 4000, 'SAN MATEO-ALUTUB', 'OMAR ANTONIO CASTAÑEDA JIMENEZ', 4981.37, 149445.41, 'activo', NULL, '2026-01-06 18:06:04', '2025-12-23 15:54:32');
INSERT INTO `empleados` VALUES (6179, 3, '0345', 'MEEM940414', 'MEEM940414MMCJNR01', 'MIRIAM', 'MEJIA', 'ENDEJE', 1, NULL, NULL, NULL, 1, NULL, NULL, NULL, '2022-09-14', NULL, 2, 'INDETERMINADO', 'AL13', 'CONTROL ESTADISTICO DE LA CALIDAD', 'AL29', 'REVISADOR DE PROCESO', 4000, 'SAN MATEO-ALUTUB', 'OMAR ANTONIO CASTAÑEDA JIMENEZ', 4981.38, 149445.41, 'activo', NULL, '2026-01-06 18:06:04', '2025-12-23 15:54:32');
INSERT INTO `empleados` VALUES (6180, 3, '0351', 'AAMI880720', 'AAMI880720MMCYRR02', 'IRMA', 'AYALA', 'MARTINEZ', 1, NULL, NULL, NULL, 1, NULL, NULL, NULL, '2022-09-28', NULL, 2, 'INDETERMINADO', 'AL13', 'CONTROL ESTADISTICO DE LA CALIDAD', 'AL29', 'REVISADOR DE PROCESO', 4000, 'SAN MATEO-ALUTUB', 'OMAR ANTONIO CASTAÑEDA JIMENEZ', 4981.38, 149445.41, 'activo', NULL, '2026-01-06 18:06:04', '2025-12-23 15:54:32');
INSERT INTO `empleados` VALUES (6181, 3, '0352', 'MACI640404', 'MACI640404HMCRRS05', 'ISIDRO', 'MARTINEZ', 'DE LA CRUZ', 1, NULL, NULL, NULL, 1, NULL, NULL, NULL, '2022-09-28', NULL, 2, 'INDETERMINADO', 'AL13', 'CONTROL ESTADISTICO DE LA CALIDAD', 'AL29', 'REVISADOR DE PROCESO', 4000, 'SAN MATEO-ALUTUB', 'OMAR ANTONIO CASTAÑEDA JIMENEZ', 4981.38, 149445.41, 'activo', NULL, '2026-01-06 18:06:04', '2025-12-23 15:54:33');
INSERT INTO `empleados` VALUES (6182, 3, '0356', 'CELJ650427', 'CELJ650427HDFRNM04', 'JAIME', 'CERVANTES', 'LEON', 1, NULL, NULL, NULL, 1, NULL, NULL, NULL, '2022-10-10', NULL, 2, 'INDETERMINADO', 'AL6', 'PRODUCCION', 'AL8', 'OPERADOR DE LITOGRAFIA', 4000, 'SAN MATEO-ALUTUB', 'JUAN CARLOS REYES BARRETERO', 4981.38, 149445.41, 'activo', NULL, '2026-01-06 18:06:04', '2025-12-23 15:54:33');
INSERT INTO `empleados` VALUES (6183, 3, '0363', 'PACJ690906', 'PACJ690906MMCCNN08', 'JUANA', 'PACHECO', 'CONTRERAS', 1, NULL, NULL, NULL, 1, NULL, NULL, NULL, '2022-11-14', NULL, 2, 'INDETERMINADO', 'AL7', 'RECURSOS HUMANOS', 'AL24', 'AUXILIAR DE LIMPIEZA', 4000, 'SAN MATEO-ALUTUB', 'JUAN ANTONIO CARDENAS DOMINGUEZ', 4981.38, 149445.42, 'activo', NULL, '2026-01-06 18:06:04', '2025-12-23 15:54:33');
INSERT INTO `empleados` VALUES (6184, 3, '0371', 'AOBS041110', 'AOBS041110HMSLHRA8', 'SERGIO', 'ALONSO', 'BAHENA', 1, NULL, NULL, NULL, 1, NULL, NULL, NULL, '2022-12-12', NULL, 2, 'INDETERMINADO', 'AL6', 'PRODUCCION', 'AL10', 'OPERADOR DE PRENSA', 4000, 'SAN MATEO-ALUTUB', 'JUAN CARLOS REYES BARRETERO', 4981.38, 149445.42, 'activo', NULL, '2026-01-06 18:06:04', '2025-12-23 15:54:33');
INSERT INTO `empleados` VALUES (6185, 3, '0375', 'GOFB660827', 'GOFB660827MTSNRN03', 'BENILDE MARIA', 'GONZALEZ', 'FERNANDEZ', 1, NULL, NULL, NULL, 1, NULL, NULL, NULL, '2016-01-18', NULL, 2, 'INDETERMINADO', 'AL9', 'ADMINISTRACION', 'AL33', 'SUBDIRECTOR ADMINISTRATIVO Y COMERCIAL', 4000, 'SAN MATEO-ALUTUB', NULL, 4981.38, 149445.42, 'activo', NULL, '2026-01-06 18:06:04', '2025-12-23 15:54:33');
INSERT INTO `empleados` VALUES (6186, 3, '0379', 'FOMV770812', 'FOMV770812HMCLTL08', 'VALENTIN', 'FLORES', 'MATA', 1, NULL, NULL, NULL, 1, NULL, NULL, NULL, '2023-01-11', NULL, 2, 'INDETERMINADO', 'AL6', 'PRODUCCION', 'AL8', 'OPERADOR DE LITOGRAFIA', 4000, 'SAN MATEO-ALUTUB', 'JUAN CARLOS REYES BARRETERO', 4981.38, 149445.42, 'activo', NULL, '2026-01-06 18:06:04', '2025-12-23 15:54:33');
INSERT INTO `empleados` VALUES (6187, 3, '0384', 'GUVL700303', 'GUVL700303MDFDLR18', 'MARIA DE LOURDES', 'GUADARRAMA', 'VALENCIA', 1, NULL, NULL, NULL, 1, NULL, NULL, NULL, '2023-01-18', NULL, 2, 'INDETERMINADO', 'AL13', 'CONTROL ESTADISTICO DE LA CALIDAD', 'AL29', 'REVISADOR DE PROCESO', 4000, 'SAN MATEO-ALUTUB', 'OMAR ANTONIO CASTAÑEDA JIMENEZ', 4981.38, 149445.42, 'activo', NULL, '2026-01-06 18:06:04', '2025-12-23 15:54:33');
INSERT INTO `empleados` VALUES (6188, 3, '0386', 'PIAL730421', 'PIAL730421MMCXRL04', 'LLANET', 'PIÑA', 'ARIAS', 1, NULL, NULL, NULL, 1, NULL, NULL, NULL, '2023-01-23', NULL, 2, 'INDETERMINADO', 'AL13', 'CONTROL ESTADISTICO DE LA CALIDAD', 'AL29', 'REVISADOR DE PROCESO', 4000, 'SAN MATEO-ALUTUB', 'OMAR ANTONIO CASTAÑEDA JIMENEZ', 4981.38, 149445.42, 'activo', NULL, '2026-01-06 18:06:04', '2025-12-23 15:54:33');
INSERT INTO `empleados` VALUES (6189, 3, '0390', 'MAFE821020', 'MAFE821020MMCNLL00', 'ELIZABETH', 'MANCILLA', 'FLORES', 1, NULL, NULL, NULL, 1, NULL, NULL, NULL, '2023-01-30', NULL, 2, 'INDETERMINADO', 'AL13', 'CONTROL ESTADISTICO DE LA CALIDAD', 'AL29', 'REVISADOR DE PROCESO', 4000, 'SAN MATEO-ALUTUB', 'OMAR ANTONIO CASTAÑEDA JIMENEZ', 4981.39, 149445.42, 'activo', NULL, '2026-01-06 18:06:04', '2025-12-23 15:54:34');
INSERT INTO `empleados` VALUES (6190, 3, '0395', 'SAMK930306', 'SAMK930306HMCMLL05', 'KELVIN ULISES', 'SAMPERIO', 'MALDONADO', 1, NULL, NULL, NULL, 1, NULL, NULL, NULL, '2023-03-01', NULL, 2, 'INDETERMINADO', 'AL13', 'CONTROL ESTADISTICO DE LA CALIDAD', 'AL29', 'REVISADOR DE PROCESO', 4000, 'SAN MATEO-ALUTUB', 'OMAR ANTONIO CASTAÑEDA JIMENEZ', 4981.39, 149445.42, 'activo', NULL, '2026-01-06 18:06:04', '2025-12-23 15:54:34');
INSERT INTO `empleados` VALUES (6191, 3, '0404', 'REBA790322', 'REBA790322HDFYRN03', 'JOSE ANGEL', 'REYES', 'BARRETERO', 1, NULL, NULL, NULL, 1, NULL, NULL, NULL, '2023-04-12', NULL, 2, 'INDETERMINADO', 'AL16', 'PLANEACION', 'AL39', 'JEFE DE PLANEACION', 4000, 'SAN MATEO-ALUTUB', 'JUAN CARLOS REYES BARRETERO', 4981.39, 149445.42, 'activo', NULL, '2026-01-06 18:06:04', '2025-12-23 15:54:34');
INSERT INTO `empleados` VALUES (6192, 1, '0001', 'GOGC681014', 'GOGC681014HJCMNF07', 'CEFERINO', 'GOMEZ', 'GONZALEZ', 1, NULL, NULL, NULL, 1, NULL, NULL, NULL, '2006-06-04', NULL, 2, 'INDETERMINADO', '1', 'ADMINISTRACION', '55', 'DIRECTOR DE FINANZAS', 1009, 'FH CORPORATIVO DESP. 702', NULL, 4981.44, 149445.48, 'activo', NULL, '2026-01-06 18:05:35', '2025-12-23 15:54:34');
INSERT INTO `empleados` VALUES (6193, 1, '0002', 'GOFF711124', 'GOFF711124HTSNRL02', 'FELIPE', 'GONZALEZ', 'FERNANDEZ', 1, NULL, NULL, NULL, 1, NULL, NULL, NULL, '2013-09-17', NULL, 2, 'INDETERMINADO', '1', 'ADMINISTRACION', '52', 'DIRECTOR DE ADMINISTRACION', 1009, 'FH CORPORATIVO DESP. 702', NULL, 4981.44, 149445.48, 'activo', NULL, '2026-01-06 18:05:35', '2025-12-23 15:54:34');
INSERT INTO `empleados` VALUES (6194, 1, '0003', 'LOGE680207', 'LOGE680207MDFPTN02', 'MARIA ENRIQUETA', 'LOPEZ', 'GUTIERREZ', 1, NULL, NULL, NULL, 1, NULL, NULL, NULL, '2013-09-17', NULL, 2, 'INDETERMINADO', '1', 'ADMINISTRACION', '54', 'DIRECTOR DE CONTRALORIA', 1009, 'FH CORPORATIVO DESP. 702', NULL, 4981.44, 149445.48, 'activo', NULL, '2026-01-06 18:05:35', '2025-12-23 15:54:34');
INSERT INTO `empleados` VALUES (6195, 1, '0004', 'SABG810320', 'SABG810320MSRRNN06', 'GINETTE', 'SARMIENTO', 'BONARDEL', 1, NULL, NULL, NULL, 1, NULL, NULL, NULL, '2007-10-01', NULL, 2, 'INDETERMINADO', '1', 'ADMINISTRACION', '57', 'DIRECTOR DE TESORERIA', 1009, 'FH CORPORATIVO DESP. 702', NULL, 4981.44, 149445.48, 'activo', NULL, '2026-01-06 18:05:35', '2025-12-23 15:54:34');
INSERT INTO `empleados` VALUES (6196, 1, '1001', 'DEMA871022', 'DEMA871022MDFLNR05', 'ARELI', 'DELGADILLO', 'MANRIQUEZ', 1, NULL, NULL, NULL, 1, NULL, NULL, NULL, '2012-10-15', NULL, 2, 'INDETERMINADO', '5', 'ASEGURAMIENTO DE CALIDAD', '210', 'SUBGERENTE DE ASEGURAMIENTO DE CALIDAD', 1001, 'FH LAGO ISEO 184', 'SERGIO RODRIGUEZ CAMPOS', 4981.45, 149445.48, 'activo', NULL, '2026-01-06 18:05:35', '2025-12-23 15:54:34');
INSERT INTO `empleados` VALUES (6197, 1, '1002', 'ROCS691121', 'ROCS691121HDFDMR07', 'SERGIO', 'RODRIGUEZ', 'CAMPOS', 1, NULL, NULL, NULL, 1, NULL, NULL, NULL, '2011-12-19', NULL, 2, 'INDETERMINADO', '5', 'ASEGURAMIENTO DE CALIDAD', '80', 'GERENTE DE UNIDAD DE CALIDAD RESPONSABLE SANITARIO', 1001, 'FH LAGO ISEO 184', 'ANGEL ALBARRAN MARTINEZ', 4981.45, 149445.48, 'activo', NULL, '2026-01-06 18:05:35', '2025-12-23 15:54:34');
INSERT INTO `empleados` VALUES (6198, 1, '1005', 'PETR910312', 'PETR910312MDFRCB06', 'REBECA ITZEL', 'PEREZ', 'TECALCO', 1, NULL, NULL, NULL, 1, NULL, NULL, NULL, '2019-07-25', NULL, 2, 'INDETERMINADO', '10', 'CONTRALORIA GENERAL', '173', 'CONTADOR FISCAL', 1008, 'FH CORPORATIVO DESP 701', 'AGUSTIN MATA HERNANDEZ', 4981.45, 149445.48, 'activo', NULL, '2026-01-06 18:05:35', '2025-12-23 15:54:35');
INSERT INTO `empleados` VALUES (6199, 1, '1006', 'MAHA740828', 'MAHA740828HDFTRG05', 'AGUSTIN', 'MATA', 'HERNANDEZ', 1, NULL, NULL, NULL, 1, NULL, NULL, NULL, '2018-03-20', NULL, 2, 'INDETERMINADO', '10', 'CONTRALORIA GENERAL', '33', 'CONTRALOR GENERAL', 1008, 'FH CORPORATIVO DESP 701', 'CARLOS ALBERTO AGUILAR PERALTA', 4981.45, 149445.48, 'activo', NULL, '2026-01-06 18:05:35', '2025-12-23 15:54:35');
INSERT INTO `empleados` VALUES (6200, 1, '1007', 'LOPL790524', 'LOPL790524MDFZRR07', 'LORENA ADRIANA', 'LOZANO', 'PEREZ', 1, NULL, NULL, NULL, 1, NULL, NULL, NULL, '2011-02-16', NULL, 2, 'INDETERMINADO', '15', 'DIRECCION DE NUEVOS NEGOCIOS', '56', 'DIRECTOR DE NUEVOS NEGOCIOS', 1008, 'FH CORPORATIVO DESP 701', 'ANGEL ALBARRAN MARTINEZ', 4981.45, 149445.49, 'activo', NULL, '2026-01-06 18:05:35', '2025-12-23 15:54:35');
INSERT INTO `empleados` VALUES (6201, 1, '1008', 'MUGL911206', 'MUGL911206MDFXRS03', 'LESLIE JHOANA', 'MUÑOZ', 'GARCIA', 1, NULL, NULL, NULL, 1, NULL, NULL, NULL, '2019-01-02', NULL, 2, 'INDETERMINADO', '15', 'DIRECCION DE NUEVOS NEGOCIOS', '252', 'GERENTE CORPORATIVO DE NUEVOS NEGOCIOS', 1008, 'FH CORPORATIVO DESP 701', 'LORENA ADRIANA LOZANO PEREZ', 4981.45, 149445.49, 'activo', NULL, '2026-01-06 18:05:35', '2025-12-23 15:54:35');
INSERT INTO `empleados` VALUES (6202, 1, '1009', 'AUPC720331', 'AUPC720331HDFGRR08', 'CARLOS ALBERTO', 'AGUILAR', 'PERALTA', 1, NULL, NULL, NULL, 1, NULL, NULL, NULL, '2019-06-26', NULL, 2, 'INDETERMINADO', '14', 'DIRECCION DE ADMINISTRACION Y FINANZAS', '53', 'DIRECTOR DE ADMINISTRACION Y FINANZAS', 1008, 'FH CORPORATIVO DESP 701', NULL, 4981.45, 149445.49, 'activo', NULL, '2026-01-06 18:05:35', '2025-12-23 15:54:35');
INSERT INTO `empleados` VALUES (6203, 1, '1011', 'AAMA620506', 'AAMA620506HDFLRN06', 'ANGEL', 'ALBARRAN', 'MARTINEZ', 1, NULL, NULL, NULL, 1, NULL, NULL, NULL, '2009-06-15', NULL, 2, 'INDETERMINADO', '17', 'DIRECCION GENERAL', '58', 'DIRECTOR GENERAL', 1008, 'FH CORPORATIVO DESP 701', NULL, 4981.45, 149445.49, 'activo', NULL, '2026-01-06 18:05:35', '2025-12-23 15:54:35');
INSERT INTO `empleados` VALUES (6204, 1, '1014', 'SAGE600411', 'SAGE600411HDFNTD04', 'EDGAR', 'SANTILLAN', 'GUTIERREZ', 1, NULL, NULL, NULL, 1, NULL, NULL, NULL, '2011-12-20', NULL, 2, 'INDETERMINADO', '23', 'PRODUCCION AEROSOLES', '251', 'GERENTE DE PLANTA', 1001, 'FH LAGO ISEO 184', 'MISAEL MENDOZA HERNANDEZ', 4981.45, 149445.49, 'activo', NULL, '2026-01-06 18:05:35', '2025-12-23 15:54:35');
INSERT INTO `empleados` VALUES (6205, 1, '1019', 'RORL750102', 'RORL750102MDFJMS09', 'LUISA GABRIELA', 'ROJO', 'ROMERO', 1, NULL, NULL, NULL, 1, NULL, NULL, NULL, '2019-07-03', NULL, 2, 'INDETERMINADO', '28', 'TESORERIA', '79', 'GERENTE DE TESORERIA', 1008, 'FH CORPORATIVO DESP 701', 'LUISA GABRIELA ROJO ROMERO', 4981.45, 149445.49, 'activo', NULL, '2026-01-06 18:05:35', '2025-12-23 15:54:36');
INSERT INTO `empleados` VALUES (6206, 1, '1020', 'GOHA810522', 'GOHA810522MDFDRL00', 'ALBA MARIANA', 'GODINEZ', 'HERRERA', 1, NULL, NULL, NULL, 1, NULL, NULL, NULL, '2016-10-26', NULL, 2, 'INDETERMINADO', '28', 'TESORERIA', '220', 'JEFE DE TESORERIA', 1008, 'FH CORPORATIVO DESP 701', 'LUISA GABRIELA ROJO ROMERO', 4981.46, 149445.49, 'activo', NULL, '2026-01-06 18:05:35', '2025-12-23 15:54:36');
INSERT INTO `empleados` VALUES (6207, 1, '1021', 'LOBJ850604', 'LOBJ850604MDFPRS01', 'JOSCELYN VICTORIA', 'LOPEZ', 'BARRIOS', 1, NULL, NULL, NULL, 1, NULL, NULL, NULL, '2014-01-02', NULL, 2, 'INDETERMINADO', '30', 'VENTAS GOBIERNO', '207', 'DIRECTOR NACIONAL DE VENTAS', 1008, 'FH CORPORATIVO DESP 701', NULL, 4981.46, 149445.49, 'activo', NULL, '2026-01-06 18:05:35', '2025-12-23 15:54:36');
INSERT INTO `empleados` VALUES (6208, 1, '1022', 'EICV730315', 'EICV730315MDFSLR05', 'VERONICA', 'ESPINOSA DE LOS MONTEROS', 'CALDERON', 1, NULL, NULL, NULL, 1, NULL, NULL, NULL, '2016-12-19', NULL, 2, 'INDETERMINADO', '30', 'VENTAS GOBIERNO', '81', 'GERENTE DE VENTAS GOBIERNO', 1008, 'FH CORPORATIVO DESP 701', 'JOSCELYN VICTORIA LOPEZ BARRIOS', 4981.46, 149445.49, 'activo', NULL, '2026-01-06 18:05:35', '2025-12-23 15:54:36');
INSERT INTO `empleados` VALUES (6209, 1, '2008', 'PACE770419', 'PACE770419HDFNLD01', 'EDGAR', 'PANIAGUA', 'CALDERON', 1, NULL, NULL, NULL, 1, NULL, NULL, NULL, '2019-08-21', NULL, 2, 'INDETERMINADO', '3', 'ALMACEN DE PRODUCTO TERMINADO', '30', 'CHOFER', 1006, 'FH ALMACEN PINO', 'LIDIA CARRILLO AVILA', 4981.46, 149445.49, 'activo', NULL, '2026-01-06 18:05:35', '2025-12-23 15:54:36');
INSERT INTO `empleados` VALUES (6210, 1, '2015', 'TEGM781124', 'TEGM781124HJCRNG04', 'MIGUEL ENRIQUE', 'TREJO', 'GONZALEZ', 1, NULL, NULL, NULL, 1, NULL, NULL, NULL, '2018-08-29', NULL, 2, 'INDETERMINADO', '2', 'ALMACEN DE INSUMOS', '104', 'MONTACARGUISTA', 1005, 'FH ALMACEN AZAHARES', 'LIDIA CARRILLO AVILA', 4981.46, 149445.50, 'activo', NULL, '2026-01-06 18:05:35', '2025-12-23 15:54:36');
INSERT INTO `empleados` VALUES (6211, 1, '2016', 'LOMM670330', 'LOMM670330HDFPRG00', 'MIGUEL JAIME', 'LOPEZ', 'MARTINEZ', 1, NULL, NULL, NULL, 1, NULL, NULL, NULL, '2019-01-21', NULL, 2, 'INDETERMINADO', '2', 'ALMACEN DE INSUMOS', '28', 'AYUDANTE GENERAL', 1005, 'FH ALMACEN AZAHARES', 'ALBERTO HERNANDEZ GONZALEZ', 4981.46, 149445.50, 'activo', NULL, '2026-01-06 18:05:35', '2025-12-23 15:54:36');
INSERT INTO `empleados` VALUES (6212, 1, '2017', 'REOC810104', 'REOC810104HDFNSR04', 'CRISTIAN QUETZALCOATL', 'RENTERIA', 'OSORNIO', 1, NULL, NULL, NULL, 1, NULL, NULL, NULL, '2019-02-25', NULL, 2, 'INDETERMINADO', '2', 'ALMACEN DE INSUMOS', '151', 'SUPERVISOR DE MATERIALES DE ACONDICIONAMIENTO', 1005, 'FH ALMACEN AZAHARES', 'PORFIRIO OLVERA RODRIGUEZ', 4981.46, 149445.50, 'activo', NULL, '2026-01-06 18:05:35', '2025-12-23 15:54:36');
INSERT INTO `empleados` VALUES (6213, 1, '2021', 'PEGA821025', 'PEGA821025HDFRRB01', 'ABDIEL', 'PERALTA', 'GRANADOS', 1, NULL, NULL, NULL, 1, NULL, NULL, NULL, '2018-04-04', NULL, 2, 'INDETERMINADO', '24', 'PRODUCCION FARMA', '233', 'OPERADOR C', 1001, 'FH LAGO ISEO 184', 'ANA ITZEL CORDOVA MARTINEZ', 4981.46, 149445.50, 'activo', NULL, '2026-01-06 18:05:35', '2025-12-23 15:54:37');
INSERT INTO `empleados` VALUES (6214, 1, '2027', 'VEBP851219', 'VEBP851219MDFLZL09', 'MARIA DEL PILAR', 'VELAZQUEZ', 'BAEZ', 1, NULL, NULL, NULL, 1, NULL, NULL, NULL, '2020-06-01', NULL, 2, 'INDETERMINADO', '3', 'ALMACEN DE PRODUCTO TERMINADO', '241', 'JEFE DE EMBARQUES', 1006, 'FH ALMACEN PINO', 'MISAEL MENDOZA HERNANDEZ', 4981.46, 149445.50, 'activo', NULL, '2026-01-06 18:05:35', '2025-12-23 15:54:37');
INSERT INTO `empleados` VALUES (6215, 1, '2029', 'MADL830318', 'MADL830318HDFRMS03', 'LUIS ALBERTO', 'MARTINEZ', 'DOMINGUEZ', 1, NULL, NULL, NULL, 1, NULL, NULL, NULL, '2016-11-18', NULL, 2, 'INDETERMINADO', '3', 'ALMACEN DE PRODUCTO TERMINADO', '30', 'CHOFER', 1006, 'FH ALMACEN PINO', 'LIDIA CARRILLO AVILA', 4981.46, 149445.50, 'activo', NULL, '2026-01-06 18:05:35', '2025-12-23 15:54:37');
INSERT INTO `empleados` VALUES (6216, 1, '2030', 'DIGC691104', 'DIGC691104HDFZZR09', 'CARLOS', 'DIAZ', 'GUZMAN', 1, NULL, NULL, NULL, 1, NULL, NULL, NULL, '2017-06-15', NULL, 2, 'INDETERMINADO', '3', 'ALMACEN DE PRODUCTO TERMINADO', '104', 'MONTACARGUISTA', 1006, 'FH ALMACEN PINO', 'LIDIA CARRILLO AVILA', 4981.47, 149445.50, 'activo', NULL, '2026-01-06 18:05:35', '2025-12-23 15:54:37');
INSERT INTO `empleados` VALUES (6217, 1, '2032', 'JIMM791013', 'JIMM791013HDFMRN08', 'JOSE MANUEL', 'JIMENEZ', 'MARTINEZ', 1, NULL, NULL, NULL, 1, NULL, NULL, NULL, '2018-04-26', NULL, 2, 'INDETERMINADO', '3', 'ALMACEN DE PRODUCTO TERMINADO', '237', 'AUXILIAR DE INVENTARIOS', 1006, 'FH ALMACEN PINO', 'LIDIA CARRILLO AVILA', 4981.47, 149445.50, 'activo', NULL, '2026-01-06 18:05:35', '2025-12-23 15:54:37');
INSERT INTO `empleados` VALUES (6218, 1, '2051', 'RURG820722', 'RURG820722MDFZDD00', 'GUADALUPE', 'RUIZ', 'RODRIGUEZ', 1, NULL, NULL, NULL, 1, NULL, NULL, NULL, '2017-05-08', NULL, 2, 'INDETERMINADO', '5', 'ASEGURAMIENTO DE CALIDAD', '36', 'COORDINADOR DE ASEGURAMIENTO DE CALIDAD DE ALMACEN DE INSUMOS', 1005, 'FH ALMACEN AZAHARES', 'ARELI DELGADILLO MANRIQUEZ', 4981.47, 149445.50, 'activo', NULL, '2026-01-06 18:05:35', '2025-12-23 15:54:37');
INSERT INTO `empleados` VALUES (6219, 1, '2052', 'VASJ710527', 'VASJ710527HDFZNR03', 'JORGE', 'VAZQUEZ', 'SANCHEZ', 1, NULL, NULL, NULL, 1, NULL, NULL, NULL, '2019-03-25', NULL, 2, 'INDETERMINADO', '5', 'ASEGURAMIENTO DE CALIDAD', '35', 'COORDINADOR DE ASEGURAMIENTO DE CALIDAD', 1001, 'FH LAGO ISEO 184', 'MARIA FERNANDA CASTAÑEDA MOGUEL', 4981.47, 149445.50, 'activo', NULL, '2026-01-06 18:05:35', '2025-12-23 15:54:37');
INSERT INTO `empleados` VALUES (6220, 1, '2053', 'CAPA901227', 'CAPA901227MDFSLL06', 'ALEJANDRA IVONNE', 'CASTILLO', 'PLATA', 1, NULL, NULL, NULL, 1, NULL, NULL, NULL, '2014-10-31', NULL, 2, 'INDETERMINADO', '19', 'MARKETING', '74', 'GERENTE DE MARKETING', 1012, 'FH SHAKESPEARE', 'ALEJANDRA IVONNE CASTILLO PLATA', 4981.47, 149445.51, 'activo', NULL, '2026-01-06 18:05:35', '2025-12-23 15:54:38');
INSERT INTO `empleados` VALUES (6221, 1, '2055', 'OELD890504', 'OELD890504MDFBNN08', 'DIANA ESLI', 'OBREGON', 'LUNA', 1, NULL, NULL, NULL, 1, NULL, NULL, NULL, '2017-09-26', NULL, 2, 'INDETERMINADO', '5', 'ASEGURAMIENTO DE CALIDAD', '122', 'QUIMICO DE ASEGURAMIENTO DE CALIDAD', 1001, 'FH LAGO ISEO 184', 'MARIA FERNANDA CASTAÑEDA MOGUEL', 4981.47, 149445.51, 'activo', NULL, '2026-01-06 18:05:35', '2025-12-23 15:54:38');
INSERT INTO `empleados` VALUES (6222, 1, '2071', 'ZALL861025', 'ZALL861025MMCPPL05', 'LILIA', 'ZAPATA', 'LOPEZ', 1, NULL, NULL, NULL, 1, NULL, NULL, NULL, '2024-07-08', NULL, 2, 'INDETERMINADO', '6', 'ASUNTOS REGULATORIOS', '201', 'ESPECIALISTA DE ASUNTOS REGULATORIOS LATAM', 1008, 'FH CORPORATIVO DESP 701', 'MIGUEL ANGEL NUÑEZ ALMANZA', 4981.47, 149445.51, 'activo', NULL, '2026-01-06 18:05:35', '2025-12-23 15:54:38');
INSERT INTO `empleados` VALUES (6223, 1, '2079', 'GAMA870618', 'GAMA870618MDFRNN01', 'ANGELICA', 'GARCIA', 'MORA', 1, NULL, NULL, NULL, 1, NULL, NULL, NULL, '2014-08-06', NULL, 2, 'INDETERMINADO', '9', 'CONTABILIDAD', '32', 'CONTADOR GENERAL', 1008, 'FH CORPORATIVO DESP 701', 'AGUSTIN MATA HERNANDEZ', 4981.47, 149445.51, 'activo', NULL, '2026-01-06 18:05:35', '2025-12-23 15:54:38');
INSERT INTO `empleados` VALUES (6224, 1, '2081', 'CESN860521', 'CESN860521MDFBLL04', 'MARIA NALLELY', 'CEBALLOS', 'SILVA', 1, NULL, NULL, NULL, 1, NULL, NULL, NULL, '2020-06-17', NULL, 2, 'INDETERMINADO', '10', 'CONTRALORIA GENERAL', '27', 'AUXILIAR FISCAL', 1008, 'FH CORPORATIVO DESP 701', 'REBECA ITZEL PEREZ TECALCO', 4981.47, 149445.51, 'activo', NULL, '2026-01-06 18:05:35', '2025-12-23 15:54:38');
INSERT INTO `empleados` VALUES (6225, 1, '2083', 'GOGA930917', 'GOGA930917HDFMRX03', 'AXEL', 'GOMEZ', 'GUERRERO', 1, NULL, NULL, NULL, 1, NULL, NULL, NULL, '2016-06-13', NULL, 2, 'INDETERMINADO', '10', 'CONTRALORIA GENERAL', '98', 'JEFE DE PRESUPUESTOS', 1008, 'FH CORPORATIVO DESP 701', 'AGUSTIN MATA HERNANDEZ', 4981.47, 149445.51, 'activo', NULL, '2026-01-06 18:05:35', '2025-12-23 15:54:38');
INSERT INTO `empleados` VALUES (6226, 1, '2094', 'AAOJ790623', 'AAOJ790623MDFNSS02', 'JESSICA', 'ANDRACA', 'OSORNIO', 1, NULL, NULL, NULL, 1, NULL, NULL, NULL, '2020-12-02', NULL, 2, 'INDETERMINADO', '11', 'CONTROL ANALITICO', '121', 'QUIMICO ANALISTA FISICOQUIMICO', 1001, 'FH LAGO ISEO 184', 'SUSANA HARUMY AGUILAR ARIAS', 4981.48, 149445.51, 'activo', NULL, '2026-01-06 18:05:35', '2025-12-23 15:54:38');
INSERT INTO `empleados` VALUES (6227, 1, '2096', 'BASF641120', 'BASF641120MDFNLL05', 'FELISA', 'BAENA', 'SILVA', 1, NULL, NULL, NULL, 1, NULL, NULL, NULL, '2011-09-01', NULL, 2, 'INDETERMINADO', '12', 'CONTROL DE CALIDAD', '91', 'JEFE DE CONTROL DE CALIDAD', 1001, 'FH LAGO ISEO 184', 'SERGIO RODRIGUEZ CAMPOS', 4981.48, 149445.51, 'activo', NULL, '2026-01-06 18:05:35', '2025-12-23 15:54:38');
INSERT INTO `empleados` VALUES (6228, 1, '2098', 'CAAY870523', 'CAAY870523MMCLCN00', 'YANIN', 'CALIFORNIA', 'ACOSTA', 1, NULL, NULL, NULL, 1, NULL, NULL, NULL, '2017-06-26', NULL, 2, 'INDETERMINADO', '11', 'CONTROL ANALITICO', '189', 'QUIMICO ANALISTA FISICOQUIMICO SENIOR', 1001, 'FH LAGO ISEO 184', 'SUSANA HARUMY AGUILAR ARIAS', 4981.48, 149445.51, 'activo', NULL, '2026-01-06 18:05:35', '2025-12-23 15:54:39');
INSERT INTO `empleados` VALUES (6229, 1, '2101', 'NESS930224', 'NESS930224MDFRNH06', 'SHINE MARIE', 'NERI', 'SANCHEZ', 1, NULL, NULL, NULL, 1, NULL, NULL, NULL, '2020-08-05', NULL, 2, 'INDETERMINADO', '5', 'ASEGURAMIENTO DE CALIDAD', '132', 'QUIMICO DE SISTEMAS DE CALIDAD', 1001, 'FH LAGO ISEO 184', 'MARIA FERNANDA CASTAÑEDA MOGUEL', 4981.48, 149445.51, 'activo', NULL, '2026-01-06 18:05:35', '2025-12-23 15:54:39');
INSERT INTO `empleados` VALUES (6230, 1, '2102', 'AUAS940319', 'AUAS940319MDFGRS00', 'SUSANA HARUMY', 'AGUILAR', 'ARIAS', 1, NULL, NULL, NULL, 1, NULL, NULL, NULL, '2018-02-13', NULL, 2, 'INDETERMINADO', '11', 'CONTROL ANALITICO', '217', 'JEFE DE CONTROL ANALITICO', 1001, 'FH LAGO ISEO 184', 'SERGIO RODRIGUEZ CAMPOS', 4981.48, 149445.52, 'activo', NULL, '2026-01-06 18:05:35', '2025-12-23 15:54:39');
INSERT INTO `empleados` VALUES (6231, 1, '2114', 'VAHS870928', 'VAHS870928MMCLRN05', 'SANDRA STEPHANY', 'VALERO', 'HERNANDEZ', 1, NULL, NULL, NULL, 1, NULL, NULL, NULL, '2019-02-18', NULL, 2, 'INDETERMINADO', '13', 'DESARROLLO', '177', 'COORDINADOR DE TRANSFERENCIAS', 1004, 'FH CANTABRICO', 'ALEJANDRA MONTES LUNA', 4981.48, 149445.52, 'activo', NULL, '2026-01-06 18:05:35', '2025-12-23 15:54:39');
INSERT INTO `empleados` VALUES (6232, 1, '2121', 'AIGL930802', 'AIGL930802HMCVRS01', 'LUIS ALBERTO', 'AVILES', 'GARCIA', 1, NULL, NULL, NULL, 1, NULL, NULL, NULL, '2016-04-04', NULL, 2, 'INDETERMINADO', '12', 'CONTROL DE CALIDAD', '23', 'AUXILIAR DE LABORATORIO', 1004, 'FH CANTABRICO', 'SUSANA HARUMY AGUILAR ARIAS', 4981.48, 149445.52, 'activo', NULL, '2026-01-06 18:05:35', '2025-12-23 15:54:39');
INSERT INTO `empleados` VALUES (6233, 1, '2124', 'GUOM720405', 'GUOM720405MDFVCR03', 'MIRIAM', 'GUEVARA', 'OCEGUERA', 1, NULL, NULL, NULL, 1, NULL, NULL, NULL, '2014-07-07', NULL, 2, 'INDETERMINADO', '15', 'DIRECCION DE NUEVOS NEGOCIOS', '1', 'ADMINISTRACION DE NUEVOS NEGOCIOS Y DIRECCION GENERAL', 1008, 'FH CORPORATIVO DESP 701', 'LORENA ADRIANA LOZANO PEREZ', 4981.48, 149445.52, 'activo', NULL, '2026-01-06 18:05:35', '2025-12-23 15:54:39');
INSERT INTO `empleados` VALUES (6234, 1, '2131', 'RAMA720114', 'RAMA720114HOCMRN09', 'ANDRES ROGELIO', 'RAMIREZ', 'MARTINEZ', 1, NULL, NULL, NULL, 1, NULL, NULL, NULL, '2018-03-05', NULL, 2, 'INDETERMINADO', '18', 'INGENIERIA Y MANTENIMIENTO', '73', 'GERENTE DE INGENIERIA Y MANTENIMIENTO', 1001, 'FH LAGO ISEO 184', 'ANGEL ALBARRAN MARTINEZ', 4981.48, 149445.52, 'activo', NULL, '2026-01-06 18:05:35', '2025-12-23 15:54:39');
INSERT INTO `empleados` VALUES (6235, 1, '2134', 'CARA900628', 'CARA900628HDFBML09', 'ALAN ENRIQUE', 'CABALLERO', 'ROMO', 1, NULL, NULL, NULL, 1, NULL, NULL, NULL, '2018-11-26', NULL, 2, 'INDETERMINADO', '18', 'INGENIERIA Y MANTENIMIENTO', '95', 'JEFE DE MANTENIMIENTO', 1001, 'FH LAGO ISEO 184', 'ANDRES ROGELIO RAMIREZ MARTINEZ', 4981.48, 149445.52, 'activo', NULL, '2026-01-06 18:05:35', '2025-12-23 15:54:39');
INSERT INTO `empleados` VALUES (6236, 1, '2136', 'GOMH610919', 'GOMH610919HTSNRC00', 'HECTOR', 'GONZALEZ', 'MORA', 1, NULL, NULL, NULL, 1, NULL, NULL, NULL, '2018-04-17', NULL, 2, 'INDETERMINADO', '18', 'INGENIERIA Y MANTENIMIENTO', '159', 'TECNICO ESPECIALIZADO', 1001, 'FH LAGO ISEO 184', 'ALAN ENRIQUE CABALLERO ROMO', 4981.49, 149445.52, 'activo', NULL, '2026-01-06 18:05:35', '2025-12-23 15:54:39');
INSERT INTO `empleados` VALUES (6237, 1, '2164', 'MOOD910518', 'MOOD910518MDFTCN04', 'DIANA CAROLINA', 'MOTA', 'OCHOA', 1, NULL, NULL, NULL, 1, NULL, NULL, NULL, '2017-10-30', NULL, 2, 'INDETERMINADO', '24', 'PRODUCCION FARMA', '234', 'OPERADOR D', 1002, 'FH LAGO ISEO 186', 'ANA ITZEL CORDOVA MARTINEZ', 4981.49, 149445.52, 'activo', NULL, '2026-01-06 18:05:35', '2025-12-23 15:54:40');
INSERT INTO `empleados` VALUES (6238, 1, '2165', 'HEMR631116', 'HEMR631116HDFRRY00', 'RAYMUNDO PEDRO', 'HERNANDEZ', 'MARTINEZ', 1, NULL, NULL, NULL, 1, NULL, NULL, NULL, '2015-11-04', NULL, 2, 'INDETERMINADO', '24', 'PRODUCCION FARMA', '234', 'OPERADOR D', 1002, 'FH LAGO ISEO 186', 'ANA ITZEL CORDOVA MARTINEZ', 4981.49, 149445.52, 'activo', NULL, '2026-01-06 18:05:35', '2025-12-23 15:54:40');
INSERT INTO `empleados` VALUES (6239, 1, '2167', 'TERI790101', 'TERI790101HDFRZV02', 'IVAN', 'TREJO', 'RAZO', 1, NULL, NULL, NULL, 1, NULL, NULL, NULL, '2016-08-09', NULL, 2, 'INDETERMINADO', '24', 'PRODUCCION FARMA', '235', 'OPERADOR E', 1002, 'FH LAGO ISEO 186', 'ANA ITZEL CORDOVA MARTINEZ', 4981.49, 149445.52, 'activo', NULL, '2026-01-06 18:05:35', '2025-12-23 15:54:40');
INSERT INTO `empleados` VALUES (6240, 1, '2169', 'CAMC730716', 'CAMC730716HDFRJR07', 'JOSE CARMELO', 'CARRETERO', 'MEJIA', 1, NULL, NULL, NULL, 1, NULL, NULL, NULL, '2017-07-05', NULL, 2, 'INDETERMINADO', '24', 'PRODUCCION FARMA', '233', 'OPERADOR C', 1002, 'FH LAGO ISEO 186', 'ANA ITZEL CORDOVA MARTINEZ', 4981.49, 149445.53, 'activo', NULL, '2026-01-06 18:05:35', '2025-12-23 15:54:40');
INSERT INTO `empleados` VALUES (6241, 1, '2171', 'GOZB820715', 'GOZB820715MDFNXR04', 'BRENDA SELENE', 'GONZALEZ', 'ZUÑIGA', 1, NULL, NULL, NULL, 1, NULL, NULL, NULL, '2017-09-25', NULL, 2, 'INDETERMINADO', '24', 'PRODUCCION FARMA', '232', 'OPERADOR B', 1002, 'FH LAGO ISEO 186', 'ANA ITZEL CORDOVA MARTINEZ', 4981.49, 149445.53, 'activo', NULL, '2026-01-06 18:05:35', '2025-12-23 15:54:40');
INSERT INTO `empleados` VALUES (6242, 4, '2533', 'PASF601209', 'PASF601209HOCBNL01', 'FLORENTINO', 'PABLO', 'SANTIAGO', 1, NULL, NULL, NULL, 1, NULL, NULL, NULL, '2024-06-01', NULL, 4, 'ASIMILADOS', '34', 'ASIMILADOS', 'ASIM', 'ASIMILADOS', 9999, 'ASIMILADOS', NULL, 4981.95, 149445.98, 'activo', NULL, '2026-01-06 18:06:04', '2025-12-23 15:54:40');
INSERT INTO `empleados` VALUES (6243, 4, '2541', 'EOGA010828', 'EOGA010828HGRSRRA7', 'ARTURO IVAN', 'ESCOBAR', 'GUERRERO', 1, NULL, NULL, NULL, 1, NULL, NULL, NULL, '2025-03-03', NULL, 4, 'ASIMILADOS', 'ASIM', 'ASIMILADOS', 'ASIM', 'ASIMILADOS', 9999, 'ASIMILADOS', NULL, 4981.95, 149445.98, 'activo', NULL, '2026-01-06 18:06:04', '2025-12-23 15:54:40');
INSERT INTO `empleados` VALUES (6244, 4, '2543', 'LOHG050214', 'LOHG050214HMCPRVA2', 'GEOVANNI ALEXANDER', 'LOPEZ', 'HERNANDEZ', 1, NULL, NULL, NULL, 1, NULL, NULL, NULL, '2025-04-14', NULL, 4, 'ASIMILADOS', 'ASIM', 'ASIMILADOS', 'ASIM', 'ASIMILADOS', 9999, 'ASIMILADOS', NULL, 4981.95, 149445.98, 'activo', NULL, '2026-01-06 18:06:04', '2025-12-23 15:54:40');
INSERT INTO `empleados` VALUES (6245, 4, '2544', 'RIJA021118', 'RIJA021118HMCVMLA2', 'ALAN ALFONSO', 'RIVERA', 'JIMENEZ', 1, NULL, NULL, NULL, 1, NULL, NULL, NULL, '2025-05-28', NULL, 4, 'ASIMILADOS', 'ASIM', 'ASIMILADOS', 'ASIM', 'ASIMILADOS', 9999, 'ASIMILADOS', NULL, 4981.95, 149445.99, 'activo', NULL, '2026-01-06 18:06:04', '2025-12-23 15:54:41');
INSERT INTO `empleados` VALUES (6246, 4, '2545', 'GAMA010301', 'GAMA010301HMCRRLA8', 'ALEXIS YAIR', 'GARCIA', 'MARTINEZ', 1, NULL, NULL, NULL, 1, NULL, NULL, NULL, '2025-05-28', NULL, 4, 'ASIMILADOS', 'ASIM', 'ASIMILADOS', 'ASIM', 'ASIMILADOS', 9999, 'ASIMILADOS', NULL, 4981.95, 149445.99, 'activo', NULL, '2026-01-06 18:06:04', '2025-12-23 15:54:41');
INSERT INTO `empleados` VALUES (6247, 4, '9012', 'OAAE000930', 'OAAE000930MMCCLVA9', 'EVELIN JHOANNA', 'OCAMPO', 'ALONSO', 1, NULL, NULL, NULL, 1, NULL, NULL, NULL, '2025-07-09', NULL, 4, 'ASIMILADOS', 'ASIM', 'ASIMILADOS', 'ASIM', 'ASIMILADOS', 9999, 'ASIMILADOS', NULL, 4981.95, 149445.99, 'activo', NULL, '2026-01-06 18:06:04', '2025-12-23 15:54:41');
INSERT INTO `empleados` VALUES (6248, 4, '9014', 'GOLE021018', 'GOLE021018MMCMPNA6', 'MARIA ENRIQUETA', 'GOMEZ', 'LOPEZ', 1, NULL, NULL, NULL, 1, NULL, NULL, NULL, '2025-09-02', NULL, 4, 'ASIMILADOS', 'ASIM', 'ASIMILADOS', 'ASIM', 'ASIMILADOS', 9999, 'ASIMILADOS', NULL, 4981.95, 149445.99, 'activo', NULL, '2026-01-06 18:06:04', '2025-12-23 15:54:41');
INSERT INTO `empleados` VALUES (6249, 4, '2549', 'SOPJ790110', 'SOPJ790110HDFLVN07', 'JUAN GABRIEL', 'SOLORIO', 'PAVON', 1, NULL, NULL, NULL, 1, NULL, NULL, NULL, '2025-11-14', NULL, 1, 'DETERMINADO', '28', 'TESORERIA', '63', 'ENCARGADO DE PAGOS', 2008, 'HN CORPORATIVO DESP 701', NULL, 4981.95, 149445.99, 'activo', NULL, '2026-01-06 18:06:04', '2025-12-23 15:54:41');
INSERT INTO `empleados` VALUES (6250, 4, '2529', 'GAFL510207', 'GAFL510207HNLRLS05', 'JOSE LUIS', 'GARCIA', 'FLORES', 1, NULL, NULL, NULL, 1, NULL, NULL, NULL, '2024-03-01', NULL, 4, 'ASIMILADOS', '34', 'ASIMILADOS', 'ASIM', 'ASIMILADOS', 9999, 'ASIMILADOS', NULL, 4981.95, 149445.99, 'activo', NULL, '2026-01-06 18:06:04', '2025-12-23 15:54:41');
INSERT INTO `empleados` VALUES (6251, 4, '2003', 'VAVA800525', 'VAVA800525HDFZLN00', 'ANDRES', 'VAZQUEZ', 'VALENCIA', 1, NULL, NULL, NULL, 1, NULL, NULL, NULL, '2016-04-18', NULL, 2, 'INDETERMINADO', '1', 'ADMINISTRACION', '183', 'CHOFER EJECUTIVO', 2013, 'HN SOCIOS', NULL, 4981.96, 149445.99, 'activo', NULL, '2026-01-06 18:06:04', '2025-12-23 15:54:41');
INSERT INTO `empleados` VALUES (6252, 4, '2004', 'MEMS801119', 'MEMS801119HDFJRL06', 'SALVADOR', 'MEJIA', 'MARTINEZ', 1, NULL, NULL, NULL, 1, NULL, NULL, NULL, '2018-06-18', NULL, 2, 'INDETERMINADO', '1', 'ADMINISTRACION', '183', 'CHOFER EJECUTIVO', 2013, 'HN SOCIOS', NULL, 4981.96, 149445.99, 'activo', NULL, '2026-01-06 18:06:04', '2025-12-23 15:54:41');
INSERT INTO `empleados` VALUES (6253, 4, '2128', 'CAGM960120', 'CAGM960120HTSSNN07', 'JOSE MANUEL', 'CASADOS', 'GONZALEZ', 1, NULL, NULL, NULL, 1, NULL, NULL, NULL, '2019-09-23', NULL, 2, 'INDETERMINADO', '1', 'ADMINISTRACION', '13', 'AUDITOR FINANCIERO CORPORATIVO', 2008, 'HN CORPORATIVO DESP 701', NULL, 4981.96, 149445.99, 'activo', NULL, '2026-01-06 18:06:04', '2025-12-23 15:54:42');
INSERT INTO `empleados` VALUES (6254, 4, '2262', 'GOFL650715', 'GOFL650715MTSNRZ06', 'MARIA DE LA LUZ', 'GONZALEZ', 'FERNANDEZ', 1, NULL, NULL, NULL, 1, NULL, NULL, NULL, '2019-10-28', NULL, 2, 'INDETERMINADO', '1', 'ADMINISTRACION', '186', 'GERENTE DE FACTURACION', 2013, 'HN SOCIOS', NULL, 4981.96, 149445.99, 'activo', NULL, '2026-01-06 18:06:04', '2025-12-23 15:54:42');
INSERT INTO `empleados` VALUES (6255, 4, '2542', 'VIOA890303', 'VIOA890303HDFGCB19', 'ABDHUL', 'VIGUERAS', 'OCAMPO', 1, NULL, NULL, NULL, 1, NULL, NULL, NULL, '2025-03-28', NULL, 2, 'INDETERMINADO', '1', 'ADMINISTRACION', '183', 'CHOFER EJECUTIVO', 2013, 'HN SOCIOS', NULL, 4981.96, 149446.00, 'activo', NULL, '2026-01-06 18:06:04', '2025-12-23 15:54:42');
INSERT INTO `empleados` VALUES (6256, 4, '2546', 'HETC860528', 'HETC860528MDFRLR04', 'MARIA DEL CARMEN', 'HERNANDEZ', 'TELLEZ', 1, NULL, NULL, NULL, 1, NULL, NULL, NULL, '2025-06-04', NULL, 2, 'INDETERMINADO', '1', 'ADMINISTRACION', '10', 'ASISTENTE ADMINISTRATIVO', 2008, 'HN CORPORATIVO DESP 701', NULL, 4981.96, 149446.00, 'activo', NULL, '2026-01-06 18:06:04', '2025-12-23 15:54:42');
INSERT INTO `empleados` VALUES (6257, 4, '5378', 'VEON890104', 'VEON890104MMCLJN03', 'NANCY', 'VELAZQUEZ', 'OJEDA', 1, NULL, NULL, NULL, 1, NULL, NULL, NULL, '2021-07-07', NULL, 2, 'INDETERMINADO', '15', 'DIRECCION DE NUEVOS NEGOCIOS', '173', 'REPRESENTANTE DE VENTAS KAM DE PROYECTOS ESPECIALES', 2008, 'HN CORPORATIVO DESP 701', NULL, 4981.96, 149446.00, 'activo', NULL, '2026-01-06 18:06:04', '2025-12-23 15:54:42');
INSERT INTO `empleados` VALUES (6258, 4, '2441', 'OERP681118', 'OERP681118HDFLDR03', 'PORFIRIO', 'OLVERA', 'RODRIGUEZ', 1, NULL, NULL, NULL, 1, NULL, NULL, NULL, '2025-03-18', NULL, 4, 'ASIMILADOS', 'ASIM', 'ASIMILADOS', 'ASIM', 'ASIMILADOS', 9999, 'ASIMILADOS', NULL, 4981.96, 149446.00, 'activo', NULL, '2026-01-06 18:06:04', '2025-12-23 15:54:42');

-- ----------------------------
-- Table structure for empleados_demograficos
-- ----------------------------
DROP TABLE IF EXISTS `empleados_demograficos`;
CREATE TABLE `empleados_demograficos`  (
  `empleado_id` int(11) NOT NULL,
  `sexo` enum('M','F','X') CHARACTER SET utf8mb4 COLLATE utf8mb4_general_ci NULL DEFAULT NULL,
  `fecha_nacimiento` date NULL DEFAULT NULL,
  `escolaridad` varchar(60) CHARACTER SET utf8mb4 COLLATE utf8mb4_general_ci NULL DEFAULT NULL,
  `estado_civil` varchar(30) CHARACTER SET utf8mb4 COLLATE utf8mb4_general_ci NULL DEFAULT NULL,
  `num_hijos` tinyint(4) NULL DEFAULT NULL,
  `updated_at` datetime NOT NULL DEFAULT CURRENT_TIMESTAMP ON UPDATE CURRENT_TIMESTAMP,
  `created_at` datetime NOT NULL DEFAULT CURRENT_TIMESTAMP,
  PRIMARY KEY (`empleado_id`) USING BTREE,
  CONSTRAINT `fk_emp_demo_empleado` FOREIGN KEY (`empleado_id`) REFERENCES `empleados` (`empleado_id`) ON DELETE CASCADE ON UPDATE CASCADE
) ENGINE = InnoDB CHARACTER SET = utf8mb4 COLLATE = utf8mb4_general_ci ROW_FORMAT = Dynamic;

-- ----------------------------
-- Records of empleados_demograficos
-- ----------------------------

-- ----------------------------
-- Table structure for empresas
-- ----------------------------
DROP TABLE IF EXISTS `empresas`;
CREATE TABLE `empresas`  (
  `empresa_id` int(11) NOT NULL AUTO_INCREMENT,
  `nombre` varchar(150) CHARACTER SET utf8mb4 COLLATE utf8mb4_general_ci NOT NULL,
  `alias` varchar(60) CHARACTER SET utf8mb4 COLLATE utf8mb4_general_ci NULL DEFAULT NULL,
  `estatus` tinyint(1) NOT NULL DEFAULT 1,
  `created_at` datetime NOT NULL DEFAULT CURRENT_TIMESTAMP,
  PRIMARY KEY (`empresa_id`) USING BTREE
) ENGINE = InnoDB AUTO_INCREMENT = 5 CHARACTER SET = utf8mb4 COLLATE = utf8mb4_general_ci ROW_FORMAT = Dynamic;

-- ----------------------------
-- Records of empresas
-- ----------------------------
INSERT INTO `empresas` VALUES (1, 'FARMACEUTICA HISPANOAMERICANA S.A. DE C.V.\r\n', 'FH', 1, '2025-12-19 14:20:05');
INSERT INTO `empresas` VALUES (2, 'HEPTAPHARMA S.A. DE C.V.\r\n', 'HP7', 1, '2025-12-19 14:20:05');
INSERT INTO `empresas` VALUES (3, 'ALUTUB S.A. DE C.V.\r\n', 'ALUTUB', 1, '2025-12-19 14:20:05');
INSERT INTO `empresas` VALUES (4, 'HISPANAT S.A. DE C.V.\r\n', 'HN', 1, '2025-12-19 14:20:05');

-- ----------------------------
-- Table structure for nomina_import_detalle
-- ----------------------------
DROP TABLE IF EXISTS `nomina_import_detalle`;
CREATE TABLE `nomina_import_detalle`  (
  `import_detalle_id` int(11) NOT NULL AUTO_INCREMENT,
  `import_id` int(11) NOT NULL,
  `no_emp` varchar(20) CHARACTER SET utf8mb4 COLLATE utf8mb4_general_ci NOT NULL,
  `rfc_base` char(10) CHARACTER SET utf8mb4 COLLATE utf8mb4_general_ci NOT NULL,
  `payload_json` mediumtext CHARACTER SET utf8mb4 COLLATE utf8mb4_general_ci NULL,
  `accion` enum('insert','update','skip','error') CHARACTER SET utf8mb4 COLLATE utf8mb4_general_ci NOT NULL DEFAULT 'skip',
  `mensaje` varchar(255) CHARACTER SET utf8mb4 COLLATE utf8mb4_general_ci NULL DEFAULT NULL,
  `created_at` datetime NOT NULL DEFAULT CURRENT_TIMESTAMP,
  PRIMARY KEY (`import_detalle_id`) USING BTREE,
  INDEX `idx_impd_import`(`import_id`, `accion`) USING BTREE,
  CONSTRAINT `fk_impd_import` FOREIGN KEY (`import_id`) REFERENCES `nomina_importaciones` (`import_id`) ON DELETE CASCADE ON UPDATE CASCADE
) ENGINE = InnoDB AUTO_INCREMENT = 1061 CHARACTER SET = utf8mb4 COLLATE = utf8mb4_general_ci ROW_FORMAT = Dynamic;

-- ----------------------------
-- Records of nomina_import_detalle
-- ----------------------------
INSERT INTO `nomina_import_detalle` VALUES (563, 41, '3298', 'MEMM991009', '{\"empresa_id\":2,\"empresa_nombre\":\"HEPTAPHARMA S.A. DE C.V.\",\"no_emp\":\"3298\",\"rfc_base\":\"MEMM991009\",\"curp\":\"MEMM991009MMCJNT09\",\"es_activo_raw\":\"ACTIVO\",\"es_activo\":1,\"fecha_ingreso\":\"2024-01-15\",\"fecha_baja\":null,\"tipo_empleado_id_raw\":\"2\",\"tipo_empleado_raw\":\"INDETERMINADO\",\"departamento_id_raw\":\"HP6\",\"departamento_raw\":\"VALIDACION\",\"puesto_nomina_id_raw\":\"HP9\",\"puesto_raw\":\"ANALISTA DE VALIDACION\",\"centro_trabajo_id_raw\":\"3000\",\"centro_trabajo_raw\":\"SAN MATEO-HEPTAPHARMA\",\"jefe_inmediato\":\"VIOLETA RAMIREZ TREJO\",\"salario_diario\":4981.1099999999996725819073617458343505859375,\"salario_mensual\":149445.1460000000079162418842315673828125,\"estatus\":\"activo\"}', 'insert', 'OK', '2025-12-22 12:44:05');
INSERT INTO `nomina_import_detalle` VALUES (564, 41, '3301', 'EUBJ010804', '{\"empresa_id\":2,\"empresa_nombre\":\"HEPTAPHARMA S.A. DE C.V.\",\"no_emp\":\"3301\",\"rfc_base\":\"EUBJ010804\",\"curp\":\"EUBJ010804HMCDRNA5\",\"es_activo_raw\":\"ACTIVO\",\"es_activo\":1,\"fecha_ingreso\":\"2024-01-17\",\"fecha_baja\":null,\"tipo_empleado_id_raw\":\"2\",\"tipo_empleado_raw\":\"INDETERMINADO\",\"departamento_id_raw\":\"HP7\",\"departamento_raw\":\"MANTENIMIENTO\",\"puesto_nomina_id_raw\":\"HP46\",\"puesto_raw\":\"TECNICO ELECTROMECANICO\",\"centro_trabajo_id_raw\":\"3000\",\"centro_trabajo_raw\":\"SAN MATEO-HEPTAPHARMA\",\"jefe_inmediato\":\"EDUARDO RODRIGUEZ RAYON\",\"salario_diario\":4981.1109999999998763087205588817596435546875,\"salario_mensual\":149445.146999999997206032276153564453125,\"estatus\":\"activo\"}', 'insert', 'OK', '2025-12-22 12:44:05');
INSERT INTO `nomina_import_detalle` VALUES (565, 41, '3310', 'FOLO690620', '{\"empresa_id\":2,\"empresa_nombre\":\"HEPTAPHARMA S.A. DE C.V.\",\"no_emp\":\"3310\",\"rfc_base\":\"FOLO690620\",\"curp\":\"FOLO690620HDGLST03\",\"es_activo_raw\":\"ACTIVO\",\"es_activo\":1,\"fecha_ingreso\":\"2024-01-29\",\"fecha_baja\":null,\"tipo_empleado_id_raw\":\"2\",\"tipo_empleado_raw\":\"INDETERMINADO\",\"departamento_id_raw\":\"HP4\",\"departamento_raw\":\"ASEGURAMIENTO DE CALIDAD\",\"puesto_nomina_id_raw\":\"HP25\",\"puesto_raw\":\"INSPECTOR DE ASEGURAMIENTO DE CALIDAD\",\"centro_trabajo_id_raw\":\"3000\",\"centro_trabajo_raw\":\"SAN MATEO-HEPTAPHARMA\",\"jefe_inmediato\":\"FATIMA PATRICIA SIMG MENDOZA\",\"salario_diario\":4981.1120000000000800355337560176849365234375,\"salario_mensual\":149445.1479999999864958226680755615234375,\"estatus\":\"activo\"}', 'insert', 'OK', '2025-12-22 12:44:06');
INSERT INTO `nomina_import_detalle` VALUES (566, 41, '3315', 'SAAR970815', '{\"empresa_id\":2,\"empresa_nombre\":\"HEPTAPHARMA S.A. DE C.V.\",\"no_emp\":\"3315\",\"rfc_base\":\"SAAR970815\",\"curp\":\"SAAR970815MMCNLC01\",\"es_activo_raw\":\"ACTIVO\",\"es_activo\":1,\"fecha_ingreso\":\"2024-02-06\",\"fecha_baja\":null,\"tipo_empleado_id_raw\":\"2\",\"tipo_empleado_raw\":\"INDETERMINADO\",\"departamento_id_raw\":\"HP6\",\"departamento_raw\":\"VALIDACION\",\"puesto_nomina_id_raw\":\"HP9\",\"puesto_raw\":\"ANALISTA DE VALIDACION\",\"centro_trabajo_id_raw\":\"3000\",\"centro_trabajo_raw\":\"SAN MATEO-HEPTAPHARMA\",\"jefe_inmediato\":\"VIOLETA RAMIREZ TREJO\",\"salario_diario\":4981.1130000000002837623469531536102294921875,\"salario_mensual\":149445.14900000000488944351673126220703125,\"estatus\":\"activo\"}', 'insert', 'OK', '2025-12-22 12:44:06');
INSERT INTO `nomina_import_detalle` VALUES (567, 41, '3320', 'GAOA770108', '{\"empresa_id\":2,\"empresa_nombre\":\"HEPTAPHARMA S.A. DE C.V.\",\"no_emp\":\"3320\",\"rfc_base\":\"GAOA770108\",\"curp\":\"GAOA770108MMCRRZ08\",\"es_activo_raw\":\"ACTIVO\",\"es_activo\":1,\"fecha_ingreso\":\"2024-02-08\",\"fecha_baja\":null,\"tipo_empleado_id_raw\":\"2\",\"tipo_empleado_raw\":\"INDETERMINADO\",\"departamento_id_raw\":\"HP9\",\"departamento_raw\":\"FABRICACION\",\"puesto_nomina_id_raw\":\"HP84\",\"puesto_raw\":\"OPERADOR C\",\"centro_trabajo_id_raw\":\"3000\",\"centro_trabajo_raw\":\"SAN MATEO-HEPTAPHARMA\",\"jefe_inmediato\":\"SALVADOR MELO REYES\",\"salario_diario\":4981.113999999999577994458377361297607421875,\"salario_mensual\":149445.14999999999417923390865325927734375,\"estatus\":\"activo\"}', 'insert', 'OK', '2025-12-22 12:44:06');
INSERT INTO `nomina_import_detalle` VALUES (568, 41, '3324', 'MOMG640819', '{\"empresa_id\":2,\"empresa_nombre\":\"HEPTAPHARMA S.A. DE C.V.\",\"no_emp\":\"3324\",\"rfc_base\":\"MOMG640819\",\"curp\":\"MOMG640819MDFRRD04\",\"es_activo_raw\":\"ACTIVO\",\"es_activo\":1,\"fecha_ingreso\":\"2024-03-04\",\"fecha_baja\":null,\"tipo_empleado_id_raw\":\"2\",\"tipo_empleado_raw\":\"INDETERMINADO\",\"departamento_id_raw\":\"HP9\",\"departamento_raw\":\"FABRICACION\",\"puesto_nomina_id_raw\":\"HP81\",\"puesto_raw\":\"AYUDANTE GENERAL\",\"centro_trabajo_id_raw\":\"3000\",\"centro_trabajo_raw\":\"SAN MATEO-HEPTAPHARMA\",\"jefe_inmediato\":\"SALVADOR MELO REYES\",\"salario_diario\":4981.114999999999781721271574497222900390625,\"salario_mensual\":149445.1510000000125728547573089599609375,\"estatus\":\"activo\"}', 'insert', 'OK', '2025-12-22 12:44:06');
INSERT INTO `nomina_import_detalle` VALUES (569, 41, '3326', 'GARC000716', '{\"empresa_id\":2,\"empresa_nombre\":\"HEPTAPHARMA S.A. DE C.V.\",\"no_emp\":\"3326\",\"rfc_base\":\"GARC000716\",\"curp\":\"GARC000716MMCRSRA1\",\"es_activo_raw\":\"ACTIVO\",\"es_activo\":1,\"fecha_ingreso\":\"2024-10-11\",\"fecha_baja\":null,\"tipo_empleado_id_raw\":\"2\",\"tipo_empleado_raw\":\"INDETERMINADO\",\"departamento_id_raw\":\"HP5\",\"departamento_raw\":\"CONTROL DE CALIDAD\",\"puesto_nomina_id_raw\":\"HP3\",\"puesto_raw\":\"ANALISTA DE CONTROL MICROBIOLOGICO\",\"centro_trabajo_id_raw\":\"3000\",\"centro_trabajo_raw\":\"SAN MATEO-HEPTAPHARMA\",\"jefe_inmediato\":\"VIOLETA RAMIREZ TREJO\",\"salario_diario\":4981.115999999999985448084771633148193359375,\"salario_mensual\":149445.15200000000186264514923095703125,\"estatus\":\"activo\"}', 'insert', 'OK', '2025-12-22 12:44:06');
INSERT INTO `nomina_import_detalle` VALUES (570, 41, '3333', 'CAAN970205', '{\"empresa_id\":2,\"empresa_nombre\":\"HEPTAPHARMA S.A. DE C.V.\",\"no_emp\":\"3333\",\"rfc_base\":\"CAAN970205\",\"curp\":\"CAAN970205MMCHNN07\",\"es_activo_raw\":\"ACTIVO\",\"es_activo\":1,\"fecha_ingreso\":\"2024-03-19\",\"fecha_baja\":null,\"tipo_empleado_id_raw\":\"2\",\"tipo_empleado_raw\":\"INDETERMINADO\",\"departamento_id_raw\":\"HP9\",\"departamento_raw\":\"FABRICACION\",\"puesto_nomina_id_raw\":\"HP83\",\"puesto_raw\":\"OPERADOR B\",\"centro_trabajo_id_raw\":\"3000\",\"centro_trabajo_raw\":\"SAN MATEO-HEPTAPHARMA\",\"jefe_inmediato\":\"SALVADOR MELO REYES\",\"salario_diario\":4981.117000000000189174897968769073486328125,\"salario_mensual\":149445.1529999999911524355411529541015625,\"estatus\":\"activo\"}', 'insert', 'OK', '2025-12-22 12:44:06');
INSERT INTO `nomina_import_detalle` VALUES (571, 41, '3335', 'MEAD870723', '{\"empresa_id\":2,\"empresa_nombre\":\"HEPTAPHARMA S.A. DE C.V.\",\"no_emp\":\"3335\",\"rfc_base\":\"MEAD870723\",\"curp\":\"MEAD870723MMCJLN04\",\"es_activo_raw\":\"ACTIVO\",\"es_activo\":1,\"fecha_ingreso\":\"2024-03-20\",\"fecha_baja\":null,\"tipo_empleado_id_raw\":\"2\",\"tipo_empleado_raw\":\"INDETERMINADO\",\"departamento_id_raw\":\"HP9\",\"departamento_raw\":\"FABRICACION\",\"puesto_nomina_id_raw\":\"HP85\",\"puesto_raw\":\"OPERADOR D\",\"centro_trabajo_id_raw\":\"3000\",\"centro_trabajo_raw\":\"SAN MATEO-HEPTAPHARMA\",\"jefe_inmediato\":\"SALVADOR MELO REYES\",\"salario_diario\":4981.118000000000392901711165904998779296875,\"salario_mensual\":149445.15400000000954605638980865478515625,\"estatus\":\"activo\"}', 'insert', 'OK', '2025-12-22 12:44:06');
INSERT INTO `nomina_import_detalle` VALUES (572, 41, '3338', 'HEZK011005', '{\"empresa_id\":2,\"empresa_nombre\":\"HEPTAPHARMA S.A. DE C.V.\",\"no_emp\":\"3338\",\"rfc_base\":\"HEZK011005\",\"curp\":\"HEZK011005MMCRRLA3\",\"es_activo_raw\":\"ACTIVO\",\"es_activo\":1,\"fecha_ingreso\":\"2024-04-01\",\"fecha_baja\":null,\"tipo_empleado_id_raw\":\"2\",\"tipo_empleado_raw\":\"INDETERMINADO\",\"departamento_id_raw\":\"HP4\",\"departamento_raw\":\"ASEGURAMIENTO DE CALIDAD\",\"puesto_nomina_id_raw\":\"HP25\",\"puesto_raw\":\"INSPECTOR DE ASEGURAMIENTO DE CALIDAD\",\"centro_trabajo_id_raw\":\"3000\",\"centro_trabajo_raw\":\"SAN MATEO-HEPTAPHARMA\",\"jefe_inmediato\":\"FATIMA PATRICIA SIMG MENDOZA\",\"salario_diario\":4981.1189999999996871338225901126861572265625,\"salario_mensual\":149445.15499999999883584678173065185546875,\"estatus\":\"activo\"}', 'insert', 'OK', '2025-12-22 12:44:06');
INSERT INTO `nomina_import_detalle` VALUES (573, 41, '3342', 'REAA970618', '{\"empresa_id\":2,\"empresa_nombre\":\"HEPTAPHARMA S.A. DE C.V.\",\"no_emp\":\"3342\",\"rfc_base\":\"REAA970618\",\"curp\":\"REAA970618MMCYLR08\",\"es_activo_raw\":\"ACTIVO\",\"es_activo\":1,\"fecha_ingreso\":\"2024-04-17\",\"fecha_baja\":null,\"tipo_empleado_id_raw\":\"2\",\"tipo_empleado_raw\":\"INDETERMINADO\",\"departamento_id_raw\":\"HP9\",\"departamento_raw\":\"FABRICACION\",\"puesto_nomina_id_raw\":\"HP84\",\"puesto_raw\":\"OPERADOR C\",\"centro_trabajo_id_raw\":\"3000\",\"centro_trabajo_raw\":\"SAN MATEO-HEPTAPHARMA\",\"jefe_inmediato\":\"SALVADOR MELO REYES\",\"salario_diario\":4981.1199999999998908606357872486114501953125,\"salario_mensual\":149445.15599999998812563717365264892578125,\"estatus\":\"activo\"}', 'insert', 'OK', '2025-12-22 12:44:06');
INSERT INTO `nomina_import_detalle` VALUES (574, 41, '3344', 'RECE970823', '{\"empresa_id\":2,\"empresa_nombre\":\"HEPTAPHARMA S.A. DE C.V.\",\"no_emp\":\"3344\",\"rfc_base\":\"RECE970823\",\"curp\":\"RECE970823HMCYLL00\",\"es_activo_raw\":\"ACTIVO\",\"es_activo\":1,\"fecha_ingreso\":\"2024-04-22\",\"fecha_baja\":null,\"tipo_empleado_id_raw\":\"2\",\"tipo_empleado_raw\":\"INDETERMINADO\",\"departamento_id_raw\":\"HP6\",\"departamento_raw\":\"VALIDACION\",\"puesto_nomina_id_raw\":\"HP9\",\"puesto_raw\":\"ANALISTA DE VALIDACION\",\"centro_trabajo_id_raw\":\"3000\",\"centro_trabajo_raw\":\"SAN MATEO-HEPTAPHARMA\",\"jefe_inmediato\":\"VIOLETA RAMIREZ TREJO\",\"salario_diario\":4981.1210000000000945874489843845367431640625,\"salario_mensual\":149445.157000000006519258022308349609375,\"estatus\":\"activo\"}', 'insert', 'OK', '2025-12-22 12:44:06');
INSERT INTO `nomina_import_detalle` VALUES (575, 41, '3345', 'HEMI050730', '{\"empresa_id\":2,\"empresa_nombre\":\"HEPTAPHARMA S.A. DE C.V.\",\"no_emp\":\"3345\",\"rfc_base\":\"HEMI050730\",\"curp\":\"HEMI050730MMCRTTA0\",\"es_activo_raw\":\"ACTIVO\",\"es_activo\":1,\"fecha_ingreso\":\"2024-04-24\",\"fecha_baja\":null,\"tipo_empleado_id_raw\":\"2\",\"tipo_empleado_raw\":\"INDETERMINADO\",\"departamento_id_raw\":\"HP9\",\"departamento_raw\":\"FABRICACION\",\"puesto_nomina_id_raw\":\"HP81\",\"puesto_raw\":\"AYUDANTE GENERAL\",\"centro_trabajo_id_raw\":\"3000\",\"centro_trabajo_raw\":\"SAN MATEO-HEPTAPHARMA\",\"jefe_inmediato\":\"SALVADOR MELO REYES\",\"salario_diario\":4981.1220000000002983142621815204620361328125,\"salario_mensual\":149445.1579999999958090484142303466796875,\"estatus\":\"activo\"}', 'insert', 'OK', '2025-12-22 12:44:07');
INSERT INTO `nomina_import_detalle` VALUES (576, 41, '3353', 'CESM720722', '{\"empresa_id\":2,\"empresa_nombre\":\"HEPTAPHARMA S.A. DE C.V.\",\"no_emp\":\"3353\",\"rfc_base\":\"CESM720722\",\"curp\":\"CESM720722MPLBLG02\",\"es_activo_raw\":\"ACTIVO\",\"es_activo\":1,\"fecha_ingreso\":\"2024-04-26\",\"fecha_baja\":null,\"tipo_empleado_id_raw\":\"2\",\"tipo_empleado_raw\":\"INDETERMINADO\",\"departamento_id_raw\":\"HP7\",\"departamento_raw\":\"MANTENIMIENTO\",\"puesto_nomina_id_raw\":\"HP15\",\"puesto_raw\":\"AUXILIAR DE LIMPIEZA DE SERVICIOS GENERALES\",\"centro_trabajo_id_raw\":\"3000\",\"centro_trabajo_raw\":\"SAN MATEO-HEPTAPHARMA\",\"jefe_inmediato\":\"EDUARDO RODRIGUEZ RAYON\",\"salario_diario\":4981.1229999999995925463736057281494140625,\"salario_mensual\":149445.15900000001420266926288604736328125,\"estatus\":\"activo\"}', 'insert', 'OK', '2025-12-22 12:44:07');
INSERT INTO `nomina_import_detalle` VALUES (577, 41, '3360', 'MORL950305', '{\"empresa_id\":2,\"empresa_nombre\":\"HEPTAPHARMA S.A. DE C.V.\",\"no_emp\":\"3360\",\"rfc_base\":\"MORL950305\",\"curp\":\"MORL950305MMCRSL06\",\"es_activo_raw\":\"ACTIVO\",\"es_activo\":1,\"fecha_ingreso\":\"2024-05-03\",\"fecha_baja\":null,\"tipo_empleado_id_raw\":\"2\",\"tipo_empleado_raw\":\"INDETERMINADO\",\"departamento_id_raw\":\"HP4\",\"departamento_raw\":\"ASEGURAMIENTO DE CALIDAD\",\"puesto_nomina_id_raw\":\"HP4\",\"puesto_raw\":\"ANALISTA DE DOCUMENTACION\",\"centro_trabajo_id_raw\":\"3000\",\"centro_trabajo_raw\":\"SAN MATEO-HEPTAPHARMA\",\"jefe_inmediato\":\"FATIMA PATRICIA SIMG MENDOZA\",\"salario_diario\":4981.12399999999979627318680286407470703125,\"salario_mensual\":149445.16000000000349245965480804443359375,\"estatus\":\"activo\"}', 'insert', 'OK', '2025-12-22 12:44:07');
INSERT INTO `nomina_import_detalle` VALUES (578, 41, '3364', 'RIAD720909', '{\"empresa_id\":2,\"empresa_nombre\":\"HEPTAPHARMA S.A. DE C.V.\",\"no_emp\":\"3364\",\"rfc_base\":\"RIAD720909\",\"curp\":\"RIAD720909MMCXLR01\",\"es_activo_raw\":\"ACTIVO\",\"es_activo\":1,\"fecha_ingreso\":\"2024-05-06\",\"fecha_baja\":null,\"tipo_empleado_id_raw\":\"2\",\"tipo_empleado_raw\":\"INDETERMINADO\",\"departamento_id_raw\":\"HP9\",\"departamento_raw\":\"FABRICACION\",\"puesto_nomina_id_raw\":\"HP81\",\"puesto_raw\":\"AYUDANTE GENERAL\",\"centro_trabajo_id_raw\":\"3000\",\"centro_trabajo_raw\":\"SAN MATEO-HEPTAPHARMA\",\"jefe_inmediato\":\"SALVADOR MELO REYES\",\"salario_diario\":4981.125,\"salario_mensual\":149445.16099999999278225004673004150390625,\"estatus\":\"activo\"}', 'insert', 'OK', '2025-12-22 12:44:07');
INSERT INTO `nomina_import_detalle` VALUES (579, 41, '3366', 'DIEM801122', '{\"empresa_id\":2,\"empresa_nombre\":\"HEPTAPHARMA S.A. DE C.V.\",\"no_emp\":\"3366\",\"rfc_base\":\"DIEM801122\",\"curp\":\"DIEM801122MMCSNN05\",\"es_activo_raw\":\"ACTIVO\",\"es_activo\":1,\"fecha_ingreso\":\"2024-05-08\",\"fecha_baja\":null,\"tipo_empleado_id_raw\":\"2\",\"tipo_empleado_raw\":\"INDETERMINADO\",\"departamento_id_raw\":\"HP9\",\"departamento_raw\":\"FABRICACION\",\"puesto_nomina_id_raw\":\"HP83\",\"puesto_raw\":\"OPERADOR B\",\"centro_trabajo_id_raw\":\"3000\",\"centro_trabajo_raw\":\"SAN MATEO-HEPTAPHARMA\",\"jefe_inmediato\":\"SALVADOR MELO REYES\",\"salario_diario\":4981.12600000000020372681319713592529296875,\"salario_mensual\":149445.1620000000111758708953857421875,\"estatus\":\"activo\"}', 'insert', 'OK', '2025-12-22 12:44:07');
INSERT INTO `nomina_import_detalle` VALUES (580, 41, '3367', 'POVE701225', '{\"empresa_id\":2,\"empresa_nombre\":\"HEPTAPHARMA S.A. DE C.V.\",\"no_emp\":\"3367\",\"rfc_base\":\"POVE701225\",\"curp\":\"POVE701225MMCRLV06\",\"es_activo_raw\":\"ACTIVO\",\"es_activo\":1,\"fecha_ingreso\":\"2024-05-08\",\"fecha_baja\":null,\"tipo_empleado_id_raw\":\"2\",\"tipo_empleado_raw\":\"INDETERMINADO\",\"departamento_id_raw\":\"HP9\",\"departamento_raw\":\"FABRICACION\",\"puesto_nomina_id_raw\":\"HP81\",\"puesto_raw\":\"AYUDANTE GENERAL\",\"centro_trabajo_id_raw\":\"3000\",\"centro_trabajo_raw\":\"SAN MATEO-HEPTAPHARMA\",\"jefe_inmediato\":\"SALVADOR MELO REYES\",\"salario_diario\":4981.1270000000004074536263942718505859375,\"salario_mensual\":149445.1630000000004656612873077392578125,\"estatus\":\"activo\"}', 'insert', 'OK', '2025-12-22 12:44:07');
INSERT INTO `nomina_import_detalle` VALUES (581, 41, '3371', 'GOVJ960423', '{\"empresa_id\":2,\"empresa_nombre\":\"HEPTAPHARMA S.A. DE C.V.\",\"no_emp\":\"3371\",\"rfc_base\":\"GOVJ960423\",\"curp\":\"GOVJ960423HMCNLR00\",\"es_activo_raw\":\"ACTIVO\",\"es_activo\":1,\"fecha_ingreso\":\"2024-05-09\",\"fecha_baja\":null,\"tipo_empleado_id_raw\":\"2\",\"tipo_empleado_raw\":\"INDETERMINADO\",\"departamento_id_raw\":\"HP9\",\"departamento_raw\":\"FABRICACION\",\"puesto_nomina_id_raw\":\"HP85\",\"puesto_raw\":\"OPERADOR D\",\"centro_trabajo_id_raw\":\"3000\",\"centro_trabajo_raw\":\"SAN MATEO-HEPTAPHARMA\",\"jefe_inmediato\":\"SALVADOR MELO REYES\",\"salario_diario\":4981.1279999999997016857378184795379638671875,\"salario_mensual\":149445.163999999989755451679229736328125,\"estatus\":\"activo\"}', 'insert', 'OK', '2025-12-22 12:44:07');
INSERT INTO `nomina_import_detalle` VALUES (582, 41, '3372', 'AAGA990318', '{\"empresa_id\":2,\"empresa_nombre\":\"HEPTAPHARMA S.A. DE C.V.\",\"no_emp\":\"3372\",\"rfc_base\":\"AAGA990318\",\"curp\":\"AAGA990318HMCLDL04\",\"es_activo_raw\":\"ACTIVO\",\"es_activo\":1,\"fecha_ingreso\":\"2024-05-13\",\"fecha_baja\":null,\"tipo_empleado_id_raw\":\"2\",\"tipo_empleado_raw\":\"INDETERMINADO\",\"departamento_id_raw\":\"HP9\",\"departamento_raw\":\"FABRICACION\",\"puesto_nomina_id_raw\":\"HP84\",\"puesto_raw\":\"OPERADOR C\",\"centro_trabajo_id_raw\":\"3000\",\"centro_trabajo_raw\":\"SAN MATEO-HEPTAPHARMA\",\"jefe_inmediato\":\"SALVADOR MELO REYES\",\"salario_diario\":4981.1289999999999054125510156154632568359375,\"salario_mensual\":149445.16500000000814907252788543701171875,\"estatus\":\"activo\"}', 'insert', 'OK', '2025-12-22 12:44:07');
INSERT INTO `nomina_import_detalle` VALUES (583, 41, '3373', 'COSR870522', '{\"empresa_id\":2,\"empresa_nombre\":\"HEPTAPHARMA S.A. DE C.V.\",\"no_emp\":\"3373\",\"rfc_base\":\"COSR870522\",\"curp\":\"COSR870522MGRRLT09\",\"es_activo_raw\":\"ACTIVO\",\"es_activo\":1,\"fecha_ingreso\":\"2024-05-13\",\"fecha_baja\":null,\"tipo_empleado_id_raw\":\"2\",\"tipo_empleado_raw\":\"INDETERMINADO\",\"departamento_id_raw\":\"HP9\",\"departamento_raw\":\"FABRICACION\",\"puesto_nomina_id_raw\":\"HP81\",\"puesto_raw\":\"AYUDANTE GENERAL\",\"centro_trabajo_id_raw\":\"3000\",\"centro_trabajo_raw\":\"SAN MATEO-HEPTAPHARMA\",\"jefe_inmediato\":\"SALVADOR MELO REYES\",\"salario_diario\":4981.1300000000001091393642127513885498046875,\"salario_mensual\":149445.16599999999743886291980743408203125,\"estatus\":\"activo\"}', 'insert', 'OK', '2025-12-22 12:44:08');
INSERT INTO `nomina_import_detalle` VALUES (584, 41, '3382', 'VIRR041020', '{\"empresa_id\":2,\"empresa_nombre\":\"HEPTAPHARMA S.A. DE C.V.\",\"no_emp\":\"3382\",\"rfc_base\":\"VIRR041020\",\"curp\":\"VIRR041020MMCLYTA9\",\"es_activo_raw\":\"ACTIVO\",\"es_activo\":1,\"fecha_ingreso\":\"2024-05-20\",\"fecha_baja\":null,\"tipo_empleado_id_raw\":\"2\",\"tipo_empleado_raw\":\"INDETERMINADO\",\"departamento_id_raw\":\"HP9\",\"departamento_raw\":\"FABRICACION\",\"puesto_nomina_id_raw\":\"HP81\",\"puesto_raw\":\"AYUDANTE GENERAL\",\"centro_trabajo_id_raw\":\"3000\",\"centro_trabajo_raw\":\"SAN MATEO-HEPTAPHARMA\",\"jefe_inmediato\":\"SALVADOR MELO REYES\",\"salario_diario\":4981.1310000000003128661774098873138427734375,\"salario_mensual\":149445.16699999998672865331172943115234375,\"estatus\":\"activo\"}', 'insert', 'OK', '2025-12-22 12:44:08');
INSERT INTO `nomina_import_detalle` VALUES (585, 41, '3383', 'CADS991211', '{\"empresa_id\":2,\"empresa_nombre\":\"HEPTAPHARMA S.A. DE C.V.\",\"no_emp\":\"3383\",\"rfc_base\":\"CADS991211\",\"curp\":\"CADS991211MMCSZN05\",\"es_activo_raw\":\"ACTIVO\",\"es_activo\":1,\"fecha_ingreso\":\"2024-05-24\",\"fecha_baja\":null,\"tipo_empleado_id_raw\":\"2\",\"tipo_empleado_raw\":\"INDETERMINADO\",\"departamento_id_raw\":\"HP9\",\"departamento_raw\":\"FABRICACION\",\"puesto_nomina_id_raw\":\"HP81\",\"puesto_raw\":\"AYUDANTE GENERAL\",\"centro_trabajo_id_raw\":\"3000\",\"centro_trabajo_raw\":\"SAN MATEO-HEPTAPHARMA\",\"jefe_inmediato\":\"SALVADOR MELO REYES\",\"salario_diario\":4981.131999999999607098288834095001220703125,\"salario_mensual\":149445.1680000000051222741603851318359375,\"estatus\":\"activo\"}', 'insert', 'OK', '2025-12-22 12:44:08');
INSERT INTO `nomina_import_detalle` VALUES (586, 41, '3384', 'DANJ990227', '{\"empresa_id\":2,\"empresa_nombre\":\"HEPTAPHARMA S.A. DE C.V.\",\"no_emp\":\"3384\",\"rfc_base\":\"DANJ990227\",\"curp\":\"DANJ990227HMCVVR01\",\"es_activo_raw\":\"ACTIVO\",\"es_activo\":1,\"fecha_ingreso\":\"2025-10-07\",\"fecha_baja\":null,\"tipo_empleado_id_raw\":\"1\",\"tipo_empleado_raw\":\"DETERMINADO\",\"departamento_id_raw\":\"HP12\",\"departamento_raw\":\"METROLOGIA\",\"puesto_nomina_id_raw\":\"HP73\",\"puesto_raw\":\"QUIMICO DE METROLOGIA\",\"centro_trabajo_id_raw\":\"3000\",\"centro_trabajo_raw\":\"SAN MATEO-HEPTAPHARMA\",\"jefe_inmediato\":\"\",\"salario_diario\":4981.132999999999810825102031230926513671875,\"salario_mensual\":149445.16899999999441206455230712890625,\"estatus\":\"activo\"}', 'insert', 'OK', '2025-12-22 12:44:08');
INSERT INTO `nomina_import_detalle` VALUES (587, 41, '3386', 'ZAPK890303', '{\"empresa_id\":2,\"empresa_nombre\":\"HEPTAPHARMA S.A. DE C.V.\",\"no_emp\":\"3386\",\"rfc_base\":\"ZAPK890303\",\"curp\":\"ZAPK890303MDFRRR04\",\"es_activo_raw\":\"ACTIVO\",\"es_activo\":1,\"fecha_ingreso\":\"2024-05-27\",\"fecha_baja\":null,\"tipo_empleado_id_raw\":\"2\",\"tipo_empleado_raw\":\"INDETERMINADO\",\"departamento_id_raw\":\"HP6\",\"departamento_raw\":\"VALIDACION\",\"puesto_nomina_id_raw\":\"HP9\",\"puesto_raw\":\"ANALISTA DE VALIDACION\",\"centro_trabajo_id_raw\":\"3000\",\"centro_trabajo_raw\":\"SAN MATEO-HEPTAPHARMA\",\"jefe_inmediato\":\"VIOLETA RAMIREZ TREJO\",\"salario_diario\":4981.134000000000014551915228366851806640625,\"salario_mensual\":149445.17000000001280568540096282958984375,\"estatus\":\"activo\"}', 'insert', 'OK', '2025-12-22 12:44:08');
INSERT INTO `nomina_import_detalle` VALUES (588, 41, '3392', 'VIGJ620808', '{\"empresa_id\":2,\"empresa_nombre\":\"HEPTAPHARMA S.A. DE C.V.\",\"no_emp\":\"3392\",\"rfc_base\":\"VIGJ620808\",\"curp\":\"VIGJ620808HDFYRN04\",\"es_activo_raw\":\"ACTIVO\",\"es_activo\":1,\"fecha_ingreso\":\"2024-05-31\",\"fecha_baja\":null,\"tipo_empleado_id_raw\":\"2\",\"tipo_empleado_raw\":\"INDETERMINADO\",\"departamento_id_raw\":\"HP9\",\"departamento_raw\":\"FABRICACION\",\"puesto_nomina_id_raw\":\"HP81\",\"puesto_raw\":\"AYUDANTE GENERAL\",\"centro_trabajo_id_raw\":\"3000\",\"centro_trabajo_raw\":\"SAN MATEO-HEPTAPHARMA\",\"jefe_inmediato\":\"SALVADOR MELO REYES\",\"salario_diario\":4981.135000000000218278728425502777099609375,\"salario_mensual\":149445.17100000000209547579288482666015625,\"estatus\":\"activo\"}', 'insert', 'OK', '2025-12-22 12:44:08');
INSERT INTO `nomina_import_detalle` VALUES (589, 41, '3394', 'FARR931017', '{\"empresa_id\":2,\"empresa_nombre\":\"HEPTAPHARMA S.A. DE C.V.\",\"no_emp\":\"3394\",\"rfc_base\":\"FARR931017\",\"curp\":\"FARR931017MMCRVS05\",\"es_activo_raw\":\"ACTIVO\",\"es_activo\":1,\"fecha_ingreso\":\"2024-06-03\",\"fecha_baja\":null,\"tipo_empleado_id_raw\":\"2\",\"tipo_empleado_raw\":\"INDETERMINADO\",\"departamento_id_raw\":\"HP12\",\"departamento_raw\":\"METROLOGIA\",\"puesto_nomina_id_raw\":\"HP73\",\"puesto_raw\":\"QUIMICO DE METROLOGIA\",\"centro_trabajo_id_raw\":\"3000\",\"centro_trabajo_raw\":\"SAN MATEO-HEPTAPHARMA\",\"jefe_inmediato\":\"VIOLETA RAMIREZ TREJO\",\"salario_diario\":4981.136000000000422005541622638702392578125,\"salario_mensual\":149445.17199999999138526618480682373046875,\"estatus\":\"activo\"}', 'insert', 'OK', '2025-12-22 12:44:08');
INSERT INTO `nomina_import_detalle` VALUES (590, 41, '3399', 'MOGC941001', '{\"empresa_id\":2,\"empresa_nombre\":\"HEPTAPHARMA S.A. DE C.V.\",\"no_emp\":\"3399\",\"rfc_base\":\"MOGC941001\",\"curp\":\"MOGC941001MMCNNR01\",\"es_activo_raw\":\"ACTIVO\",\"es_activo\":1,\"fecha_ingreso\":\"2024-06-07\",\"fecha_baja\":null,\"tipo_empleado_id_raw\":\"2\",\"tipo_empleado_raw\":\"INDETERMINADO\",\"departamento_id_raw\":\"HP9\",\"departamento_raw\":\"FABRICACION\",\"puesto_nomina_id_raw\":\"HP81\",\"puesto_raw\":\"AYUDANTE GENERAL\",\"centro_trabajo_id_raw\":\"3000\",\"centro_trabajo_raw\":\"SAN MATEO-HEPTAPHARMA\",\"jefe_inmediato\":\"SALVADOR MELO REYES\",\"salario_diario\":4981.1369999999997162376530468463897705078125,\"salario_mensual\":149445.1730000000097788870334625244140625,\"estatus\":\"activo\"}', 'insert', 'OK', '2025-12-22 12:44:08');
INSERT INTO `nomina_import_detalle` VALUES (591, 41, '3400', 'JUBP920311', '{\"empresa_id\":2,\"empresa_nombre\":\"HEPTAPHARMA S.A. DE C.V.\",\"no_emp\":\"3400\",\"rfc_base\":\"JUBP920311\",\"curp\":\"JUBP920311MMCRLL02\",\"es_activo_raw\":\"ACTIVO\",\"es_activo\":1,\"fecha_ingreso\":\"2024-06-07\",\"fecha_baja\":null,\"tipo_empleado_id_raw\":\"2\",\"tipo_empleado_raw\":\"INDETERMINADO\",\"departamento_id_raw\":\"HP9\",\"departamento_raw\":\"FABRICACION\",\"puesto_nomina_id_raw\":\"HP81\",\"puesto_raw\":\"AYUDANTE GENERAL\",\"centro_trabajo_id_raw\":\"3000\",\"centro_trabajo_raw\":\"SAN MATEO-HEPTAPHARMA\",\"jefe_inmediato\":\"SALVADOR MELO REYES\",\"salario_diario\":4981.1379999999999199644662439823150634765625,\"salario_mensual\":149445.173999999999068677425384521484375,\"estatus\":\"activo\"}', 'insert', 'OK', '2025-12-22 12:44:09');
INSERT INTO `nomina_import_detalle` VALUES (592, 41, '3404', 'VEEX021221', '{\"empresa_id\":2,\"empresa_nombre\":\"HEPTAPHARMA S.A. DE C.V.\",\"no_emp\":\"3404\",\"rfc_base\":\"VEEX021221\",\"curp\":\"VEEX021221MMCLSMA4\",\"es_activo_raw\":\"ACTIVO\",\"es_activo\":1,\"fecha_ingreso\":\"2024-06-12\",\"fecha_baja\":null,\"tipo_empleado_id_raw\":\"2\",\"tipo_empleado_raw\":\"INDETERMINADO\",\"departamento_id_raw\":\"HP4\",\"departamento_raw\":\"ASEGURAMIENTO DE CALIDAD\",\"puesto_nomina_id_raw\":\"HP6\",\"puesto_raw\":\"ANALISTA DE SISTEMA DE CALIDAD\",\"centro_trabajo_id_raw\":\"3000\",\"centro_trabajo_raw\":\"SAN MATEO-HEPTAPHARMA\",\"jefe_inmediato\":\"FATIMA PATRICIA SIMG MENDOZA\",\"salario_diario\":4981.1390000000001236912794411182403564453125,\"salario_mensual\":149445.1749999999883584678173065185546875,\"estatus\":\"activo\"}', 'insert', 'OK', '2025-12-22 12:44:09');
INSERT INTO `nomina_import_detalle` VALUES (593, 41, '3405', 'AAVD020712', '{\"empresa_id\":2,\"empresa_nombre\":\"HEPTAPHARMA S.A. DE C.V.\",\"no_emp\":\"3405\",\"rfc_base\":\"AAVD020712\",\"curp\":\"AAVD020712HMCLLGA3\",\"es_activo_raw\":\"ACTIVO\",\"es_activo\":1,\"fecha_ingreso\":\"2024-06-12\",\"fecha_baja\":null,\"tipo_empleado_id_raw\":\"2\",\"tipo_empleado_raw\":\"INDETERMINADO\",\"departamento_id_raw\":\"HP9\",\"departamento_raw\":\"FABRICACION\",\"puesto_nomina_id_raw\":\"HP84\",\"puesto_raw\":\"OPERADOR C\",\"centro_trabajo_id_raw\":\"3000\",\"centro_trabajo_raw\":\"SAN MATEO-HEPTAPHARMA\",\"jefe_inmediato\":\"SALVADOR MELO REYES\",\"salario_diario\":4981.1400000000003274180926382541656494140625,\"salario_mensual\":149445.17600000000675208866596221923828125,\"estatus\":\"activo\"}', 'insert', 'OK', '2025-12-22 12:44:09');
INSERT INTO `nomina_import_detalle` VALUES (594, 41, '3406', 'MAGF860625', '{\"empresa_id\":2,\"empresa_nombre\":\"HEPTAPHARMA S.A. DE C.V.\",\"no_emp\":\"3406\",\"rfc_base\":\"MAGF860625\",\"curp\":\"MAGF860625HMCRRL05\",\"es_activo_raw\":\"ACTIVO\",\"es_activo\":1,\"fecha_ingreso\":\"2024-06-12\",\"fecha_baja\":null,\"tipo_empleado_id_raw\":\"2\",\"tipo_empleado_raw\":\"INDETERMINADO\",\"departamento_id_raw\":\"HP9\",\"departamento_raw\":\"FABRICACION\",\"puesto_nomina_id_raw\":\"HP85\",\"puesto_raw\":\"OPERADOR D\",\"centro_trabajo_id_raw\":\"3000\",\"centro_trabajo_raw\":\"SAN MATEO-HEPTAPHARMA\",\"jefe_inmediato\":\"SALVADOR MELO REYES\",\"salario_diario\":4981.14099999999962165020406246185302734375,\"salario_mensual\":149445.17699999999604187905788421630859375,\"estatus\":\"activo\"}', 'insert', 'OK', '2025-12-22 12:44:09');
INSERT INTO `nomina_import_detalle` VALUES (595, 41, '3407', 'VAAA961130', '{\"empresa_id\":2,\"empresa_nombre\":\"HEPTAPHARMA S.A. DE C.V.\",\"no_emp\":\"3407\",\"rfc_base\":\"VAAA961130\",\"curp\":\"VAAA961130MMCLGN07\",\"es_activo_raw\":\"ACTIVO\",\"es_activo\":1,\"fecha_ingreso\":\"2024-06-12\",\"fecha_baja\":null,\"tipo_empleado_id_raw\":\"2\",\"tipo_empleado_raw\":\"INDETERMINADO\",\"departamento_id_raw\":\"HP9\",\"departamento_raw\":\"FABRICACION\",\"puesto_nomina_id_raw\":\"HP81\",\"puesto_raw\":\"AYUDANTE GENERAL\",\"centro_trabajo_id_raw\":\"3000\",\"centro_trabajo_raw\":\"SAN MATEO-HEPTAPHARMA\",\"jefe_inmediato\":\"SALVADOR MELO REYES\",\"salario_diario\":4981.1419999999998253770172595977783203125,\"salario_mensual\":149445.1780000000144354999065399169921875,\"estatus\":\"activo\"}', 'insert', 'OK', '2025-12-22 12:44:09');
INSERT INTO `nomina_import_detalle` VALUES (596, 41, '3409', 'MEEJ970128', '{\"empresa_id\":2,\"empresa_nombre\":\"HEPTAPHARMA S.A. DE C.V.\",\"no_emp\":\"3409\",\"rfc_base\":\"MEEJ970128\",\"curp\":\"MEEJ970128MMCNSL01\",\"es_activo_raw\":\"ACTIVO\",\"es_activo\":1,\"fecha_ingreso\":\"2024-06-14\",\"fecha_baja\":null,\"tipo_empleado_id_raw\":\"2\",\"tipo_empleado_raw\":\"INDETERMINADO\",\"departamento_id_raw\":\"HP9\",\"departamento_raw\":\"FABRICACION\",\"puesto_nomina_id_raw\":\"HP85\",\"puesto_raw\":\"OPERADOR D\",\"centro_trabajo_id_raw\":\"3000\",\"centro_trabajo_raw\":\"SAN MATEO-HEPTAPHARMA\",\"jefe_inmediato\":\"SALVADOR MELO REYES\",\"salario_diario\":4981.14300000000002910383045673370361328125,\"salario_mensual\":149445.1790000000037252902984619140625,\"estatus\":\"activo\"}', 'insert', 'OK', '2025-12-22 12:44:09');
INSERT INTO `nomina_import_detalle` VALUES (597, 41, '3412', 'BERM680315', '{\"empresa_id\":2,\"empresa_nombre\":\"HEPTAPHARMA S.A. DE C.V.\",\"no_emp\":\"3412\",\"rfc_base\":\"BERM680315\",\"curp\":\"BERM680315MDFNSR08\",\"es_activo_raw\":\"ACTIVO\",\"es_activo\":1,\"fecha_ingreso\":\"2024-06-14\",\"fecha_baja\":null,\"tipo_empleado_id_raw\":\"2\",\"tipo_empleado_raw\":\"INDETERMINADO\",\"departamento_id_raw\":\"HP9\",\"departamento_raw\":\"FABRICACION\",\"puesto_nomina_id_raw\":\"HP81\",\"puesto_raw\":\"AYUDANTE GENERAL\",\"centro_trabajo_id_raw\":\"3000\",\"centro_trabajo_raw\":\"SAN MATEO-HEPTAPHARMA\",\"jefe_inmediato\":\"SALVADOR MELO REYES\",\"salario_diario\":4981.14400000000023283064365386962890625,\"salario_mensual\":149445.1799999999930150806903839111328125,\"estatus\":\"activo\"}', 'insert', 'OK', '2025-12-22 12:44:09');
INSERT INTO `nomina_import_detalle` VALUES (598, 41, '3418', 'DIRD970430', '{\"empresa_id\":2,\"empresa_nombre\":\"HEPTAPHARMA S.A. DE C.V.\",\"no_emp\":\"3418\",\"rfc_base\":\"DIRD970430\",\"curp\":\"DIRD970430MMCZMM00\",\"es_activo_raw\":\"ACTIVO\",\"es_activo\":1,\"fecha_ingreso\":\"2024-06-19\",\"fecha_baja\":null,\"tipo_empleado_id_raw\":\"2\",\"tipo_empleado_raw\":\"INDETERMINADO\",\"departamento_id_raw\":\"HP9\",\"departamento_raw\":\"FABRICACION\",\"puesto_nomina_id_raw\":\"HP81\",\"puesto_raw\":\"AYUDANTE GENERAL\",\"centro_trabajo_id_raw\":\"3000\",\"centro_trabajo_raw\":\"SAN MATEO-HEPTAPHARMA\",\"jefe_inmediato\":\"SALVADOR MELO REYES\",\"salario_diario\":4981.14500000000043655745685100555419921875,\"salario_mensual\":149445.18100000001140870153903961181640625,\"estatus\":\"activo\"}', 'insert', 'OK', '2025-12-22 12:44:09');
INSERT INTO `nomina_import_detalle` VALUES (599, 41, '3424', 'CACM950310', '{\"empresa_id\":2,\"empresa_nombre\":\"HEPTAPHARMA S.A. DE C.V.\",\"no_emp\":\"3424\",\"rfc_base\":\"CACM950310\",\"curp\":\"CACM950310MPLRRR08\",\"es_activo_raw\":\"ACTIVO\",\"es_activo\":1,\"fecha_ingreso\":\"2024-06-24\",\"fecha_baja\":null,\"tipo_empleado_id_raw\":\"2\",\"tipo_empleado_raw\":\"INDETERMINADO\",\"departamento_id_raw\":\"HP6\",\"departamento_raw\":\"VALIDACION\",\"puesto_nomina_id_raw\":\"HP9\",\"puesto_raw\":\"ANALISTA DE VALIDACION\",\"centro_trabajo_id_raw\":\"3000\",\"centro_trabajo_raw\":\"SAN MATEO-HEPTAPHARMA\",\"jefe_inmediato\":\"VIOLETA RAMIREZ TREJO\",\"salario_diario\":4981.1459999999997307895682752132415771484375,\"salario_mensual\":149445.18200000000069849193096160888671875,\"estatus\":\"activo\"}', 'insert', 'OK', '2025-12-22 12:44:10');
INSERT INTO `nomina_import_detalle` VALUES (600, 41, '3426', 'VAAA910726', '{\"empresa_id\":2,\"empresa_nombre\":\"HEPTAPHARMA S.A. DE C.V.\",\"no_emp\":\"3426\",\"rfc_base\":\"VAAA910726\",\"curp\":\"VAAA910726MMCLGN04\",\"es_activo_raw\":\"ACTIVO\",\"es_activo\":1,\"fecha_ingreso\":\"2024-07-05\",\"fecha_baja\":null,\"tipo_empleado_id_raw\":\"2\",\"tipo_empleado_raw\":\"INDETERMINADO\",\"departamento_id_raw\":\"HP9\",\"departamento_raw\":\"FABRICACION\",\"puesto_nomina_id_raw\":\"HP81\",\"puesto_raw\":\"AYUDANTE GENERAL\",\"centro_trabajo_id_raw\":\"3000\",\"centro_trabajo_raw\":\"SAN MATEO-HEPTAPHARMA\",\"jefe_inmediato\":\"SALVADOR MELO REYES\",\"salario_diario\":4981.1469999999999345163814723491668701171875,\"salario_mensual\":149445.18299999998998828232288360595703125,\"estatus\":\"activo\"}', 'insert', 'OK', '2025-12-22 12:44:10');
INSERT INTO `nomina_import_detalle` VALUES (601, 41, '3427', 'COVE881126', '{\"empresa_id\":2,\"empresa_nombre\":\"HEPTAPHARMA S.A. DE C.V.\",\"no_emp\":\"3427\",\"rfc_base\":\"COVE881126\",\"curp\":\"COVE881126MMCRNL07\",\"es_activo_raw\":\"ACTIVO\",\"es_activo\":1,\"fecha_ingreso\":\"2024-07-05\",\"fecha_baja\":null,\"tipo_empleado_id_raw\":\"2\",\"tipo_empleado_raw\":\"INDETERMINADO\",\"departamento_id_raw\":\"HP9\",\"departamento_raw\":\"FABRICACION\",\"puesto_nomina_id_raw\":\"HP82\",\"puesto_raw\":\"OPERADOR A\",\"centro_trabajo_id_raw\":\"3000\",\"centro_trabajo_raw\":\"SAN MATEO-HEPTAPHARMA\",\"jefe_inmediato\":\"SALVADOR MELO REYES\",\"salario_diario\":4981.1480000000001382431946694850921630859375,\"salario_mensual\":149445.184000000008381903171539306640625,\"estatus\":\"activo\"}', 'insert', 'OK', '2025-12-22 12:44:10');
INSERT INTO `nomina_import_detalle` VALUES (602, 41, '3429', 'GOFY950517', '{\"empresa_id\":2,\"empresa_nombre\":\"HEPTAPHARMA S.A. DE C.V.\",\"no_emp\":\"3429\",\"rfc_base\":\"GOFY950517\",\"curp\":\"GOFY950517MMCNLS05\",\"es_activo_raw\":\"ACTIVO\",\"es_activo\":1,\"fecha_ingreso\":\"2024-07-08\",\"fecha_baja\":null,\"tipo_empleado_id_raw\":\"2\",\"tipo_empleado_raw\":\"INDETERMINADO\",\"departamento_id_raw\":\"HP5\",\"departamento_raw\":\"CONTROL DE CALIDAD\",\"puesto_nomina_id_raw\":\"HP4\",\"puesto_raw\":\"ANALISTA DE DOCUMENTACION\",\"centro_trabajo_id_raw\":\"3000\",\"centro_trabajo_raw\":\"SAN MATEO-HEPTAPHARMA\",\"jefe_inmediato\":\"VIOLETA RAMIREZ TREJO\",\"salario_diario\":4981.1490000000003419700078666210174560546875,\"salario_mensual\":149445.1849999999976716935634613037109375,\"estatus\":\"activo\"}', 'insert', 'OK', '2025-12-22 12:44:10');
INSERT INTO `nomina_import_detalle` VALUES (603, 41, '3430', 'PORN980523', '{\"empresa_id\":2,\"empresa_nombre\":\"HEPTAPHARMA S.A. DE C.V.\",\"no_emp\":\"3430\",\"rfc_base\":\"PORN980523\",\"curp\":\"PORN980523HMCRDL05\",\"es_activo_raw\":\"ACTIVO\",\"es_activo\":1,\"fecha_ingreso\":\"2024-07-08\",\"fecha_baja\":null,\"tipo_empleado_id_raw\":\"2\",\"tipo_empleado_raw\":\"INDETERMINADO\",\"departamento_id_raw\":\"HP7\",\"departamento_raw\":\"MANTENIMIENTO\",\"puesto_nomina_id_raw\":\"HP52\",\"puesto_raw\":\"TECNICO DE AREAS ASEPTICAS\",\"centro_trabajo_id_raw\":\"3000\",\"centro_trabajo_raw\":\"SAN MATEO-HEPTAPHARMA\",\"jefe_inmediato\":\"EDUARDO RODRIGUEZ RAYON\",\"salario_diario\":4981.149999999999636202119290828704833984375,\"salario_mensual\":149445.18599999998696148395538330078125,\"estatus\":\"activo\"}', 'insert', 'OK', '2025-12-22 12:44:10');
INSERT INTO `nomina_import_detalle` VALUES (604, 41, '3437', 'TEGA750122', '{\"empresa_id\":2,\"empresa_nombre\":\"HEPTAPHARMA S.A. DE C.V.\",\"no_emp\":\"3437\",\"rfc_base\":\"TEGA750122\",\"curp\":\"TEGA750122MMCRRL07\",\"es_activo_raw\":\"ACTIVO\",\"es_activo\":1,\"fecha_ingreso\":\"2024-07-12\",\"fecha_baja\":null,\"tipo_empleado_id_raw\":\"2\",\"tipo_empleado_raw\":\"INDETERMINADO\",\"departamento_id_raw\":\"HP9\",\"departamento_raw\":\"FABRICACION\",\"puesto_nomina_id_raw\":\"HP84\",\"puesto_raw\":\"OPERADOR C\",\"centro_trabajo_id_raw\":\"3000\",\"centro_trabajo_raw\":\"SAN MATEO-HEPTAPHARMA\",\"jefe_inmediato\":\"SALVADOR MELO REYES\",\"salario_diario\":4981.150999999999839928932487964630126953125,\"salario_mensual\":149445.18700000000535510480403900146484375,\"estatus\":\"activo\"}', 'insert', 'OK', '2025-12-22 12:44:10');
INSERT INTO `nomina_import_detalle` VALUES (605, 41, '3438', 'GAOF780115', '{\"empresa_id\":2,\"empresa_nombre\":\"HEPTAPHARMA S.A. DE C.V.\",\"no_emp\":\"3438\",\"rfc_base\":\"GAOF780115\",\"curp\":\"GAOF780115MMCRRB02\",\"es_activo_raw\":\"ACTIVO\",\"es_activo\":1,\"fecha_ingreso\":\"2024-07-12\",\"fecha_baja\":null,\"tipo_empleado_id_raw\":\"2\",\"tipo_empleado_raw\":\"INDETERMINADO\",\"departamento_id_raw\":\"HP9\",\"departamento_raw\":\"FABRICACION\",\"puesto_nomina_id_raw\":\"HP81\",\"puesto_raw\":\"AYUDANTE GENERAL\",\"centro_trabajo_id_raw\":\"3000\",\"centro_trabajo_raw\":\"SAN MATEO-HEPTAPHARMA\",\"jefe_inmediato\":\"SALVADOR MELO REYES\",\"salario_diario\":4981.152000000000043655745685100555419921875,\"salario_mensual\":149445.18799999999464489519596099853515625,\"estatus\":\"activo\"}', 'insert', 'OK', '2025-12-22 12:44:10');
INSERT INTO `nomina_import_detalle` VALUES (606, 41, '3442', 'MAMM820722', '{\"empresa_id\":2,\"empresa_nombre\":\"HEPTAPHARMA S.A. DE C.V.\",\"no_emp\":\"3442\",\"rfc_base\":\"MAMM820722\",\"curp\":\"MAMM820722MMCTRR01\",\"es_activo_raw\":\"ACTIVO\",\"es_activo\":1,\"fecha_ingreso\":\"2024-07-17\",\"fecha_baja\":null,\"tipo_empleado_id_raw\":\"2\",\"tipo_empleado_raw\":\"INDETERMINADO\",\"departamento_id_raw\":\"HP9\",\"departamento_raw\":\"FABRICACION\",\"puesto_nomina_id_raw\":\"HP81\",\"puesto_raw\":\"AYUDANTE GENERAL\",\"centro_trabajo_id_raw\":\"3000\",\"centro_trabajo_raw\":\"SAN MATEO-HEPTAPHARMA\",\"jefe_inmediato\":\"SALVADOR MELO REYES\",\"salario_diario\":4981.153000000000247382558882236480712890625,\"salario_mensual\":149445.18900000001303851604461669921875,\"estatus\":\"activo\"}', 'insert', 'OK', '2025-12-22 12:44:10');
INSERT INTO `nomina_import_detalle` VALUES (607, 41, '3446', 'GAME831229', '{\"empresa_id\":2,\"empresa_nombre\":\"HEPTAPHARMA S.A. DE C.V.\",\"no_emp\":\"3446\",\"rfc_base\":\"GAME831229\",\"curp\":\"GAME831229MDFRLS06\",\"es_activo_raw\":\"ACTIVO\",\"es_activo\":1,\"fecha_ingreso\":\"2024-07-24\",\"fecha_baja\":null,\"tipo_empleado_id_raw\":\"2\",\"tipo_empleado_raw\":\"INDETERMINADO\",\"departamento_id_raw\":\"HP5\",\"departamento_raw\":\"CONTROL DE CALIDAD\",\"puesto_nomina_id_raw\":\"HP13\",\"puesto_raw\":\"AUXILIAR DE LABORATORIO\",\"centro_trabajo_id_raw\":\"3000\",\"centro_trabajo_raw\":\"SAN MATEO-HEPTAPHARMA\",\"jefe_inmediato\":\"VIOLETA RAMIREZ TREJO\",\"salario_diario\":4981.154000000000451109372079372406005859375,\"salario_mensual\":149445.1900000000023283064365386962890625,\"estatus\":\"activo\"}', 'insert', 'OK', '2025-12-22 12:44:11');
INSERT INTO `nomina_import_detalle` VALUES (608, 41, '3447', 'RIVM971219', '{\"empresa_id\":2,\"empresa_nombre\":\"HEPTAPHARMA S.A. DE C.V.\",\"no_emp\":\"3447\",\"rfc_base\":\"RIVM971219\",\"curp\":\"RIVM971219MDFSLT00\",\"es_activo_raw\":\"ACTIVO\",\"es_activo\":1,\"fecha_ingreso\":\"2024-07-31\",\"fecha_baja\":null,\"tipo_empleado_id_raw\":\"2\",\"tipo_empleado_raw\":\"INDETERMINADO\",\"departamento_id_raw\":\"HP7\",\"departamento_raw\":\"MANTENIMIENTO\",\"puesto_nomina_id_raw\":\"HP77\",\"puesto_raw\":\"TECNICO DE DOCUMENTACION\",\"centro_trabajo_id_raw\":\"3000\",\"centro_trabajo_raw\":\"SAN MATEO-HEPTAPHARMA\",\"jefe_inmediato\":\"EDUARDO RODRIGUEZ RAYON\",\"salario_diario\":4981.1549999999997453414835035800933837890625,\"salario_mensual\":149445.190999999991618096828460693359375,\"estatus\":\"activo\"}', 'insert', 'OK', '2025-12-22 12:44:11');
INSERT INTO `nomina_import_detalle` VALUES (609, 41, '3449', 'FOOJ901028', '{\"empresa_id\":2,\"empresa_nombre\":\"HEPTAPHARMA S.A. DE C.V.\",\"no_emp\":\"3449\",\"rfc_base\":\"FOOJ901028\",\"curp\":\"FOOJ901028HDFLSV06\",\"es_activo_raw\":\"ACTIVO\",\"es_activo\":1,\"fecha_ingreso\":\"2024-08-02\",\"fecha_baja\":null,\"tipo_empleado_id_raw\":\"2\",\"tipo_empleado_raw\":\"INDETERMINADO\",\"departamento_id_raw\":\"HP11\",\"departamento_raw\":\"ASUNTOS REGULATORIOS\",\"puesto_nomina_id_raw\":\"HP66\",\"puesto_raw\":\"QUIMICO DE FARMACOVIGILANCIA\",\"centro_trabajo_id_raw\":\"3000\",\"centro_trabajo_raw\":\"SAN MATEO-HEPTAPHARMA\",\"jefe_inmediato\":\"VIOLETA RAMIREZ TREJO\",\"salario_diario\":4981.1559999999999490682967007160186767578125,\"salario_mensual\":149445.19200000001001171767711639404296875,\"estatus\":\"activo\"}', 'insert', 'OK', '2025-12-22 12:44:11');
INSERT INTO `nomina_import_detalle` VALUES (610, 41, '3450', 'SIMF940126', '{\"empresa_id\":2,\"empresa_nombre\":\"HEPTAPHARMA S.A. DE C.V.\",\"no_emp\":\"3450\",\"rfc_base\":\"SIMF940126\",\"curp\":\"SIMF940126MMCMNT08\",\"es_activo_raw\":\"ACTIVO\",\"es_activo\":1,\"fecha_ingreso\":\"2024-08-05\",\"fecha_baja\":null,\"tipo_empleado_id_raw\":\"2\",\"tipo_empleado_raw\":\"INDETERMINADO\",\"departamento_id_raw\":\"HP4\",\"departamento_raw\":\"ASEGURAMIENTO DE CALIDAD\",\"puesto_nomina_id_raw\":\"HP27\",\"puesto_raw\":\"JEFE DE ASEGURAMIENTO DE CALIDAD\",\"centro_trabajo_id_raw\":\"3000\",\"centro_trabajo_raw\":\"SAN MATEO-HEPTAPHARMA\",\"jefe_inmediato\":\"VIOLETA RAMIREZ TREJO\",\"salario_diario\":4981.1570000000001527951098978519439697265625,\"salario_mensual\":149445.19299999999930150806903839111328125,\"estatus\":\"activo\"}', 'insert', 'OK', '2025-12-22 12:44:11');
INSERT INTO `nomina_import_detalle` VALUES (611, 41, '3451', 'GARJ991020', '{\"empresa_id\":2,\"empresa_nombre\":\"HEPTAPHARMA S.A. DE C.V.\",\"no_emp\":\"3451\",\"rfc_base\":\"GARJ991020\",\"curp\":\"GARJ991020HMCRSM00\",\"es_activo_raw\":\"ACTIVO\",\"es_activo\":1,\"fecha_ingreso\":\"2024-08-05\",\"fecha_baja\":null,\"tipo_empleado_id_raw\":\"2\",\"tipo_empleado_raw\":\"INDETERMINADO\",\"departamento_id_raw\":\"HP5\",\"departamento_raw\":\"CONTROL DE CALIDAD\",\"puesto_nomina_id_raw\":\"HP4\",\"puesto_raw\":\"ANALISTA DE DOCUMENTACION\",\"centro_trabajo_id_raw\":\"3000\",\"centro_trabajo_raw\":\"SAN MATEO-HEPTAPHARMA\",\"jefe_inmediato\":\"VIOLETA RAMIREZ TREJO\",\"salario_diario\":4981.1580000000003565219230949878692626953125,\"salario_mensual\":149445.19399999998859129846096038818359375,\"estatus\":\"activo\"}', 'insert', 'OK', '2025-12-22 12:44:11');
INSERT INTO `nomina_import_detalle` VALUES (612, 41, '0004', 'GADE760221', '{\"empresa_id\":3,\"empresa_nombre\":\"ALUTUB S.A. DE C.V.\",\"no_emp\":\"0004\",\"rfc_base\":\"GADE760221\",\"curp\":\"GADE760221MMCRRS06\",\"es_activo_raw\":\"ACTIVO\",\"es_activo\":1,\"fecha_ingreso\":\"2018-09-18\",\"fecha_baja\":null,\"tipo_empleado_id_raw\":\"2\",\"tipo_empleado_raw\":\"INDETERMINADO\",\"departamento_id_raw\":\"AL2\",\"departamento_raw\":\"COMPRAS\",\"puesto_nomina_id_raw\":\"AL2\",\"puesto_raw\":\"JEFE DE COMPRAS\",\"centro_trabajo_id_raw\":\"4000\",\"centro_trabajo_raw\":\"SAN MATEO-ALUTUB\",\"jefe_inmediato\":\"BENILDE MARIA GONZALEZ FERNANDEZ\",\"salario_diario\":4981.33799999999973806552588939666748046875,\"salario_mensual\":149445.3740000000107102096080780029296875,\"estatus\":\"activo\"}', 'insert', 'OK', '2025-12-22 12:44:11');
INSERT INTO `nomina_import_detalle` VALUES (613, 41, '0011', 'REBJ850406', '{\"empresa_id\":3,\"empresa_nombre\":\"ALUTUB S.A. DE C.V.\",\"no_emp\":\"0011\",\"rfc_base\":\"REBJ850406\",\"curp\":\"REBJ850406HMCYRN04\",\"es_activo_raw\":\"ACTIVO\",\"es_activo\":1,\"fecha_ingreso\":\"2016-03-16\",\"fecha_baja\":null,\"tipo_empleado_id_raw\":\"2\",\"tipo_empleado_raw\":\"INDETERMINADO\",\"departamento_id_raw\":\"AL6\",\"departamento_raw\":\"PRODUCCION\",\"puesto_nomina_id_raw\":\"AL32\",\"puesto_raw\":\"GERENTE DE PLANTA\",\"centro_trabajo_id_raw\":\"4000\",\"centro_trabajo_raw\":\"SAN MATEO-ALUTUB\",\"jefe_inmediato\":\"BENILDE MARIA GONZALEZ FERNANDEZ\",\"salario_diario\":4981.3389999999999417923390865325927734375,\"salario_mensual\":149445.375,\"estatus\":\"activo\"}', 'insert', 'OK', '2025-12-22 12:44:11');
INSERT INTO `nomina_import_detalle` VALUES (614, 41, '0015', 'GOPR950222', '{\"empresa_id\":3,\"empresa_nombre\":\"ALUTUB S.A. DE C.V.\",\"no_emp\":\"0015\",\"rfc_base\":\"GOPR950222\",\"curp\":\"GOPR950222HMCMCC04\",\"es_activo_raw\":\"ACTIVO\",\"es_activo\":1,\"fecha_ingreso\":\"2019-04-22\",\"fecha_baja\":null,\"tipo_empleado_id_raw\":\"2\",\"tipo_empleado_raw\":\"INDETERMINADO\",\"departamento_id_raw\":\"AL5\",\"departamento_raw\":\"MANTENIMIENTO\",\"puesto_nomina_id_raw\":\"AL6\",\"puesto_raw\":\"JEFE DE MANTENIMIENTO\",\"centro_trabajo_id_raw\":\"4000\",\"centro_trabajo_raw\":\"SAN MATEO-ALUTUB\",\"jefe_inmediato\":\"JUAN CARLOS REYES BARRETERO\",\"salario_diario\":4981.34000000000014551915228366851806640625,\"salario_mensual\":149445.3759999999892897903919219970703125,\"estatus\":\"activo\"}', 'insert', 'OK', '2025-12-22 12:44:11');
INSERT INTO `nomina_import_detalle` VALUES (615, 41, '0016', 'VIGO991024', '{\"empresa_id\":3,\"empresa_nombre\":\"ALUTUB S.A. DE C.V.\",\"no_emp\":\"0016\",\"rfc_base\":\"VIGO991024\",\"curp\":\"VIGO991024HMCLMS04\",\"es_activo_raw\":\"ACTIVO\",\"es_activo\":1,\"fecha_ingreso\":\"2019-12-03\",\"fecha_baja\":null,\"tipo_empleado_id_raw\":\"2\",\"tipo_empleado_raw\":\"INDETERMINADO\",\"departamento_id_raw\":\"AL6\",\"departamento_raw\":\"PRODUCCION\",\"puesto_nomina_id_raw\":\"AL10\",\"puesto_raw\":\"OPERADOR DE PRENSA\",\"centro_trabajo_id_raw\":\"4000\",\"centro_trabajo_raw\":\"SAN MATEO-ALUTUB\",\"jefe_inmediato\":\"JUAN CARLOS REYES BARRETERO\",\"salario_diario\":4981.341000000000349245965480804443359375,\"salario_mensual\":149445.37700000000768341124057769775390625,\"estatus\":\"activo\"}', 'insert', 'OK', '2025-12-22 12:44:12');
INSERT INTO `nomina_import_detalle` VALUES (616, 41, '0022', 'TOAE921115', '{\"empresa_id\":3,\"empresa_nombre\":\"ALUTUB S.A. DE C.V.\",\"no_emp\":\"0022\",\"rfc_base\":\"TOAE921115\",\"curp\":\"TOAE921115HMCRLD00\",\"es_activo_raw\":\"ACTIVO\",\"es_activo\":1,\"fecha_ingreso\":\"2018-04-02\",\"fecha_baja\":null,\"tipo_empleado_id_raw\":\"2\",\"tipo_empleado_raw\":\"INDETERMINADO\",\"departamento_id_raw\":\"AL6\",\"departamento_raw\":\"PRODUCCION\",\"puesto_nomina_id_raw\":\"AL3\",\"puesto_raw\":\"SUPERVISOR DE PRODUCCION\",\"centro_trabajo_id_raw\":\"4000\",\"centro_trabajo_raw\":\"SAN MATEO-ALUTUB\",\"jefe_inmediato\":\"JUAN CARLOS REYES BARRETERO\",\"salario_diario\":4981.3419999999996434780769050121307373046875,\"salario_mensual\":149445.37799999999697320163249969482421875,\"estatus\":\"activo\"}', 'insert', 'OK', '2025-12-22 12:44:12');
INSERT INTO `nomina_import_detalle` VALUES (617, 41, '0023', 'AOAD830507', '{\"empresa_id\":3,\"empresa_nombre\":\"ALUTUB S.A. DE C.V.\",\"no_emp\":\"0023\",\"rfc_base\":\"AOAD830507\",\"curp\":\"AOAD830507HMCNLN01\",\"es_activo_raw\":\"ACTIVO\",\"es_activo\":1,\"fecha_ingreso\":\"2018-04-23\",\"fecha_baja\":null,\"tipo_empleado_id_raw\":\"2\",\"tipo_empleado_raw\":\"INDETERMINADO\",\"departamento_id_raw\":\"AL6\",\"departamento_raw\":\"PRODUCCION\",\"puesto_nomina_id_raw\":\"AL3\",\"puesto_raw\":\"SUPERVISOR DE PRODUCCION\",\"centro_trabajo_id_raw\":\"4000\",\"centro_trabajo_raw\":\"SAN MATEO-ALUTUB\",\"jefe_inmediato\":\"JUAN CARLOS REYES BARRETERO\",\"salario_diario\":4981.3429999999998472048901021480560302734375,\"salario_mensual\":149445.37899999998626299202442169189453125,\"estatus\":\"activo\"}', 'insert', 'OK', '2025-12-22 12:44:12');
INSERT INTO `nomina_import_detalle` VALUES (618, 41, '0024', 'JIPL790817', '{\"empresa_id\":3,\"empresa_nombre\":\"ALUTUB S.A. DE C.V.\",\"no_emp\":\"0024\",\"rfc_base\":\"JIPL790817\",\"curp\":\"JIPL790817HMCMLS02\",\"es_activo_raw\":\"ACTIVO\",\"es_activo\":1,\"fecha_ingreso\":\"2019-03-13\",\"fecha_baja\":null,\"tipo_empleado_id_raw\":\"2\",\"tipo_empleado_raw\":\"INDETERMINADO\",\"departamento_id_raw\":\"AL6\",\"departamento_raw\":\"PRODUCCION\",\"puesto_nomina_id_raw\":\"AL10\",\"puesto_raw\":\"OPERADOR DE PRENSA\",\"centro_trabajo_id_raw\":\"4000\",\"centro_trabajo_raw\":\"SAN MATEO-ALUTUB\",\"jefe_inmediato\":\"JUAN CARLOS REYES BARRETERO\",\"salario_diario\":4981.3440000000000509317032992839813232421875,\"salario_mensual\":149445.380000000004656612873077392578125,\"estatus\":\"activo\"}', 'insert', 'OK', '2025-12-22 12:44:12');
INSERT INTO `nomina_import_detalle` VALUES (619, 41, '0028', 'BASH820608', '{\"empresa_id\":3,\"empresa_nombre\":\"ALUTUB S.A. DE C.V.\",\"no_emp\":\"0028\",\"rfc_base\":\"BASH820608\",\"curp\":\"BASH820608MGRHLR08\",\"es_activo_raw\":\"ACTIVO\",\"es_activo\":1,\"fecha_ingreso\":\"2018-11-13\",\"fecha_baja\":null,\"tipo_empleado_id_raw\":\"2\",\"tipo_empleado_raw\":\"INDETERMINADO\",\"departamento_id_raw\":\"AL13\",\"departamento_raw\":\"CONTROL ESTADISTICO DE LA CALIDAD\",\"puesto_nomina_id_raw\":\"AL29\",\"puesto_raw\":\"REVISADOR DE PROCESO\",\"centro_trabajo_id_raw\":\"4000\",\"centro_trabajo_raw\":\"SAN MATEO-ALUTUB\",\"jefe_inmediato\":\"OMAR ANTONIO CASTAÑEDA JIMENEZ\",\"salario_diario\":4981.3450000000002546585164964199066162109375,\"salario_mensual\":149445.3809999999939464032649993896484375,\"estatus\":\"activo\"}', 'insert', 'OK', '2025-12-22 12:44:12');
INSERT INTO `nomina_import_detalle` VALUES (620, 41, '0033', 'GOCJ880929', '{\"empresa_id\":3,\"empresa_nombre\":\"ALUTUB S.A. DE C.V.\",\"no_emp\":\"0033\",\"rfc_base\":\"GOCJ880929\",\"curp\":\"GOCJ880929HDFNSR02\",\"es_activo_raw\":\"ACTIVO\",\"es_activo\":1,\"fecha_ingreso\":\"2020-03-17\",\"fecha_baja\":null,\"tipo_empleado_id_raw\":\"2\",\"tipo_empleado_raw\":\"INDETERMINADO\",\"departamento_id_raw\":\"AL13\",\"departamento_raw\":\"CONTROL ESTADISTICO DE LA CALIDAD\",\"puesto_nomina_id_raw\":\"AL29\",\"puesto_raw\":\"REVISADOR DE PROCESO\",\"centro_trabajo_id_raw\":\"4000\",\"centro_trabajo_raw\":\"SAN MATEO-ALUTUB\",\"jefe_inmediato\":\"OMAR ANTONIO CASTAÑEDA JIMENEZ\",\"salario_diario\":4981.345999999999548890627920627593994140625,\"salario_mensual\":149445.38200000001234002411365509033203125,\"estatus\":\"activo\"}', 'insert', 'OK', '2025-12-22 12:44:12');
INSERT INTO `nomina_import_detalle` VALUES (621, 41, '0040', 'FEPL960218', '{\"empresa_id\":3,\"empresa_nombre\":\"ALUTUB S.A. DE C.V.\",\"no_emp\":\"0040\",\"rfc_base\":\"FEPL960218\",\"curp\":\"FEPL960218MMCLRZ06\",\"es_activo_raw\":\"ACTIVO\",\"es_activo\":1,\"fecha_ingreso\":\"2020-10-05\",\"fecha_baja\":null,\"tipo_empleado_id_raw\":\"2\",\"tipo_empleado_raw\":\"INDETERMINADO\",\"departamento_id_raw\":\"AL3\",\"departamento_raw\":\"CONTROL ESTADISTICO DE LA CALIDAD\",\"puesto_nomina_id_raw\":\"AL17\",\"puesto_raw\":\"INSPECTOR DE PRODUCTO TERMINADO Y MATERIA PRIMA\",\"centro_trabajo_id_raw\":\"4000\",\"centro_trabajo_raw\":\"SAN MATEO-ALUTUB\",\"jefe_inmediato\":\"OMAR ANTONIO CASTAÑEDA JIMENEZ\",\"salario_diario\":4981.346999999999752617441117763519287109375,\"salario_mensual\":149445.38300000000162981450557708740234375,\"estatus\":\"activo\"}', 'insert', 'OK', '2025-12-22 12:44:12');
INSERT INTO `nomina_import_detalle` VALUES (622, 41, '0051', 'GOGC681014', '{\"empresa_id\":3,\"empresa_nombre\":\"ALUTUB S.A. DE C.V.\",\"no_emp\":\"0051\",\"rfc_base\":\"GOGC681014\",\"curp\":\"GOGC681014HJCMNF07\",\"es_activo_raw\":\"ACTIVO\",\"es_activo\":1,\"fecha_ingreso\":\"2021-01-01\",\"fecha_baja\":null,\"tipo_empleado_id_raw\":\"4\",\"tipo_empleado_raw\":\"ASIMILADOS\",\"departamento_id_raw\":\"AL9\",\"departamento_raw\":\"ADMINISTRACION\",\"puesto_nomina_id_raw\":\"ASIM\",\"puesto_raw\":\"ASIMILADOS\",\"centro_trabajo_id_raw\":\"4001\",\"centro_trabajo_raw\":\"ASIMILADOS-ALUTUB\",\"jefe_inmediato\":\"\",\"salario_diario\":4981.347999999999956344254314899444580078125,\"salario_mensual\":149445.38399999999091960489749908447265625,\"estatus\":\"activo\"}', 'insert', 'OK', '2025-12-22 12:44:12');
INSERT INTO `nomina_import_detalle` VALUES (623, 41, '0052', 'GOFF711124', '{\"empresa_id\":3,\"empresa_nombre\":\"ALUTUB S.A. DE C.V.\",\"no_emp\":\"0052\",\"rfc_base\":\"GOFF711124\",\"curp\":\"GOFF711124HTSNRL02\",\"es_activo_raw\":\"ACTIVO\",\"es_activo\":1,\"fecha_ingreso\":\"2021-01-01\",\"fecha_baja\":null,\"tipo_empleado_id_raw\":\"4\",\"tipo_empleado_raw\":\"ASIMILADOS\",\"departamento_id_raw\":\"AL9\",\"departamento_raw\":\"ADMINISTRACION\",\"puesto_nomina_id_raw\":\"ASIM\",\"puesto_raw\":\"ASIMILADOS\",\"centro_trabajo_id_raw\":\"4001\",\"centro_trabajo_raw\":\"ASIMILADOS-ALUTUB\",\"jefe_inmediato\":\"\",\"salario_diario\":4981.349000000000160071067512035369873046875,\"salario_mensual\":149445.38500000000931322574615478515625,\"estatus\":\"activo\"}', 'insert', 'OK', '2025-12-22 12:44:13');
INSERT INTO `nomina_import_detalle` VALUES (624, 41, '0069', 'GOCA000818', '{\"empresa_id\":3,\"empresa_nombre\":\"ALUTUB S.A. DE C.V.\",\"no_emp\":\"0069\",\"rfc_base\":\"GOCA000818\",\"curp\":\"GOCA000818MMCMRNA2\",\"es_activo_raw\":\"ACTIVO\",\"es_activo\":1,\"fecha_ingreso\":\"2021-03-16\",\"fecha_baja\":null,\"tipo_empleado_id_raw\":\"2\",\"tipo_empleado_raw\":\"INDETERMINADO\",\"departamento_id_raw\":\"AL3\",\"departamento_raw\":\"CONTROL ESTADISTICO DE LA CALIDAD\",\"puesto_nomina_id_raw\":\"AL18\",\"puesto_raw\":\"INSPECTOR DE PROCESOS\",\"centro_trabajo_id_raw\":\"4000\",\"centro_trabajo_raw\":\"SAN MATEO-ALUTUB\",\"jefe_inmediato\":\"JUAN CARLOS REYES BARRETERO\",\"salario_diario\":4981.350000000000363797880709171295166015625,\"salario_mensual\":149445.3859999999986030161380767822265625,\"estatus\":\"activo\"}', 'insert', 'OK', '2025-12-22 12:44:13');
INSERT INTO `nomina_import_detalle` VALUES (625, 41, '0070', 'SIMJ740607', '{\"empresa_id\":3,\"empresa_nombre\":\"ALUTUB S.A. DE C.V.\",\"no_emp\":\"0070\",\"rfc_base\":\"SIMJ740607\",\"curp\":\"SIMJ740607MMCLRN08\",\"es_activo_raw\":\"ACTIVO\",\"es_activo\":1,\"fecha_ingreso\":\"2021-03-16\",\"fecha_baja\":null,\"tipo_empleado_id_raw\":\"2\",\"tipo_empleado_raw\":\"INDETERMINADO\",\"departamento_id_raw\":\"AL13\",\"departamento_raw\":\"CONTROL ESTADISTICO DE LA CALIDAD\",\"puesto_nomina_id_raw\":\"AL29\",\"puesto_raw\":\"REVISADOR DE PROCESO\",\"centro_trabajo_id_raw\":\"4000\",\"centro_trabajo_raw\":\"SAN MATEO-ALUTUB\",\"jefe_inmediato\":\"OMAR ANTONIO CASTAÑEDA JIMENEZ\",\"salario_diario\":4981.3509999999996580299921333789825439453125,\"salario_mensual\":149445.386999999987892806529998779296875,\"estatus\":\"activo\"}', 'insert', 'OK', '2025-12-22 12:44:13');
INSERT INTO `nomina_import_detalle` VALUES (626, 41, '0077', 'SAFG921003', '{\"empresa_id\":3,\"empresa_nombre\":\"ALUTUB S.A. DE C.V.\",\"no_emp\":\"0077\",\"rfc_base\":\"SAFG921003\",\"curp\":\"SAFG921003HMCLLR02\",\"es_activo_raw\":\"ACTIVO\",\"es_activo\":1,\"fecha_ingreso\":\"2021-03-26\",\"fecha_baja\":null,\"tipo_empleado_id_raw\":\"2\",\"tipo_empleado_raw\":\"INDETERMINADO\",\"departamento_id_raw\":\"AL6\",\"departamento_raw\":\"PRODUCCION\",\"puesto_nomina_id_raw\":\"AL10\",\"puesto_raw\":\"OPERADOR DE PRENSA\",\"centro_trabajo_id_raw\":\"4000\",\"centro_trabajo_raw\":\"SAN MATEO-ALUTUB\",\"jefe_inmediato\":\"JUAN CARLOS REYES BARRETERO\",\"salario_diario\":4981.3519999999998617568053305149078369140625,\"salario_mensual\":149445.38800000000628642737865447998046875,\"estatus\":\"activo\"}', 'insert', 'OK', '2025-12-22 12:44:13');
INSERT INTO `nomina_import_detalle` VALUES (627, 41, '0087', 'PAHD940902', '{\"empresa_id\":3,\"empresa_nombre\":\"ALUTUB S.A. DE C.V.\",\"no_emp\":\"0087\",\"rfc_base\":\"PAHD940902\",\"curp\":\"PAHD940902HMCLRN02\",\"es_activo_raw\":\"ACTIVO\",\"es_activo\":1,\"fecha_ingreso\":\"2021-04-09\",\"fecha_baja\":null,\"tipo_empleado_id_raw\":\"2\",\"tipo_empleado_raw\":\"INDETERMINADO\",\"departamento_id_raw\":\"AL6\",\"departamento_raw\":\"PRODUCCION\",\"puesto_nomina_id_raw\":\"AL8\",\"puesto_raw\":\"OPERADOR DE LITOGRAFIA\",\"centro_trabajo_id_raw\":\"4000\",\"centro_trabajo_raw\":\"SAN MATEO-ALUTUB\",\"jefe_inmediato\":\"JOSE ANGEL REYES BARRETERO\",\"salario_diario\":4981.3530000000000654836185276508331298828125,\"salario_mensual\":149445.38899999999557621777057647705078125,\"estatus\":\"activo\"}', 'insert', 'OK', '2025-12-22 12:44:13');
INSERT INTO `nomina_import_detalle` VALUES (628, 41, '0109', 'BOVS850321', '{\"empresa_id\":3,\"empresa_nombre\":\"ALUTUB S.A. DE C.V.\",\"no_emp\":\"0109\",\"rfc_base\":\"BOVS850321\",\"curp\":\"BOVS850321HMCBLL07\",\"es_activo_raw\":\"ACTIVO\",\"es_activo\":1,\"fecha_ingreso\":\"2021-05-10\",\"fecha_baja\":null,\"tipo_empleado_id_raw\":\"2\",\"tipo_empleado_raw\":\"INDETERMINADO\",\"departamento_id_raw\":\"AL6\",\"departamento_raw\":\"PRODUCCION\",\"puesto_nomina_id_raw\":\"AL42\",\"puesto_raw\":\"JEFE DE PRENSA\",\"centro_trabajo_id_raw\":\"4000\",\"centro_trabajo_raw\":\"SAN MATEO-ALUTUB\",\"jefe_inmediato\":\"JUAN CARLOS REYES BARRETERO\",\"salario_diario\":4981.3540000000002692104317247867584228515625,\"salario_mensual\":149445.390000000013969838619232177734375,\"estatus\":\"activo\"}', 'insert', 'OK', '2025-12-22 12:44:13');
INSERT INTO `nomina_import_detalle` VALUES (629, 41, '0115', 'PARM831105', '{\"empresa_id\":3,\"empresa_nombre\":\"ALUTUB S.A. DE C.V.\",\"no_emp\":\"0115\",\"rfc_base\":\"PARM831105\",\"curp\":\"PARM831105HMCLMR06\",\"es_activo_raw\":\"ACTIVO\",\"es_activo\":1,\"fecha_ingreso\":\"2021-05-19\",\"fecha_baja\":null,\"tipo_empleado_id_raw\":\"2\",\"tipo_empleado_raw\":\"INDETERMINADO\",\"departamento_id_raw\":\"AL6\",\"departamento_raw\":\"PRODUCCION\",\"puesto_nomina_id_raw\":\"AL10\",\"puesto_raw\":\"OPERADOR DE PRENSA\",\"centro_trabajo_id_raw\":\"4000\",\"centro_trabajo_raw\":\"SAN MATEO-ALUTUB\",\"jefe_inmediato\":\"JUAN CARLOS REYES BARRETERO\",\"salario_diario\":4981.35499999999956344254314899444580078125,\"salario_mensual\":149445.3910000000032596290111541748046875,\"estatus\":\"activo\"}', 'insert', 'OK', '2025-12-22 12:44:13');
INSERT INTO `nomina_import_detalle` VALUES (630, 41, '0122', 'AUGR691024', '{\"empresa_id\":3,\"empresa_nombre\":\"ALUTUB S.A. DE C.V.\",\"no_emp\":\"0122\",\"rfc_base\":\"AUGR691024\",\"curp\":\"AUGR691024HMCRZF07\",\"es_activo_raw\":\"ACTIVO\",\"es_activo\":1,\"fecha_ingreso\":\"2021-06-18\",\"fecha_baja\":null,\"tipo_empleado_id_raw\":\"2\",\"tipo_empleado_raw\":\"INDETERMINADO\",\"departamento_id_raw\":\"AL8\",\"departamento_raw\":\"INGENIERIA\",\"puesto_nomina_id_raw\":\"AL5\",\"puesto_raw\":\"INGENIERIA DE PRENSA\",\"centro_trabajo_id_raw\":\"4000\",\"centro_trabajo_raw\":\"SAN MATEO-ALUTUB\",\"jefe_inmediato\":\"GERARDO PILAR PEREZ\",\"salario_diario\":4981.35599999999976716935634613037109375,\"salario_mensual\":149445.391999999992549419403076171875,\"estatus\":\"activo\"}', 'insert', 'OK', '2025-12-22 12:44:14');
INSERT INTO `nomina_import_detalle` VALUES (631, 41, '0127', 'TOAD010512', '{\"empresa_id\":3,\"empresa_nombre\":\"ALUTUB S.A. DE C.V.\",\"no_emp\":\"0127\",\"rfc_base\":\"TOAD010512\",\"curp\":\"TOAD010512HMCRLNA9\",\"es_activo_raw\":\"ACTIVO\",\"es_activo\":1,\"fecha_ingreso\":\"2021-06-30\",\"fecha_baja\":null,\"tipo_empleado_id_raw\":\"2\",\"tipo_empleado_raw\":\"INDETERMINADO\",\"departamento_id_raw\":\"AL6\",\"departamento_raw\":\"PRODUCCION\",\"puesto_nomina_id_raw\":\"AL10\",\"puesto_raw\":\"OPERADOR DE PRENSA\",\"centro_trabajo_id_raw\":\"4000\",\"centro_trabajo_raw\":\"SAN MATEO-ALUTUB\",\"jefe_inmediato\":\"JUAN CARLOS REYES BARRETERO\",\"salario_diario\":4981.35699999999997089616954326629638671875,\"salario_mensual\":149445.39300000001094304025173187255859375,\"estatus\":\"activo\"}', 'insert', 'OK', '2025-12-22 12:44:14');
INSERT INTO `nomina_import_detalle` VALUES (632, 41, '0133', 'BEAA831118', '{\"empresa_id\":3,\"empresa_nombre\":\"ALUTUB S.A. DE C.V.\",\"no_emp\":\"0133\",\"rfc_base\":\"BEAA831118\",\"curp\":\"BEAA831118HMCRLN03\",\"es_activo_raw\":\"ACTIVO\",\"es_activo\":1,\"fecha_ingreso\":\"2021-07-05\",\"fecha_baja\":null,\"tipo_empleado_id_raw\":\"2\",\"tipo_empleado_raw\":\"INDETERMINADO\",\"departamento_id_raw\":\"AL8\",\"departamento_raw\":\"INGENIERIA\",\"puesto_nomina_id_raw\":\"AL31\",\"puesto_raw\":\"INGENIERIA DE LITOGRAFIA\",\"centro_trabajo_id_raw\":\"4000\",\"centro_trabajo_raw\":\"SAN MATEO-ALUTUB\",\"jefe_inmediato\":\"GERARDO PILAR PEREZ\",\"salario_diario\":4981.3580000000001746229827404022216796875,\"salario_mensual\":149445.39400000000023283064365386962890625,\"estatus\":\"activo\"}', 'insert', 'OK', '2025-12-22 12:44:14');
INSERT INTO `nomina_import_detalle` VALUES (633, 41, '0139', 'PAAA870206', '{\"empresa_id\":3,\"empresa_nombre\":\"ALUTUB S.A. DE C.V.\",\"no_emp\":\"0139\",\"rfc_base\":\"PAAA870206\",\"curp\":\"PAAA870206HMCLNR00\",\"es_activo_raw\":\"ACTIVO\",\"es_activo\":1,\"fecha_ingreso\":\"2021-07-05\",\"fecha_baja\":null,\"tipo_empleado_id_raw\":\"2\",\"tipo_empleado_raw\":\"INDETERMINADO\",\"departamento_id_raw\":\"AL6\",\"departamento_raw\":\"PRODUCCION\",\"puesto_nomina_id_raw\":\"AL3\",\"puesto_raw\":\"SUPERVISOR DE PRODUCCION\",\"centro_trabajo_id_raw\":\"4000\",\"centro_trabajo_raw\":\"SAN MATEO-ALUTUB\",\"jefe_inmediato\":\"JUAN CARLOS REYES BARRETERO\",\"salario_diario\":4981.35900000000037834979593753814697265625,\"salario_mensual\":149445.39499999998952262103557586669921875,\"estatus\":\"activo\"}', 'insert', 'OK', '2025-12-22 12:44:14');
INSERT INTO `nomina_import_detalle` VALUES (634, 41, '0155', 'RIPY761217', '{\"empresa_id\":3,\"empresa_nombre\":\"ALUTUB S.A. DE C.V.\",\"no_emp\":\"0155\",\"rfc_base\":\"RIPY761217\",\"curp\":\"RIPY761217MMCSNL04\",\"es_activo_raw\":\"ACTIVO\",\"es_activo\":1,\"fecha_ingreso\":\"2021-08-04\",\"fecha_baja\":null,\"tipo_empleado_id_raw\":\"2\",\"tipo_empleado_raw\":\"INDETERMINADO\",\"departamento_id_raw\":\"AL13\",\"departamento_raw\":\"CONTROL ESTADISTICO DE LA CALIDAD\",\"puesto_nomina_id_raw\":\"AL29\",\"puesto_raw\":\"REVISADOR DE PROCESO\",\"centro_trabajo_id_raw\":\"4000\",\"centro_trabajo_raw\":\"SAN MATEO-ALUTUB\",\"jefe_inmediato\":\"OMAR ANTONIO CASTAÑEDA JIMENEZ\",\"salario_diario\":4981.3599999999996725819073617458343505859375,\"salario_mensual\":149445.3960000000079162418842315673828125,\"estatus\":\"activo\"}', 'insert', 'OK', '2025-12-22 12:44:14');
INSERT INTO `nomina_import_detalle` VALUES (635, 41, '0163', 'VACS890723', '{\"empresa_id\":3,\"empresa_nombre\":\"ALUTUB S.A. DE C.V.\",\"no_emp\":\"0163\",\"rfc_base\":\"VACS890723\",\"curp\":\"VACS890723MMCLRS08\",\"es_activo_raw\":\"ACTIVO\",\"es_activo\":1,\"fecha_ingreso\":\"2021-08-16\",\"fecha_baja\":null,\"tipo_empleado_id_raw\":\"2\",\"tipo_empleado_raw\":\"INDETERMINADO\",\"departamento_id_raw\":\"AL7\",\"departamento_raw\":\"RECURSOS HUMANOS\",\"puesto_nomina_id_raw\":\"AL12\",\"puesto_raw\":\"COORDINADOR DE RECURSOS HUMANOS\",\"centro_trabajo_id_raw\":\"4000\",\"centro_trabajo_raw\":\"SAN MATEO-ALUTUB\",\"jefe_inmediato\":\"JUAN ANTONIO CARDENAS DOMINGUEZ\",\"salario_diario\":4981.3609999999998763087205588817596435546875,\"salario_mensual\":149445.396999999997206032276153564453125,\"estatus\":\"activo\"}', 'insert', 'OK', '2025-12-22 12:44:14');
INSERT INTO `nomina_import_detalle` VALUES (636, 41, '0167', 'AEMC030703', '{\"empresa_id\":3,\"empresa_nombre\":\"ALUTUB S.A. DE C.V.\",\"no_emp\":\"0167\",\"rfc_base\":\"AEMC030703\",\"curp\":\"AEMC030703HMCRRRA9\",\"es_activo_raw\":\"ACTIVO\",\"es_activo\":1,\"fecha_ingreso\":\"2021-08-25\",\"fecha_baja\":null,\"tipo_empleado_id_raw\":\"2\",\"tipo_empleado_raw\":\"INDETERMINADO\",\"departamento_id_raw\":\"AL6\",\"departamento_raw\":\"PRODUCCION\",\"puesto_nomina_id_raw\":\"AL10\",\"puesto_raw\":\"OPERADOR DE PRENSA\",\"centro_trabajo_id_raw\":\"4000\",\"centro_trabajo_raw\":\"SAN MATEO-ALUTUB\",\"jefe_inmediato\":\"JUAN CARLOS REYES BARRETERO\",\"salario_diario\":4981.3620000000000800355337560176849365234375,\"salario_mensual\":149445.3979999999864958226680755615234375,\"estatus\":\"activo\"}', 'insert', 'OK', '2025-12-22 12:44:14');
INSERT INTO `nomina_import_detalle` VALUES (637, 41, '0174', 'REBG881018', '{\"empresa_id\":3,\"empresa_nombre\":\"ALUTUB S.A. DE C.V.\",\"no_emp\":\"0174\",\"rfc_base\":\"REBG881018\",\"curp\":\"REBG881018HMCYLR07\",\"es_activo_raw\":\"ACTIVO\",\"es_activo\":1,\"fecha_ingreso\":\"2021-08-30\",\"fecha_baja\":null,\"tipo_empleado_id_raw\":\"2\",\"tipo_empleado_raw\":\"INDETERMINADO\",\"departamento_id_raw\":\"AL6\",\"departamento_raw\":\"PRODUCCION\",\"puesto_nomina_id_raw\":\"AL10\",\"puesto_raw\":\"OPERADOR DE PRENSA\",\"centro_trabajo_id_raw\":\"4000\",\"centro_trabajo_raw\":\"SAN MATEO-ALUTUB\",\"jefe_inmediato\":\"JUAN CARLOS REYES BARRETERO\",\"salario_diario\":4981.3630000000002837623469531536102294921875,\"salario_mensual\":149445.39900000000488944351673126220703125,\"estatus\":\"activo\"}', 'insert', 'OK', '2025-12-22 12:44:14');
INSERT INTO `nomina_import_detalle` VALUES (638, 41, '0216', 'MARG861212', '{\"empresa_id\":3,\"empresa_nombre\":\"ALUTUB S.A. DE C.V.\",\"no_emp\":\"0216\",\"rfc_base\":\"MARG861212\",\"curp\":\"MARG861212MMCRDD01\",\"es_activo_raw\":\"ACTIVO\",\"es_activo\":1,\"fecha_ingreso\":\"2022-01-10\",\"fecha_baja\":null,\"tipo_empleado_id_raw\":\"2\",\"tipo_empleado_raw\":\"INDETERMINADO\",\"departamento_id_raw\":\"AL13\",\"departamento_raw\":\"CONTROL ESTADISTICO DE LA CALIDAD\",\"puesto_nomina_id_raw\":\"AL29\",\"puesto_raw\":\"REVISADOR DE PROCESO\",\"centro_trabajo_id_raw\":\"4000\",\"centro_trabajo_raw\":\"SAN MATEO-ALUTUB\",\"jefe_inmediato\":\"OMAR ANTONIO CASTAÑEDA JIMENEZ\",\"salario_diario\":4981.363999999999577994458377361297607421875,\"salario_mensual\":149445.39999999999417923390865325927734375,\"estatus\":\"activo\"}', 'insert', 'OK', '2025-12-22 12:44:15');
INSERT INTO `nomina_import_detalle` VALUES (639, 41, '0232', 'PIPG860609', '{\"empresa_id\":3,\"empresa_nombre\":\"ALUTUB S.A. DE C.V.\",\"no_emp\":\"0232\",\"rfc_base\":\"PIPG860609\",\"curp\":\"PIPG860609HMCLRR00\",\"es_activo_raw\":\"ACTIVO\",\"es_activo\":1,\"fecha_ingreso\":\"2022-01-31\",\"fecha_baja\":null,\"tipo_empleado_id_raw\":\"2\",\"tipo_empleado_raw\":\"INDETERMINADO\",\"departamento_id_raw\":\"AL6\",\"departamento_raw\":\"PRODUCCION\",\"puesto_nomina_id_raw\":\"AL14\",\"puesto_raw\":\"JEFE DE INGENIERIA\",\"centro_trabajo_id_raw\":\"4000\",\"centro_trabajo_raw\":\"SAN MATEO-ALUTUB\",\"jefe_inmediato\":\"JUAN CARLOS REYES BARRETERO\",\"salario_diario\":4981.364999999999781721271574497222900390625,\"salario_mensual\":149445.4010000000125728547573089599609375,\"estatus\":\"activo\"}', 'insert', 'OK', '2025-12-22 12:44:15');
INSERT INTO `nomina_import_detalle` VALUES (640, 41, '0256', 'GOTP820830', '{\"empresa_id\":3,\"empresa_nombre\":\"ALUTUB S.A. DE C.V.\",\"no_emp\":\"0256\",\"rfc_base\":\"GOTP820830\",\"curp\":\"GOTP820830HMCMRD08\",\"es_activo_raw\":\"ACTIVO\",\"es_activo\":1,\"fecha_ingreso\":\"2022-04-04\",\"fecha_baja\":null,\"tipo_empleado_id_raw\":\"2\",\"tipo_empleado_raw\":\"INDETERMINADO\",\"departamento_id_raw\":\"AL6\",\"departamento_raw\":\"PRODUCCION\",\"puesto_nomina_id_raw\":\"AL8\",\"puesto_raw\":\"OPERADOR DE LITOGRAFIA\",\"centro_trabajo_id_raw\":\"4000\",\"centro_trabajo_raw\":\"SAN MATEO-ALUTUB\",\"jefe_inmediato\":\"JUAN CARLOS REYES BARRETERO\",\"salario_diario\":4981.365999999999985448084771633148193359375,\"salario_mensual\":149445.40200000000186264514923095703125,\"estatus\":\"activo\"}', 'insert', 'OK', '2025-12-22 12:44:15');
INSERT INTO `nomina_import_detalle` VALUES (641, 41, '0282', 'CAJO781122', '{\"empresa_id\":3,\"empresa_nombre\":\"ALUTUB S.A. DE C.V.\",\"no_emp\":\"0282\",\"rfc_base\":\"CAJO781122\",\"curp\":\"CAJO781122HMCSMM01\",\"es_activo_raw\":\"ACTIVO\",\"es_activo\":1,\"fecha_ingreso\":\"2022-05-23\",\"fecha_baja\":null,\"tipo_empleado_id_raw\":\"2\",\"tipo_empleado_raw\":\"INDETERMINADO\",\"departamento_id_raw\":\"AL3\",\"departamento_raw\":\"CONTROL ESTADISTICO DE LA CALIDAD\",\"puesto_nomina_id_raw\":\"AL23\",\"puesto_raw\":\"JEFE DE CONTROL ESTADISTICO DE LA CALIDAD\",\"centro_trabajo_id_raw\":\"4000\",\"centro_trabajo_raw\":\"SAN MATEO-ALUTUB\",\"jefe_inmediato\":\"BENILDE MARIA GONZALEZ FERNANDEZ\",\"salario_diario\":4981.367000000000189174897968769073486328125,\"salario_mensual\":149445.4029999999911524355411529541015625,\"estatus\":\"activo\"}', 'insert', 'OK', '2025-12-22 12:44:15');
INSERT INTO `nomina_import_detalle` VALUES (642, 41, '0290', 'PILA681130', '{\"empresa_id\":3,\"empresa_nombre\":\"ALUTUB S.A. DE C.V.\",\"no_emp\":\"0290\",\"rfc_base\":\"PILA681130\",\"curp\":\"PILA681130HMCCPN04\",\"es_activo_raw\":\"ACTIVO\",\"es_activo\":1,\"fecha_ingreso\":\"2022-06-06\",\"fecha_baja\":null,\"tipo_empleado_id_raw\":\"2\",\"tipo_empleado_raw\":\"INDETERMINADO\",\"departamento_id_raw\":\"AL13\",\"departamento_raw\":\"CONTROL ESTADISTICO DE LA CALIDAD\",\"puesto_nomina_id_raw\":\"AL29\",\"puesto_raw\":\"REVISADOR DE PROCESO\",\"centro_trabajo_id_raw\":\"4000\",\"centro_trabajo_raw\":\"SAN MATEO-ALUTUB\",\"jefe_inmediato\":\"OMAR ANTONIO CASTAÑEDA JIMENEZ\",\"salario_diario\":4981.368000000000392901711165904998779296875,\"salario_mensual\":149445.40400000000954605638980865478515625,\"estatus\":\"activo\"}', 'insert', 'OK', '2025-12-22 12:44:15');
INSERT INTO `nomina_import_detalle` VALUES (643, 41, '0292', 'SOGA991128', '{\"empresa_id\":3,\"empresa_nombre\":\"ALUTUB S.A. DE C.V.\",\"no_emp\":\"0292\",\"rfc_base\":\"SOGA991128\",\"curp\":\"SOGA991128HMCLML01\",\"es_activo_raw\":\"ACTIVO\",\"es_activo\":1,\"fecha_ingreso\":\"2022-06-07\",\"fecha_baja\":null,\"tipo_empleado_id_raw\":\"2\",\"tipo_empleado_raw\":\"INDETERMINADO\",\"departamento_id_raw\":\"AL13\",\"departamento_raw\":\"CONTROL ESTADISTICO DE LA CALIDAD\",\"puesto_nomina_id_raw\":\"AL29\",\"puesto_raw\":\"REVISADOR DE PROCESO\",\"centro_trabajo_id_raw\":\"4000\",\"centro_trabajo_raw\":\"SAN MATEO-ALUTUB\",\"jefe_inmediato\":\"OMAR ANTONIO CASTAÑEDA JIMENEZ\",\"salario_diario\":4981.3689999999996871338225901126861572265625,\"salario_mensual\":149445.40499999999883584678173065185546875,\"estatus\":\"activo\"}', 'insert', 'OK', '2025-12-22 12:44:15');
INSERT INTO `nomina_import_detalle` VALUES (644, 41, '0315', 'BEMA970903', '{\"empresa_id\":3,\"empresa_nombre\":\"ALUTUB S.A. DE C.V.\",\"no_emp\":\"0315\",\"rfc_base\":\"BEMA970903\",\"curp\":\"BEMA970903MMCRRS08\",\"es_activo_raw\":\"ACTIVO\",\"es_activo\":1,\"fecha_ingreso\":\"2022-07-20\",\"fecha_baja\":null,\"tipo_empleado_id_raw\":\"2\",\"tipo_empleado_raw\":\"INDETERMINADO\",\"departamento_id_raw\":\"AL15\",\"departamento_raw\":\"SEGURIDAD E HIGIENE\",\"puesto_nomina_id_raw\":\"AL11\",\"puesto_raw\":\"ANALISTA DE SEGURIDAD E HIGIENE\",\"centro_trabajo_id_raw\":\"4000\",\"centro_trabajo_raw\":\"SAN MATEO-ALUTUB\",\"jefe_inmediato\":\"JUAN ANTONIO CARDENAS DOMINGUEZ\",\"salario_diario\":4981.3699999999998908606357872486114501953125,\"salario_mensual\":149445.40599999998812563717365264892578125,\"estatus\":\"activo\"}', 'insert', 'OK', '2025-12-22 12:44:15');
INSERT INTO `nomina_import_detalle` VALUES (645, 41, '0317', 'GOLC661214', '{\"empresa_id\":3,\"empresa_nombre\":\"ALUTUB S.A. DE C.V.\",\"no_emp\":\"0317\",\"rfc_base\":\"GOLC661214\",\"curp\":\"GOLC661214MVZMXR03\",\"es_activo_raw\":\"ACTIVO\",\"es_activo\":1,\"fecha_ingreso\":\"2022-07-25\",\"fecha_baja\":null,\"tipo_empleado_id_raw\":\"2\",\"tipo_empleado_raw\":\"INDETERMINADO\",\"departamento_id_raw\":\"AL13\",\"departamento_raw\":\"CONTROL ESTADISTICO DE LA CALIDAD\",\"puesto_nomina_id_raw\":\"AL29\",\"puesto_raw\":\"REVISADOR DE PROCESO\",\"centro_trabajo_id_raw\":\"4000\",\"centro_trabajo_raw\":\"SAN MATEO-ALUTUB\",\"jefe_inmediato\":\"OMAR ANTONIO CASTAÑEDA JIMENEZ\",\"salario_diario\":4981.3710000000000945874489843845367431640625,\"salario_mensual\":149445.407000000006519258022308349609375,\"estatus\":\"activo\"}', 'insert', 'OK', '2025-12-22 12:44:16');
INSERT INTO `nomina_import_detalle` VALUES (646, 41, '0339', 'EAPH970806', '{\"empresa_id\":3,\"empresa_nombre\":\"ALUTUB S.A. DE C.V.\",\"no_emp\":\"0339\",\"rfc_base\":\"EAPH970806\",\"curp\":\"EAPH970806HMCSRC03\",\"es_activo_raw\":\"ACTIVO\",\"es_activo\":1,\"fecha_ingreso\":\"2022-09-07\",\"fecha_baja\":null,\"tipo_empleado_id_raw\":\"2\",\"tipo_empleado_raw\":\"INDETERMINADO\",\"departamento_id_raw\":\"AL17\",\"departamento_raw\":\"COMPRAS Y PLANEACION\",\"puesto_nomina_id_raw\":\"AL38\",\"puesto_raw\":\"AUXILIAR ADMINISTRATIVO Y COMPRAS\",\"centro_trabajo_id_raw\":\"4000\",\"centro_trabajo_raw\":\"SAN MATEO-ALUTUB\",\"jefe_inmediato\":\"ESMERALDA GARCIA DURAN\",\"salario_diario\":4981.3720000000002983142621815204620361328125,\"salario_mensual\":149445.4079999999958090484142303466796875,\"estatus\":\"activo\"}', 'insert', 'OK', '2025-12-22 12:44:16');
INSERT INTO `nomina_import_detalle` VALUES (647, 41, '0341', 'MAXL030508', '{\"empresa_id\":3,\"empresa_nombre\":\"ALUTUB S.A. DE C.V.\",\"no_emp\":\"0341\",\"rfc_base\":\"MAXL030508\",\"curp\":\"MAXL030508MVZRLSA2\",\"es_activo_raw\":\"ACTIVO\",\"es_activo\":1,\"fecha_ingreso\":\"2022-09-12\",\"fecha_baja\":null,\"tipo_empleado_id_raw\":\"2\",\"tipo_empleado_raw\":\"INDETERMINADO\",\"departamento_id_raw\":\"AL13\",\"departamento_raw\":\"CONTROL ESTADISTICO DE LA CALIDAD\",\"puesto_nomina_id_raw\":\"AL29\",\"puesto_raw\":\"REVISADOR DE PROCESO\",\"centro_trabajo_id_raw\":\"4000\",\"centro_trabajo_raw\":\"SAN MATEO-ALUTUB\",\"jefe_inmediato\":\"OMAR ANTONIO CASTAÑEDA JIMENEZ\",\"salario_diario\":4981.3729999999995925463736057281494140625,\"salario_mensual\":149445.40900000001420266926288604736328125,\"estatus\":\"activo\"}', 'insert', 'OK', '2025-12-22 12:44:16');
INSERT INTO `nomina_import_detalle` VALUES (648, 41, '0344', 'PAVL910516', '{\"empresa_id\":3,\"empresa_nombre\":\"ALUTUB S.A. DE C.V.\",\"no_emp\":\"0344\",\"rfc_base\":\"PAVL910516\",\"curp\":\"PAVL910516MMCZRR09\",\"es_activo_raw\":\"ACTIVO\",\"es_activo\":1,\"fecha_ingreso\":\"2022-09-12\",\"fecha_baja\":null,\"tipo_empleado_id_raw\":\"2\",\"tipo_empleado_raw\":\"INDETERMINADO\",\"departamento_id_raw\":\"AL13\",\"departamento_raw\":\"CONTROL ESTADISTICO DE LA CALIDAD\",\"puesto_nomina_id_raw\":\"AL29\",\"puesto_raw\":\"REVISADOR DE PROCESO\",\"centro_trabajo_id_raw\":\"4000\",\"centro_trabajo_raw\":\"SAN MATEO-ALUTUB\",\"jefe_inmediato\":\"OMAR ANTONIO CASTAÑEDA JIMENEZ\",\"salario_diario\":4981.37399999999979627318680286407470703125,\"salario_mensual\":149445.41000000000349245965480804443359375,\"estatus\":\"activo\"}', 'insert', 'OK', '2025-12-22 12:44:16');
INSERT INTO `nomina_import_detalle` VALUES (649, 41, '0345', 'MEEM940414', '{\"empresa_id\":3,\"empresa_nombre\":\"ALUTUB S.A. DE C.V.\",\"no_emp\":\"0345\",\"rfc_base\":\"MEEM940414\",\"curp\":\"MEEM940414MMCJNR01\",\"es_activo_raw\":\"ACTIVO\",\"es_activo\":1,\"fecha_ingreso\":\"2022-09-14\",\"fecha_baja\":null,\"tipo_empleado_id_raw\":\"2\",\"tipo_empleado_raw\":\"INDETERMINADO\",\"departamento_id_raw\":\"AL13\",\"departamento_raw\":\"CONTROL ESTADISTICO DE LA CALIDAD\",\"puesto_nomina_id_raw\":\"AL29\",\"puesto_raw\":\"REVISADOR DE PROCESO\",\"centro_trabajo_id_raw\":\"4000\",\"centro_trabajo_raw\":\"SAN MATEO-ALUTUB\",\"jefe_inmediato\":\"OMAR ANTONIO CASTAÑEDA JIMENEZ\",\"salario_diario\":4981.375,\"salario_mensual\":149445.41099999999278225004673004150390625,\"estatus\":\"activo\"}', 'insert', 'OK', '2025-12-22 12:44:16');
INSERT INTO `nomina_import_detalle` VALUES (650, 41, '0351', 'AAMI880720', '{\"empresa_id\":3,\"empresa_nombre\":\"ALUTUB S.A. DE C.V.\",\"no_emp\":\"0351\",\"rfc_base\":\"AAMI880720\",\"curp\":\"AAMI880720MMCYRR02\",\"es_activo_raw\":\"ACTIVO\",\"es_activo\":1,\"fecha_ingreso\":\"2022-09-28\",\"fecha_baja\":null,\"tipo_empleado_id_raw\":\"2\",\"tipo_empleado_raw\":\"INDETERMINADO\",\"departamento_id_raw\":\"AL13\",\"departamento_raw\":\"CONTROL ESTADISTICO DE LA CALIDAD\",\"puesto_nomina_id_raw\":\"AL29\",\"puesto_raw\":\"REVISADOR DE PROCESO\",\"centro_trabajo_id_raw\":\"4000\",\"centro_trabajo_raw\":\"SAN MATEO-ALUTUB\",\"jefe_inmediato\":\"OMAR ANTONIO CASTAÑEDA JIMENEZ\",\"salario_diario\":4981.37600000000020372681319713592529296875,\"salario_mensual\":149445.4120000000111758708953857421875,\"estatus\":\"activo\"}', 'insert', 'OK', '2025-12-22 12:44:16');
INSERT INTO `nomina_import_detalle` VALUES (651, 41, '0352', 'MACI640404', '{\"empresa_id\":3,\"empresa_nombre\":\"ALUTUB S.A. DE C.V.\",\"no_emp\":\"0352\",\"rfc_base\":\"MACI640404\",\"curp\":\"MACI640404HMCRRS05\",\"es_activo_raw\":\"ACTIVO\",\"es_activo\":1,\"fecha_ingreso\":\"2022-09-28\",\"fecha_baja\":null,\"tipo_empleado_id_raw\":\"2\",\"tipo_empleado_raw\":\"INDETERMINADO\",\"departamento_id_raw\":\"AL13\",\"departamento_raw\":\"CONTROL ESTADISTICO DE LA CALIDAD\",\"puesto_nomina_id_raw\":\"AL29\",\"puesto_raw\":\"REVISADOR DE PROCESO\",\"centro_trabajo_id_raw\":\"4000\",\"centro_trabajo_raw\":\"SAN MATEO-ALUTUB\",\"jefe_inmediato\":\"OMAR ANTONIO CASTAÑEDA JIMENEZ\",\"salario_diario\":4981.3770000000004074536263942718505859375,\"salario_mensual\":149445.4130000000004656612873077392578125,\"estatus\":\"activo\"}', 'insert', 'OK', '2025-12-22 12:44:16');
INSERT INTO `nomina_import_detalle` VALUES (652, 41, '0356', 'CELJ650427', '{\"empresa_id\":3,\"empresa_nombre\":\"ALUTUB S.A. DE C.V.\",\"no_emp\":\"0356\",\"rfc_base\":\"CELJ650427\",\"curp\":\"CELJ650427HDFRNM04\",\"es_activo_raw\":\"ACTIVO\",\"es_activo\":1,\"fecha_ingreso\":\"2022-10-10\",\"fecha_baja\":null,\"tipo_empleado_id_raw\":\"2\",\"tipo_empleado_raw\":\"INDETERMINADO\",\"departamento_id_raw\":\"AL6\",\"departamento_raw\":\"PRODUCCION\",\"puesto_nomina_id_raw\":\"AL8\",\"puesto_raw\":\"OPERADOR DE LITOGRAFIA\",\"centro_trabajo_id_raw\":\"4000\",\"centro_trabajo_raw\":\"SAN MATEO-ALUTUB\",\"jefe_inmediato\":\"JUAN CARLOS REYES BARRETERO\",\"salario_diario\":4981.3779999999997016857378184795379638671875,\"salario_mensual\":149445.413999999989755451679229736328125,\"estatus\":\"activo\"}', 'insert', 'OK', '2025-12-22 12:44:17');
INSERT INTO `nomina_import_detalle` VALUES (653, 41, '0363', 'PACJ690906', '{\"empresa_id\":3,\"empresa_nombre\":\"ALUTUB S.A. DE C.V.\",\"no_emp\":\"0363\",\"rfc_base\":\"PACJ690906\",\"curp\":\"PACJ690906MMCCNN08\",\"es_activo_raw\":\"ACTIVO\",\"es_activo\":1,\"fecha_ingreso\":\"2022-11-14\",\"fecha_baja\":null,\"tipo_empleado_id_raw\":\"2\",\"tipo_empleado_raw\":\"INDETERMINADO\",\"departamento_id_raw\":\"AL7\",\"departamento_raw\":\"RECURSOS HUMANOS\",\"puesto_nomina_id_raw\":\"AL24\",\"puesto_raw\":\"AUXILIAR DE LIMPIEZA\",\"centro_trabajo_id_raw\":\"4000\",\"centro_trabajo_raw\":\"SAN MATEO-ALUTUB\",\"jefe_inmediato\":\"JUAN ANTONIO CARDENAS DOMINGUEZ\",\"salario_diario\":4981.3789999999999054125510156154632568359375,\"salario_mensual\":149445.41500000000814907252788543701171875,\"estatus\":\"activo\"}', 'insert', 'OK', '2025-12-22 12:44:17');
INSERT INTO `nomina_import_detalle` VALUES (654, 41, '0371', 'AOBS041110', '{\"empresa_id\":3,\"empresa_nombre\":\"ALUTUB S.A. DE C.V.\",\"no_emp\":\"0371\",\"rfc_base\":\"AOBS041110\",\"curp\":\"AOBS041110HMSLHRA8\",\"es_activo_raw\":\"ACTIVO\",\"es_activo\":1,\"fecha_ingreso\":\"2022-12-12\",\"fecha_baja\":null,\"tipo_empleado_id_raw\":\"2\",\"tipo_empleado_raw\":\"INDETERMINADO\",\"departamento_id_raw\":\"AL6\",\"departamento_raw\":\"PRODUCCION\",\"puesto_nomina_id_raw\":\"AL10\",\"puesto_raw\":\"OPERADOR DE PRENSA\",\"centro_trabajo_id_raw\":\"4000\",\"centro_trabajo_raw\":\"SAN MATEO-ALUTUB\",\"jefe_inmediato\":\"JUAN CARLOS REYES BARRETERO\",\"salario_diario\":4981.3800000000001091393642127513885498046875,\"salario_mensual\":149445.41599999999743886291980743408203125,\"estatus\":\"activo\"}', 'insert', 'OK', '2025-12-22 12:44:17');
INSERT INTO `nomina_import_detalle` VALUES (655, 41, '0375', 'GOFB660827', '{\"empresa_id\":3,\"empresa_nombre\":\"ALUTUB S.A. DE C.V.\",\"no_emp\":\"0375\",\"rfc_base\":\"GOFB660827\",\"curp\":\"GOFB660827MTSNRN03\",\"es_activo_raw\":\"ACTIVO\",\"es_activo\":1,\"fecha_ingreso\":\"2016-01-18\",\"fecha_baja\":null,\"tipo_empleado_id_raw\":\"2\",\"tipo_empleado_raw\":\"INDETERMINADO\",\"departamento_id_raw\":\"AL9\",\"departamento_raw\":\"ADMINISTRACION\",\"puesto_nomina_id_raw\":\"AL33\",\"puesto_raw\":\"SUBDIRECTOR ADMINISTRATIVO Y COMERCIAL\",\"centro_trabajo_id_raw\":\"4000\",\"centro_trabajo_raw\":\"SAN MATEO-ALUTUB\",\"jefe_inmediato\":\"\",\"salario_diario\":4981.3810000000003128661774098873138427734375,\"salario_mensual\":149445.41699999998672865331172943115234375,\"estatus\":\"activo\"}', 'insert', 'OK', '2025-12-22 12:44:17');
INSERT INTO `nomina_import_detalle` VALUES (656, 41, '0379', 'FOMV770812', '{\"empresa_id\":3,\"empresa_nombre\":\"ALUTUB S.A. DE C.V.\",\"no_emp\":\"0379\",\"rfc_base\":\"FOMV770812\",\"curp\":\"FOMV770812HMCLTL08\",\"es_activo_raw\":\"ACTIVO\",\"es_activo\":1,\"fecha_ingreso\":\"2023-01-11\",\"fecha_baja\":null,\"tipo_empleado_id_raw\":\"2\",\"tipo_empleado_raw\":\"INDETERMINADO\",\"departamento_id_raw\":\"AL6\",\"departamento_raw\":\"PRODUCCION\",\"puesto_nomina_id_raw\":\"AL8\",\"puesto_raw\":\"OPERADOR DE LITOGRAFIA\",\"centro_trabajo_id_raw\":\"4000\",\"centro_trabajo_raw\":\"SAN MATEO-ALUTUB\",\"jefe_inmediato\":\"JUAN CARLOS REYES BARRETERO\",\"salario_diario\":4981.381999999999607098288834095001220703125,\"salario_mensual\":149445.4180000000051222741603851318359375,\"estatus\":\"activo\"}', 'insert', 'OK', '2025-12-22 12:44:17');
INSERT INTO `nomina_import_detalle` VALUES (657, 41, '0384', 'GUVL700303', '{\"empresa_id\":3,\"empresa_nombre\":\"ALUTUB S.A. DE C.V.\",\"no_emp\":\"0384\",\"rfc_base\":\"GUVL700303\",\"curp\":\"GUVL700303MDFDLR18\",\"es_activo_raw\":\"ACTIVO\",\"es_activo\":1,\"fecha_ingreso\":\"2023-01-18\",\"fecha_baja\":null,\"tipo_empleado_id_raw\":\"2\",\"tipo_empleado_raw\":\"INDETERMINADO\",\"departamento_id_raw\":\"AL13\",\"departamento_raw\":\"CONTROL ESTADISTICO DE LA CALIDAD\",\"puesto_nomina_id_raw\":\"AL29\",\"puesto_raw\":\"REVISADOR DE PROCESO\",\"centro_trabajo_id_raw\":\"4000\",\"centro_trabajo_raw\":\"SAN MATEO-ALUTUB\",\"jefe_inmediato\":\"OMAR ANTONIO CASTAÑEDA JIMENEZ\",\"salario_diario\":4981.382999999999810825102031230926513671875,\"salario_mensual\":149445.41899999999441206455230712890625,\"estatus\":\"activo\"}', 'insert', 'OK', '2025-12-22 12:44:17');
INSERT INTO `nomina_import_detalle` VALUES (658, 41, '0386', 'PIAL730421', '{\"empresa_id\":3,\"empresa_nombre\":\"ALUTUB S.A. DE C.V.\",\"no_emp\":\"0386\",\"rfc_base\":\"PIAL730421\",\"curp\":\"PIAL730421MMCXRL04\",\"es_activo_raw\":\"ACTIVO\",\"es_activo\":1,\"fecha_ingreso\":\"2023-01-23\",\"fecha_baja\":null,\"tipo_empleado_id_raw\":\"2\",\"tipo_empleado_raw\":\"INDETERMINADO\",\"departamento_id_raw\":\"AL13\",\"departamento_raw\":\"CONTROL ESTADISTICO DE LA CALIDAD\",\"puesto_nomina_id_raw\":\"AL29\",\"puesto_raw\":\"REVISADOR DE PROCESO\",\"centro_trabajo_id_raw\":\"4000\",\"centro_trabajo_raw\":\"SAN MATEO-ALUTUB\",\"jefe_inmediato\":\"OMAR ANTONIO CASTAÑEDA JIMENEZ\",\"salario_diario\":4981.384000000000014551915228366851806640625,\"salario_mensual\":149445.42000000001280568540096282958984375,\"estatus\":\"activo\"}', 'insert', 'OK', '2025-12-22 12:44:17');
INSERT INTO `nomina_import_detalle` VALUES (659, 41, '0390', 'MAFE821020', '{\"empresa_id\":3,\"empresa_nombre\":\"ALUTUB S.A. DE C.V.\",\"no_emp\":\"0390\",\"rfc_base\":\"MAFE821020\",\"curp\":\"MAFE821020MMCNLL00\",\"es_activo_raw\":\"ACTIVO\",\"es_activo\":1,\"fecha_ingreso\":\"2023-01-30\",\"fecha_baja\":null,\"tipo_empleado_id_raw\":\"2\",\"tipo_empleado_raw\":\"INDETERMINADO\",\"departamento_id_raw\":\"AL13\",\"departamento_raw\":\"CONTROL ESTADISTICO DE LA CALIDAD\",\"puesto_nomina_id_raw\":\"AL29\",\"puesto_raw\":\"REVISADOR DE PROCESO\",\"centro_trabajo_id_raw\":\"4000\",\"centro_trabajo_raw\":\"SAN MATEO-ALUTUB\",\"jefe_inmediato\":\"OMAR ANTONIO CASTAÑEDA JIMENEZ\",\"salario_diario\":4981.385000000000218278728425502777099609375,\"salario_mensual\":149445.42100000000209547579288482666015625,\"estatus\":\"activo\"}', 'insert', 'OK', '2025-12-22 12:44:17');
INSERT INTO `nomina_import_detalle` VALUES (660, 41, '0395', 'SAMK930306', '{\"empresa_id\":3,\"empresa_nombre\":\"ALUTUB S.A. DE C.V.\",\"no_emp\":\"0395\",\"rfc_base\":\"SAMK930306\",\"curp\":\"SAMK930306HMCMLL05\",\"es_activo_raw\":\"ACTIVO\",\"es_activo\":1,\"fecha_ingreso\":\"2023-03-01\",\"fecha_baja\":null,\"tipo_empleado_id_raw\":\"2\",\"tipo_empleado_raw\":\"INDETERMINADO\",\"departamento_id_raw\":\"AL13\",\"departamento_raw\":\"CONTROL ESTADISTICO DE LA CALIDAD\",\"puesto_nomina_id_raw\":\"AL29\",\"puesto_raw\":\"REVISADOR DE PROCESO\",\"centro_trabajo_id_raw\":\"4000\",\"centro_trabajo_raw\":\"SAN MATEO-ALUTUB\",\"jefe_inmediato\":\"OMAR ANTONIO CASTAÑEDA JIMENEZ\",\"salario_diario\":4981.386000000000422005541622638702392578125,\"salario_mensual\":149445.42199999999138526618480682373046875,\"estatus\":\"activo\"}', 'insert', 'OK', '2025-12-22 12:44:18');
INSERT INTO `nomina_import_detalle` VALUES (661, 41, '0404', 'REBA790322', '{\"empresa_id\":3,\"empresa_nombre\":\"ALUTUB S.A. DE C.V.\",\"no_emp\":\"0404\",\"rfc_base\":\"REBA790322\",\"curp\":\"REBA790322HDFYRN03\",\"es_activo_raw\":\"ACTIVO\",\"es_activo\":1,\"fecha_ingreso\":\"2023-04-12\",\"fecha_baja\":null,\"tipo_empleado_id_raw\":\"2\",\"tipo_empleado_raw\":\"INDETERMINADO\",\"departamento_id_raw\":\"AL16\",\"departamento_raw\":\"PLANEACION\",\"puesto_nomina_id_raw\":\"AL39\",\"puesto_raw\":\"JEFE DE PLANEACION\",\"centro_trabajo_id_raw\":\"4000\",\"centro_trabajo_raw\":\"SAN MATEO-ALUTUB\",\"jefe_inmediato\":\"JUAN CARLOS REYES BARRETERO\",\"salario_diario\":4981.3869999999997162376530468463897705078125,\"salario_mensual\":149445.4230000000097788870334625244140625,\"estatus\":\"activo\"}', 'insert', 'OK', '2025-12-22 12:44:18');
INSERT INTO `nomina_import_detalle` VALUES (662, 41, '0001', 'GOGC681014', '{\"empresa_id\":1,\"empresa_nombre\":\"FARMACEUTICA HISPANOAMERICANA S.A. DE C.V.\",\"no_emp\":\"0001\",\"rfc_base\":\"GOGC681014\",\"curp\":\"GOGC681014HJCMNF07\",\"es_activo_raw\":\"ACTIVO\",\"es_activo\":1,\"fecha_ingreso\":\"2006-06-04\",\"fecha_baja\":null,\"tipo_empleado_id_raw\":\"2\",\"tipo_empleado_raw\":\"INDETERMINADO\",\"departamento_id_raw\":\"1\",\"departamento_raw\":\"ADMINISTRACION\",\"puesto_nomina_id_raw\":\"55\",\"puesto_raw\":\"DIRECTOR DE FINANZAS\",\"centro_trabajo_id_raw\":\"1009\",\"centro_trabajo_raw\":\"FH CORPORATIVO DESP. 702\",\"jefe_inmediato\":\"\",\"salario_diario\":4981.4409999999998035491444170475006103515625,\"salario_mensual\":149445.4770000000135041773319244384765625,\"estatus\":\"activo\"}', 'insert', 'OK', '2025-12-22 12:44:18');
INSERT INTO `nomina_import_detalle` VALUES (663, 41, '0002', 'GOFF711124', '{\"empresa_id\":1,\"empresa_nombre\":\"FARMACEUTICA HISPANOAMERICANA S.A. DE C.V.\",\"no_emp\":\"0002\",\"rfc_base\":\"GOFF711124\",\"curp\":\"GOFF711124HTSNRL02\",\"es_activo_raw\":\"ACTIVO\",\"es_activo\":1,\"fecha_ingreso\":\"2013-09-17\",\"fecha_baja\":null,\"tipo_empleado_id_raw\":\"2\",\"tipo_empleado_raw\":\"INDETERMINADO\",\"departamento_id_raw\":\"1\",\"departamento_raw\":\"ADMINISTRACION\",\"puesto_nomina_id_raw\":\"52\",\"puesto_raw\":\"DIRECTOR DE ADMINISTRACION\",\"centro_trabajo_id_raw\":\"1009\",\"centro_trabajo_raw\":\"FH CORPORATIVO DESP. 702\",\"jefe_inmediato\":\"\",\"salario_diario\":4981.4420000000000072759576141834259033203125,\"salario_mensual\":149445.478000000002793967723846435546875,\"estatus\":\"activo\"}', 'insert', 'OK', '2025-12-22 12:44:18');
INSERT INTO `nomina_import_detalle` VALUES (664, 41, '0003', 'LOGE680207', '{\"empresa_id\":1,\"empresa_nombre\":\"FARMACEUTICA HISPANOAMERICANA S.A. DE C.V.\",\"no_emp\":\"0003\",\"rfc_base\":\"LOGE680207\",\"curp\":\"LOGE680207MDFPTN02\",\"es_activo_raw\":\"ACTIVO\",\"es_activo\":1,\"fecha_ingreso\":\"2013-09-17\",\"fecha_baja\":null,\"tipo_empleado_id_raw\":\"2\",\"tipo_empleado_raw\":\"INDETERMINADO\",\"departamento_id_raw\":\"1\",\"departamento_raw\":\"ADMINISTRACION\",\"puesto_nomina_id_raw\":\"54\",\"puesto_raw\":\"DIRECTOR DE CONTRALORIA\",\"centro_trabajo_id_raw\":\"1009\",\"centro_trabajo_raw\":\"FH CORPORATIVO DESP. 702\",\"jefe_inmediato\":\"\",\"salario_diario\":4981.4430000000002110027708113193511962890625,\"salario_mensual\":149445.4789999999920837581157684326171875,\"estatus\":\"activo\"}', 'insert', 'OK', '2025-12-22 12:44:18');
INSERT INTO `nomina_import_detalle` VALUES (665, 41, '0004', 'SABG810320', '{\"empresa_id\":1,\"empresa_nombre\":\"FARMACEUTICA HISPANOAMERICANA S.A. DE C.V.\",\"no_emp\":\"0004\",\"rfc_base\":\"SABG810320\",\"curp\":\"SABG810320MSRRNN06\",\"es_activo_raw\":\"ACTIVO\",\"es_activo\":1,\"fecha_ingreso\":\"2007-10-01\",\"fecha_baja\":null,\"tipo_empleado_id_raw\":\"2\",\"tipo_empleado_raw\":\"INDETERMINADO\",\"departamento_id_raw\":\"1\",\"departamento_raw\":\"ADMINISTRACION\",\"puesto_nomina_id_raw\":\"57\",\"puesto_raw\":\"DIRECTOR DE TESORERIA\",\"centro_trabajo_id_raw\":\"1009\",\"centro_trabajo_raw\":\"FH CORPORATIVO DESP. 702\",\"jefe_inmediato\":\"\",\"salario_diario\":4981.4440000000004147295840084552764892578125,\"salario_mensual\":149445.48000000001047737896442413330078125,\"estatus\":\"activo\"}', 'insert', 'OK', '2025-12-22 12:44:18');
INSERT INTO `nomina_import_detalle` VALUES (666, 41, '1001', 'DEMA871022', '{\"empresa_id\":1,\"empresa_nombre\":\"FARMACEUTICA HISPANOAMERICANA S.A. DE C.V.\",\"no_emp\":\"1001\",\"rfc_base\":\"DEMA871022\",\"curp\":\"DEMA871022MDFLNR05\",\"es_activo_raw\":\"ACTIVO\",\"es_activo\":1,\"fecha_ingreso\":\"2012-10-15\",\"fecha_baja\":null,\"tipo_empleado_id_raw\":\"2\",\"tipo_empleado_raw\":\"INDETERMINADO\",\"departamento_id_raw\":\"5\",\"departamento_raw\":\"ASEGURAMIENTO DE CALIDAD\",\"puesto_nomina_id_raw\":\"210\",\"puesto_raw\":\"SUBGERENTE DE ASEGURAMIENTO DE CALIDAD\",\"centro_trabajo_id_raw\":\"1001\",\"centro_trabajo_raw\":\"FH LAGO ISEO 184\",\"jefe_inmediato\":\"SERGIO RODRIGUEZ CAMPOS\",\"salario_diario\":4981.4449999999997089616954326629638671875,\"salario_mensual\":149445.48099999999976716935634613037109375,\"estatus\":\"activo\"}', 'insert', 'OK', '2025-12-22 12:44:18');
INSERT INTO `nomina_import_detalle` VALUES (667, 41, '1002', 'ROCS691121', '{\"empresa_id\":1,\"empresa_nombre\":\"FARMACEUTICA HISPANOAMERICANA S.A. DE C.V.\",\"no_emp\":\"1002\",\"rfc_base\":\"ROCS691121\",\"curp\":\"ROCS691121HDFDMR07\",\"es_activo_raw\":\"ACTIVO\",\"es_activo\":1,\"fecha_ingreso\":\"2011-12-19\",\"fecha_baja\":null,\"tipo_empleado_id_raw\":\"2\",\"tipo_empleado_raw\":\"INDETERMINADO\",\"departamento_id_raw\":\"5\",\"departamento_raw\":\"ASEGURAMIENTO DE CALIDAD\",\"puesto_nomina_id_raw\":\"80\",\"puesto_raw\":\"GERENTE DE UNIDAD DE CALIDAD RESPONSABLE SANITARIO\",\"centro_trabajo_id_raw\":\"1001\",\"centro_trabajo_raw\":\"FH LAGO ISEO 184\",\"jefe_inmediato\":\"ANGEL ALBARRAN MARTINEZ\",\"salario_diario\":4981.44599999999991268850862979888916015625,\"salario_mensual\":149445.48199999998905695974826812744140625,\"estatus\":\"activo\"}', 'insert', 'OK', '2025-12-22 12:44:19');
INSERT INTO `nomina_import_detalle` VALUES (668, 41, '1005', 'PETR910312', '{\"empresa_id\":1,\"empresa_nombre\":\"FARMACEUTICA HISPANOAMERICANA S.A. DE C.V.\",\"no_emp\":\"1005\",\"rfc_base\":\"PETR910312\",\"curp\":\"PETR910312MDFRCB06\",\"es_activo_raw\":\"ACTIVO\",\"es_activo\":1,\"fecha_ingreso\":\"2019-07-25\",\"fecha_baja\":null,\"tipo_empleado_id_raw\":\"2\",\"tipo_empleado_raw\":\"INDETERMINADO\",\"departamento_id_raw\":\"10\",\"departamento_raw\":\"CONTRALORIA GENERAL\",\"puesto_nomina_id_raw\":\"173\",\"puesto_raw\":\"CONTADOR FISCAL\",\"centro_trabajo_id_raw\":\"1008\",\"centro_trabajo_raw\":\"FH CORPORATIVO DESP 701\",\"jefe_inmediato\":\"AGUSTIN MATA HERNANDEZ\",\"salario_diario\":4981.447000000000116415321826934814453125,\"salario_mensual\":149445.483000000007450580596923828125,\"estatus\":\"activo\"}', 'insert', 'OK', '2025-12-22 12:44:19');
INSERT INTO `nomina_import_detalle` VALUES (669, 41, '1006', 'MAHA740828', '{\"empresa_id\":1,\"empresa_nombre\":\"FARMACEUTICA HISPANOAMERICANA S.A. DE C.V.\",\"no_emp\":\"1006\",\"rfc_base\":\"MAHA740828\",\"curp\":\"MAHA740828HDFTRG05\",\"es_activo_raw\":\"ACTIVO\",\"es_activo\":1,\"fecha_ingreso\":\"2018-03-20\",\"fecha_baja\":null,\"tipo_empleado_id_raw\":\"2\",\"tipo_empleado_raw\":\"INDETERMINADO\",\"departamento_id_raw\":\"10\",\"departamento_raw\":\"CONTRALORIA GENERAL\",\"puesto_nomina_id_raw\":\"33\",\"puesto_raw\":\"CONTRALOR GENERAL\",\"centro_trabajo_id_raw\":\"1008\",\"centro_trabajo_raw\":\"FH CORPORATIVO DESP 701\",\"jefe_inmediato\":\"CARLOS ALBERTO AGUILAR PERALTA\",\"salario_diario\":4981.44800000000032014213502407073974609375,\"salario_mensual\":149445.4839999999967403709888458251953125,\"estatus\":\"activo\"}', 'insert', 'OK', '2025-12-22 12:44:19');
INSERT INTO `nomina_import_detalle` VALUES (670, 41, '1007', 'LOPL790524', '{\"empresa_id\":1,\"empresa_nombre\":\"FARMACEUTICA HISPANOAMERICANA S.A. DE C.V.\",\"no_emp\":\"1007\",\"rfc_base\":\"LOPL790524\",\"curp\":\"LOPL790524MDFZRR07\",\"es_activo_raw\":\"ACTIVO\",\"es_activo\":1,\"fecha_ingreso\":\"2011-02-16\",\"fecha_baja\":null,\"tipo_empleado_id_raw\":\"2\",\"tipo_empleado_raw\":\"INDETERMINADO\",\"departamento_id_raw\":\"15\",\"departamento_raw\":\"DIRECCION DE NUEVOS NEGOCIOS\",\"puesto_nomina_id_raw\":\"56\",\"puesto_raw\":\"DIRECTOR DE NUEVOS NEGOCIOS\",\"centro_trabajo_id_raw\":\"1008\",\"centro_trabajo_raw\":\"FH CORPORATIVO DESP 701\",\"jefe_inmediato\":\"ANGEL ALBARRAN MARTINEZ\",\"salario_diario\":4981.4489999999996143742464482784271240234375,\"salario_mensual\":149445.484999999986030161380767822265625,\"estatus\":\"activo\"}', 'insert', 'OK', '2025-12-22 12:44:19');
INSERT INTO `nomina_import_detalle` VALUES (671, 41, '1008', 'MUGL911206', '{\"empresa_id\":1,\"empresa_nombre\":\"FARMACEUTICA HISPANOAMERICANA S.A. DE C.V.\",\"no_emp\":\"1008\",\"rfc_base\":\"MUGL911206\",\"curp\":\"MUGL911206MDFXRS03\",\"es_activo_raw\":\"ACTIVO\",\"es_activo\":1,\"fecha_ingreso\":\"2019-01-02\",\"fecha_baja\":null,\"tipo_empleado_id_raw\":\"2\",\"tipo_empleado_raw\":\"INDETERMINADO\",\"departamento_id_raw\":\"15\",\"departamento_raw\":\"DIRECCION DE NUEVOS NEGOCIOS\",\"puesto_nomina_id_raw\":\"252\",\"puesto_raw\":\"GERENTE CORPORATIVO DE NUEVOS NEGOCIOS\",\"centro_trabajo_id_raw\":\"1008\",\"centro_trabajo_raw\":\"FH CORPORATIVO DESP 701\",\"jefe_inmediato\":\"LORENA ADRIANA LOZANO PEREZ\",\"salario_diario\":4981.4499999999998181010596454143524169921875,\"salario_mensual\":149445.48600000000442378222942352294921875,\"estatus\":\"activo\"}', 'insert', 'OK', '2025-12-22 12:44:19');
INSERT INTO `nomina_import_detalle` VALUES (672, 41, '1009', 'AUPC720331', '{\"empresa_id\":1,\"empresa_nombre\":\"FARMACEUTICA HISPANOAMERICANA S.A. DE C.V.\",\"no_emp\":\"1009\",\"rfc_base\":\"AUPC720331\",\"curp\":\"AUPC720331HDFGRR08\",\"es_activo_raw\":\"ACTIVO\",\"es_activo\":1,\"fecha_ingreso\":\"2019-06-26\",\"fecha_baja\":null,\"tipo_empleado_id_raw\":\"2\",\"tipo_empleado_raw\":\"INDETERMINADO\",\"departamento_id_raw\":\"14\",\"departamento_raw\":\"DIRECCION DE ADMINISTRACION Y FINANZAS\",\"puesto_nomina_id_raw\":\"53\",\"puesto_raw\":\"DIRECTOR DE ADMINISTRACION Y FINANZAS\",\"centro_trabajo_id_raw\":\"1008\",\"centro_trabajo_raw\":\"FH CORPORATIVO DESP 701\",\"jefe_inmediato\":\"\",\"salario_diario\":4981.4510000000000218278728425502777099609375,\"salario_mensual\":149445.48699999999371357262134552001953125,\"estatus\":\"activo\"}', 'insert', 'OK', '2025-12-22 12:44:19');
INSERT INTO `nomina_import_detalle` VALUES (673, 41, '1011', 'AAMA620506', '{\"empresa_id\":1,\"empresa_nombre\":\"FARMACEUTICA HISPANOAMERICANA S.A. DE C.V.\",\"no_emp\":\"1011\",\"rfc_base\":\"AAMA620506\",\"curp\":\"AAMA620506HDFLRN06\",\"es_activo_raw\":\"ACTIVO\",\"es_activo\":1,\"fecha_ingreso\":\"2009-06-15\",\"fecha_baja\":null,\"tipo_empleado_id_raw\":\"2\",\"tipo_empleado_raw\":\"INDETERMINADO\",\"departamento_id_raw\":\"17\",\"departamento_raw\":\"DIRECCION GENERAL\",\"puesto_nomina_id_raw\":\"58\",\"puesto_raw\":\"DIRECTOR GENERAL\",\"centro_trabajo_id_raw\":\"1008\",\"centro_trabajo_raw\":\"FH CORPORATIVO DESP 701\",\"jefe_inmediato\":\"\",\"salario_diario\":4981.4520000000002255546860396862030029296875,\"salario_mensual\":149445.488000000012107193470001220703125,\"estatus\":\"activo\"}', 'insert', 'OK', '2025-12-22 12:44:19');
INSERT INTO `nomina_import_detalle` VALUES (674, 41, '1014', 'SAGE600411', '{\"empresa_id\":1,\"empresa_nombre\":\"FARMACEUTICA HISPANOAMERICANA S.A. DE C.V.\",\"no_emp\":\"1014\",\"rfc_base\":\"SAGE600411\",\"curp\":\"SAGE600411HDFNTD04\",\"es_activo_raw\":\"ACTIVO\",\"es_activo\":1,\"fecha_ingreso\":\"2011-12-20\",\"fecha_baja\":null,\"tipo_empleado_id_raw\":\"2\",\"tipo_empleado_raw\":\"INDETERMINADO\",\"departamento_id_raw\":\"23\",\"departamento_raw\":\"PRODUCCION AEROSOLES\",\"puesto_nomina_id_raw\":\"251\",\"puesto_raw\":\"GERENTE DE PLANTA\",\"centro_trabajo_id_raw\":\"1001\",\"centro_trabajo_raw\":\"FH LAGO ISEO 184\",\"jefe_inmediato\":\"MISAEL MENDOZA HERNANDEZ\",\"salario_diario\":4981.4530000000004292814992368221282958984375,\"salario_mensual\":149445.4890000000013969838619232177734375,\"estatus\":\"activo\"}', 'insert', 'OK', '2025-12-22 12:44:19');
INSERT INTO `nomina_import_detalle` VALUES (675, 41, '1019', 'RORL750102', '{\"empresa_id\":1,\"empresa_nombre\":\"FARMACEUTICA HISPANOAMERICANA S.A. DE C.V.\",\"no_emp\":\"1019\",\"rfc_base\":\"RORL750102\",\"curp\":\"RORL750102MDFJMS09\",\"es_activo_raw\":\"ACTIVO\",\"es_activo\":1,\"fecha_ingreso\":\"2019-07-03\",\"fecha_baja\":null,\"tipo_empleado_id_raw\":\"2\",\"tipo_empleado_raw\":\"INDETERMINADO\",\"departamento_id_raw\":\"28\",\"departamento_raw\":\"TESORERIA\",\"puesto_nomina_id_raw\":\"79\",\"puesto_raw\":\"GERENTE DE TESORERIA\",\"centro_trabajo_id_raw\":\"1008\",\"centro_trabajo_raw\":\"FH CORPORATIVO DESP 701\",\"jefe_inmediato\":\"LUISA GABRIELA ROJO ROMERO\",\"salario_diario\":4981.453999999999723513610661029815673828125,\"salario_mensual\":149445.48999999999068677425384521484375,\"estatus\":\"activo\"}', 'insert', 'OK', '2025-12-22 12:44:20');
INSERT INTO `nomina_import_detalle` VALUES (676, 41, '1020', 'GOHA810522', '{\"empresa_id\":1,\"empresa_nombre\":\"FARMACEUTICA HISPANOAMERICANA S.A. DE C.V.\",\"no_emp\":\"1020\",\"rfc_base\":\"GOHA810522\",\"curp\":\"GOHA810522MDFDRL00\",\"es_activo_raw\":\"ACTIVO\",\"es_activo\":1,\"fecha_ingreso\":\"2016-10-26\",\"fecha_baja\":null,\"tipo_empleado_id_raw\":\"2\",\"tipo_empleado_raw\":\"INDETERMINADO\",\"departamento_id_raw\":\"28\",\"departamento_raw\":\"TESORERIA\",\"puesto_nomina_id_raw\":\"220\",\"puesto_raw\":\"JEFE DE TESORERIA\",\"centro_trabajo_id_raw\":\"1008\",\"centro_trabajo_raw\":\"FH CORPORATIVO DESP 701\",\"jefe_inmediato\":\"LUISA GABRIELA ROJO ROMERO\",\"salario_diario\":4981.454999999999927240423858165740966796875,\"salario_mensual\":149445.49100000000908039510250091552734375,\"estatus\":\"activo\"}', 'insert', 'OK', '2025-12-22 12:44:20');
INSERT INTO `nomina_import_detalle` VALUES (677, 41, '1021', 'LOBJ850604', '{\"empresa_id\":1,\"empresa_nombre\":\"FARMACEUTICA HISPANOAMERICANA S.A. DE C.V.\",\"no_emp\":\"1021\",\"rfc_base\":\"LOBJ850604\",\"curp\":\"LOBJ850604MDFPRS01\",\"es_activo_raw\":\"ACTIVO\",\"es_activo\":1,\"fecha_ingreso\":\"2014-01-02\",\"fecha_baja\":null,\"tipo_empleado_id_raw\":\"2\",\"tipo_empleado_raw\":\"INDETERMINADO\",\"departamento_id_raw\":\"30\",\"departamento_raw\":\"VENTAS GOBIERNO\",\"puesto_nomina_id_raw\":\"207\",\"puesto_raw\":\"DIRECTOR NACIONAL DE VENTAS\",\"centro_trabajo_id_raw\":\"1008\",\"centro_trabajo_raw\":\"FH CORPORATIVO DESP 701\",\"jefe_inmediato\":\"\",\"salario_diario\":4981.456000000000130967237055301666259765625,\"salario_mensual\":149445.49199999999837018549442291259765625,\"estatus\":\"activo\"}', 'insert', 'OK', '2025-12-22 12:44:20');
INSERT INTO `nomina_import_detalle` VALUES (678, 41, '1022', 'EICV730315', '{\"empresa_id\":1,\"empresa_nombre\":\"FARMACEUTICA HISPANOAMERICANA S.A. DE C.V.\",\"no_emp\":\"1022\",\"rfc_base\":\"EICV730315\",\"curp\":\"EICV730315MDFSLR05\",\"es_activo_raw\":\"ACTIVO\",\"es_activo\":1,\"fecha_ingreso\":\"2016-12-19\",\"fecha_baja\":null,\"tipo_empleado_id_raw\":\"2\",\"tipo_empleado_raw\":\"INDETERMINADO\",\"departamento_id_raw\":\"30\",\"departamento_raw\":\"VENTAS GOBIERNO\",\"puesto_nomina_id_raw\":\"81\",\"puesto_raw\":\"GERENTE DE VENTAS GOBIERNO\",\"centro_trabajo_id_raw\":\"1008\",\"centro_trabajo_raw\":\"FH CORPORATIVO DESP 701\",\"jefe_inmediato\":\"JOSCELYN VICTORIA LOPEZ BARRIOS\",\"salario_diario\":4981.457000000000334694050252437591552734375,\"salario_mensual\":149445.49299999998765997588634490966796875,\"estatus\":\"activo\"}', 'insert', 'OK', '2025-12-22 12:44:20');
INSERT INTO `nomina_import_detalle` VALUES (679, 41, '2008', 'PACE770419', '{\"empresa_id\":1,\"empresa_nombre\":\"FARMACEUTICA HISPANOAMERICANA S.A. DE C.V.\",\"no_emp\":\"2008\",\"rfc_base\":\"PACE770419\",\"curp\":\"PACE770419HDFNLD01\",\"es_activo_raw\":\"ACTIVO\",\"es_activo\":1,\"fecha_ingreso\":\"2019-08-21\",\"fecha_baja\":null,\"tipo_empleado_id_raw\":\"2\",\"tipo_empleado_raw\":\"INDETERMINADO\",\"departamento_id_raw\":\"3\",\"departamento_raw\":\"ALMACEN DE PRODUCTO TERMINADO\",\"puesto_nomina_id_raw\":\"30\",\"puesto_raw\":\"CHOFER\",\"centro_trabajo_id_raw\":\"1006\",\"centro_trabajo_raw\":\"FH ALMACEN PINO\",\"jefe_inmediato\":\"LIDIA CARRILLO AVILA\",\"salario_diario\":4981.4579999999996289261616766452789306640625,\"salario_mensual\":149445.4940000000060535967350006103515625,\"estatus\":\"activo\"}', 'insert', 'OK', '2025-12-22 12:44:20');
INSERT INTO `nomina_import_detalle` VALUES (680, 41, '2015', 'TEGM781124', '{\"empresa_id\":1,\"empresa_nombre\":\"FARMACEUTICA HISPANOAMERICANA S.A. DE C.V.\",\"no_emp\":\"2015\",\"rfc_base\":\"TEGM781124\",\"curp\":\"TEGM781124HJCRNG04\",\"es_activo_raw\":\"ACTIVO\",\"es_activo\":1,\"fecha_ingreso\":\"2018-08-29\",\"fecha_baja\":null,\"tipo_empleado_id_raw\":\"2\",\"tipo_empleado_raw\":\"INDETERMINADO\",\"departamento_id_raw\":\"2\",\"departamento_raw\":\"ALMACEN DE INSUMOS\",\"puesto_nomina_id_raw\":\"104\",\"puesto_raw\":\"MONTACARGUISTA\",\"centro_trabajo_id_raw\":\"1005\",\"centro_trabajo_raw\":\"FH ALMACEN AZAHARES\",\"jefe_inmediato\":\"LIDIA CARRILLO AVILA\",\"salario_diario\":4981.4589999999998326529748737812042236328125,\"salario_mensual\":149445.494999999995343387126922607421875,\"estatus\":\"activo\"}', 'insert', 'OK', '2025-12-22 12:44:20');
INSERT INTO `nomina_import_detalle` VALUES (681, 41, '2016', 'LOMM670330', '{\"empresa_id\":1,\"empresa_nombre\":\"FARMACEUTICA HISPANOAMERICANA S.A. DE C.V.\",\"no_emp\":\"2016\",\"rfc_base\":\"LOMM670330\",\"curp\":\"LOMM670330HDFPRG00\",\"es_activo_raw\":\"ACTIVO\",\"es_activo\":1,\"fecha_ingreso\":\"2019-01-21\",\"fecha_baja\":null,\"tipo_empleado_id_raw\":\"2\",\"tipo_empleado_raw\":\"INDETERMINADO\",\"departamento_id_raw\":\"2\",\"departamento_raw\":\"ALMACEN DE INSUMOS\",\"puesto_nomina_id_raw\":\"28\",\"puesto_raw\":\"AYUDANTE GENERAL\",\"centro_trabajo_id_raw\":\"1005\",\"centro_trabajo_raw\":\"FH ALMACEN AZAHARES\",\"jefe_inmediato\":\"ALBERTO HERNANDEZ GONZALEZ\",\"salario_diario\":4981.4600000000000363797880709171295166015625,\"salario_mensual\":149445.49600000001373700797557830810546875,\"estatus\":\"activo\"}', 'insert', 'OK', '2025-12-22 12:44:20');
INSERT INTO `nomina_import_detalle` VALUES (682, 41, '2017', 'REOC810104', '{\"empresa_id\":1,\"empresa_nombre\":\"FARMACEUTICA HISPANOAMERICANA S.A. DE C.V.\",\"no_emp\":\"2017\",\"rfc_base\":\"REOC810104\",\"curp\":\"REOC810104HDFNSR04\",\"es_activo_raw\":\"ACTIVO\",\"es_activo\":1,\"fecha_ingreso\":\"2019-02-25\",\"fecha_baja\":null,\"tipo_empleado_id_raw\":\"2\",\"tipo_empleado_raw\":\"INDETERMINADO\",\"departamento_id_raw\":\"2\",\"departamento_raw\":\"ALMACEN DE INSUMOS\",\"puesto_nomina_id_raw\":\"151\",\"puesto_raw\":\"SUPERVISOR DE MATERIALES DE ACONDICIONAMIENTO\",\"centro_trabajo_id_raw\":\"1005\",\"centro_trabajo_raw\":\"FH ALMACEN AZAHARES\",\"jefe_inmediato\":\"PORFIRIO OLVERA RODRIGUEZ\",\"salario_diario\":4981.4610000000002401066012680530548095703125,\"salario_mensual\":149445.49700000000302679836750030517578125,\"estatus\":\"activo\"}', 'insert', 'OK', '2025-12-22 12:44:21');
INSERT INTO `nomina_import_detalle` VALUES (683, 41, '2021', 'PEGA821025', '{\"empresa_id\":1,\"empresa_nombre\":\"FARMACEUTICA HISPANOAMERICANA S.A. DE C.V.\",\"no_emp\":\"2021\",\"rfc_base\":\"PEGA821025\",\"curp\":\"PEGA821025HDFRRB01\",\"es_activo_raw\":\"ACTIVO\",\"es_activo\":1,\"fecha_ingreso\":\"2018-04-04\",\"fecha_baja\":null,\"tipo_empleado_id_raw\":\"2\",\"tipo_empleado_raw\":\"INDETERMINADO\",\"departamento_id_raw\":\"24\",\"departamento_raw\":\"PRODUCCION FARMA\",\"puesto_nomina_id_raw\":\"233\",\"puesto_raw\":\"OPERADOR C\",\"centro_trabajo_id_raw\":\"1001\",\"centro_trabajo_raw\":\"FH LAGO ISEO 184\",\"jefe_inmediato\":\"ANA ITZEL CORDOVA MARTINEZ\",\"salario_diario\":4981.4620000000004438334144651889801025390625,\"salario_mensual\":149445.49799999999231658875942230224609375,\"estatus\":\"activo\"}', 'insert', 'OK', '2025-12-22 12:44:21');
INSERT INTO `nomina_import_detalle` VALUES (684, 41, '2027', 'VEBP851219', '{\"empresa_id\":1,\"empresa_nombre\":\"FARMACEUTICA HISPANOAMERICANA S.A. DE C.V.\",\"no_emp\":\"2027\",\"rfc_base\":\"VEBP851219\",\"curp\":\"VEBP851219MDFLZL09\",\"es_activo_raw\":\"ACTIVO\",\"es_activo\":1,\"fecha_ingreso\":\"2020-06-01\",\"fecha_baja\":null,\"tipo_empleado_id_raw\":\"2\",\"tipo_empleado_raw\":\"INDETERMINADO\",\"departamento_id_raw\":\"3\",\"departamento_raw\":\"ALMACEN DE PRODUCTO TERMINADO\",\"puesto_nomina_id_raw\":\"241\",\"puesto_raw\":\"JEFE DE EMBARQUES\",\"centro_trabajo_id_raw\":\"1006\",\"centro_trabajo_raw\":\"FH ALMACEN PINO\",\"jefe_inmediato\":\"MISAEL MENDOZA HERNANDEZ\",\"salario_diario\":4981.46299999999973806552588939666748046875,\"salario_mensual\":149445.4990000000107102096080780029296875,\"estatus\":\"activo\"}', 'insert', 'OK', '2025-12-22 12:44:21');
INSERT INTO `nomina_import_detalle` VALUES (685, 41, '2029', 'MADL830318', '{\"empresa_id\":1,\"empresa_nombre\":\"FARMACEUTICA HISPANOAMERICANA S.A. DE C.V.\",\"no_emp\":\"2029\",\"rfc_base\":\"MADL830318\",\"curp\":\"MADL830318HDFRMS03\",\"es_activo_raw\":\"ACTIVO\",\"es_activo\":1,\"fecha_ingreso\":\"2016-11-18\",\"fecha_baja\":null,\"tipo_empleado_id_raw\":\"2\",\"tipo_empleado_raw\":\"INDETERMINADO\",\"departamento_id_raw\":\"3\",\"departamento_raw\":\"ALMACEN DE PRODUCTO TERMINADO\",\"puesto_nomina_id_raw\":\"30\",\"puesto_raw\":\"CHOFER\",\"centro_trabajo_id_raw\":\"1006\",\"centro_trabajo_raw\":\"FH ALMACEN PINO\",\"jefe_inmediato\":\"LIDIA CARRILLO AVILA\",\"salario_diario\":4981.4639999999999417923390865325927734375,\"salario_mensual\":149445.5,\"estatus\":\"activo\"}', 'insert', 'OK', '2025-12-22 12:44:21');
INSERT INTO `nomina_import_detalle` VALUES (686, 41, '2030', 'DIGC691104', '{\"empresa_id\":1,\"empresa_nombre\":\"FARMACEUTICA HISPANOAMERICANA S.A. DE C.V.\",\"no_emp\":\"2030\",\"rfc_base\":\"DIGC691104\",\"curp\":\"DIGC691104HDFZZR09\",\"es_activo_raw\":\"ACTIVO\",\"es_activo\":1,\"fecha_ingreso\":\"2017-06-15\",\"fecha_baja\":null,\"tipo_empleado_id_raw\":\"2\",\"tipo_empleado_raw\":\"INDETERMINADO\",\"departamento_id_raw\":\"3\",\"departamento_raw\":\"ALMACEN DE PRODUCTO TERMINADO\",\"puesto_nomina_id_raw\":\"104\",\"puesto_raw\":\"MONTACARGUISTA\",\"centro_trabajo_id_raw\":\"1006\",\"centro_trabajo_raw\":\"FH ALMACEN PINO\",\"jefe_inmediato\":\"LIDIA CARRILLO AVILA\",\"salario_diario\":4981.46500000000014551915228366851806640625,\"salario_mensual\":149445.5009999999892897903919219970703125,\"estatus\":\"activo\"}', 'insert', 'OK', '2025-12-22 12:44:21');
INSERT INTO `nomina_import_detalle` VALUES (687, 41, '2032', 'JIMM791013', '{\"empresa_id\":1,\"empresa_nombre\":\"FARMACEUTICA HISPANOAMERICANA S.A. DE C.V.\",\"no_emp\":\"2032\",\"rfc_base\":\"JIMM791013\",\"curp\":\"JIMM791013HDFMRN08\",\"es_activo_raw\":\"ACTIVO\",\"es_activo\":1,\"fecha_ingreso\":\"2018-04-26\",\"fecha_baja\":null,\"tipo_empleado_id_raw\":\"2\",\"tipo_empleado_raw\":\"INDETERMINADO\",\"departamento_id_raw\":\"3\",\"departamento_raw\":\"ALMACEN DE PRODUCTO TERMINADO\",\"puesto_nomina_id_raw\":\"237\",\"puesto_raw\":\"AUXILIAR DE INVENTARIOS\",\"centro_trabajo_id_raw\":\"1006\",\"centro_trabajo_raw\":\"FH ALMACEN PINO\",\"jefe_inmediato\":\"LIDIA CARRILLO AVILA\",\"salario_diario\":4981.466000000000349245965480804443359375,\"salario_mensual\":149445.50200000000768341124057769775390625,\"estatus\":\"activo\"}', 'insert', 'OK', '2025-12-22 12:44:21');
INSERT INTO `nomina_import_detalle` VALUES (688, 41, '2051', 'RURG820722', '{\"empresa_id\":1,\"empresa_nombre\":\"FARMACEUTICA HISPANOAMERICANA S.A. DE C.V.\",\"no_emp\":\"2051\",\"rfc_base\":\"RURG820722\",\"curp\":\"RURG820722MDFZDD00\",\"es_activo_raw\":\"ACTIVO\",\"es_activo\":1,\"fecha_ingreso\":\"2017-05-08\",\"fecha_baja\":null,\"tipo_empleado_id_raw\":\"2\",\"tipo_empleado_raw\":\"INDETERMINADO\",\"departamento_id_raw\":\"5\",\"departamento_raw\":\"ASEGURAMIENTO DE CALIDAD\",\"puesto_nomina_id_raw\":\"36\",\"puesto_raw\":\"COORDINADOR DE ASEGURAMIENTO DE CALIDAD DE ALMACEN DE INSUMOS\",\"centro_trabajo_id_raw\":\"1005\",\"centro_trabajo_raw\":\"FH ALMACEN AZAHARES\",\"jefe_inmediato\":\"ARELI DELGADILLO MANRIQUEZ\",\"salario_diario\":4981.4669999999996434780769050121307373046875,\"salario_mensual\":149445.50299999999697320163249969482421875,\"estatus\":\"activo\"}', 'insert', 'OK', '2025-12-22 12:44:21');
INSERT INTO `nomina_import_detalle` VALUES (689, 41, '2052', 'VASJ710527', '{\"empresa_id\":1,\"empresa_nombre\":\"FARMACEUTICA HISPANOAMERICANA S.A. DE C.V.\",\"no_emp\":\"2052\",\"rfc_base\":\"VASJ710527\",\"curp\":\"VASJ710527HDFZNR03\",\"es_activo_raw\":\"ACTIVO\",\"es_activo\":1,\"fecha_ingreso\":\"2019-03-25\",\"fecha_baja\":null,\"tipo_empleado_id_raw\":\"2\",\"tipo_empleado_raw\":\"INDETERMINADO\",\"departamento_id_raw\":\"5\",\"departamento_raw\":\"ASEGURAMIENTO DE CALIDAD\",\"puesto_nomina_id_raw\":\"35\",\"puesto_raw\":\"COORDINADOR DE ASEGURAMIENTO DE CALIDAD\",\"centro_trabajo_id_raw\":\"1001\",\"centro_trabajo_raw\":\"FH LAGO ISEO 184\",\"jefe_inmediato\":\"MARIA FERNANDA CASTAÑEDA MOGUEL\",\"salario_diario\":4981.4679999999998472048901021480560302734375,\"salario_mensual\":149445.50399999998626299202442169189453125,\"estatus\":\"activo\"}', 'insert', 'OK', '2025-12-22 12:44:21');
INSERT INTO `nomina_import_detalle` VALUES (690, 41, '2053', 'CAPA901227', '{\"empresa_id\":1,\"empresa_nombre\":\"FARMACEUTICA HISPANOAMERICANA S.A. DE C.V.\",\"no_emp\":\"2053\",\"rfc_base\":\"CAPA901227\",\"curp\":\"CAPA901227MDFSLL06\",\"es_activo_raw\":\"ACTIVO\",\"es_activo\":1,\"fecha_ingreso\":\"2014-10-31\",\"fecha_baja\":null,\"tipo_empleado_id_raw\":\"2\",\"tipo_empleado_raw\":\"INDETERMINADO\",\"departamento_id_raw\":\"19\",\"departamento_raw\":\"MARKETING\",\"puesto_nomina_id_raw\":\"74\",\"puesto_raw\":\"GERENTE DE MARKETING\",\"centro_trabajo_id_raw\":\"1012\",\"centro_trabajo_raw\":\"FH SHAKESPEARE\",\"jefe_inmediato\":\"ALEJANDRA IVONNE CASTILLO PLATA\",\"salario_diario\":4981.4690000000000509317032992839813232421875,\"salario_mensual\":149445.505000000004656612873077392578125,\"estatus\":\"activo\"}', 'insert', 'OK', '2025-12-22 12:44:21');
INSERT INTO `nomina_import_detalle` VALUES (691, 41, '2055', 'OELD890504', '{\"empresa_id\":1,\"empresa_nombre\":\"FARMACEUTICA HISPANOAMERICANA S.A. DE C.V.\",\"no_emp\":\"2055\",\"rfc_base\":\"OELD890504\",\"curp\":\"OELD890504MDFBNN08\",\"es_activo_raw\":\"ACTIVO\",\"es_activo\":1,\"fecha_ingreso\":\"2017-09-26\",\"fecha_baja\":null,\"tipo_empleado_id_raw\":\"2\",\"tipo_empleado_raw\":\"INDETERMINADO\",\"departamento_id_raw\":\"5\",\"departamento_raw\":\"ASEGURAMIENTO DE CALIDAD\",\"puesto_nomina_id_raw\":\"122\",\"puesto_raw\":\"QUIMICO DE ASEGURAMIENTO DE CALIDAD\",\"centro_trabajo_id_raw\":\"1001\",\"centro_trabajo_raw\":\"FH LAGO ISEO 184\",\"jefe_inmediato\":\"MARIA FERNANDA CASTAÑEDA MOGUEL\",\"salario_diario\":4981.4700000000002546585164964199066162109375,\"salario_mensual\":149445.5059999999939464032649993896484375,\"estatus\":\"activo\"}', 'insert', 'OK', '2025-12-22 12:44:22');
INSERT INTO `nomina_import_detalle` VALUES (692, 41, '2071', 'ZALL861025', '{\"empresa_id\":1,\"empresa_nombre\":\"FARMACEUTICA HISPANOAMERICANA S.A. DE C.V.\",\"no_emp\":\"2071\",\"rfc_base\":\"ZALL861025\",\"curp\":\"ZALL861025MMCPPL05\",\"es_activo_raw\":\"ACTIVO\",\"es_activo\":1,\"fecha_ingreso\":\"2024-07-08\",\"fecha_baja\":null,\"tipo_empleado_id_raw\":\"2\",\"tipo_empleado_raw\":\"INDETERMINADO\",\"departamento_id_raw\":\"6\",\"departamento_raw\":\"ASUNTOS REGULATORIOS\",\"puesto_nomina_id_raw\":\"201\",\"puesto_raw\":\"ESPECIALISTA DE ASUNTOS REGULATORIOS LATAM\",\"centro_trabajo_id_raw\":\"1008\",\"centro_trabajo_raw\":\"FH CORPORATIVO DESP 701\",\"jefe_inmediato\":\"MIGUEL ANGEL NUÑEZ ALMANZA\",\"salario_diario\":4981.470999999999548890627920627593994140625,\"salario_mensual\":149445.50700000001234002411365509033203125,\"estatus\":\"activo\"}', 'insert', 'OK', '2025-12-22 12:44:22');
INSERT INTO `nomina_import_detalle` VALUES (693, 41, '2079', 'GAMA870618', '{\"empresa_id\":1,\"empresa_nombre\":\"FARMACEUTICA HISPANOAMERICANA S.A. DE C.V.\",\"no_emp\":\"2079\",\"rfc_base\":\"GAMA870618\",\"curp\":\"GAMA870618MDFRNN01\",\"es_activo_raw\":\"ACTIVO\",\"es_activo\":1,\"fecha_ingreso\":\"2014-08-06\",\"fecha_baja\":null,\"tipo_empleado_id_raw\":\"2\",\"tipo_empleado_raw\":\"INDETERMINADO\",\"departamento_id_raw\":\"9\",\"departamento_raw\":\"CONTABILIDAD\",\"puesto_nomina_id_raw\":\"32\",\"puesto_raw\":\"CONTADOR GENERAL\",\"centro_trabajo_id_raw\":\"1008\",\"centro_trabajo_raw\":\"FH CORPORATIVO DESP 701\",\"jefe_inmediato\":\"AGUSTIN MATA HERNANDEZ\",\"salario_diario\":4981.471999999999752617441117763519287109375,\"salario_mensual\":149445.50800000000162981450557708740234375,\"estatus\":\"activo\"}', 'insert', 'OK', '2025-12-22 12:44:22');
INSERT INTO `nomina_import_detalle` VALUES (694, 41, '2081', 'CESN860521', '{\"empresa_id\":1,\"empresa_nombre\":\"FARMACEUTICA HISPANOAMERICANA S.A. DE C.V.\",\"no_emp\":\"2081\",\"rfc_base\":\"CESN860521\",\"curp\":\"CESN860521MDFBLL04\",\"es_activo_raw\":\"ACTIVO\",\"es_activo\":1,\"fecha_ingreso\":\"2020-06-17\",\"fecha_baja\":null,\"tipo_empleado_id_raw\":\"2\",\"tipo_empleado_raw\":\"INDETERMINADO\",\"departamento_id_raw\":\"10\",\"departamento_raw\":\"CONTRALORIA GENERAL\",\"puesto_nomina_id_raw\":\"27\",\"puesto_raw\":\"AUXILIAR FISCAL\",\"centro_trabajo_id_raw\":\"1008\",\"centro_trabajo_raw\":\"FH CORPORATIVO DESP 701\",\"jefe_inmediato\":\"REBECA ITZEL PEREZ TECALCO\",\"salario_diario\":4981.472999999999956344254314899444580078125,\"salario_mensual\":149445.50899999999091960489749908447265625,\"estatus\":\"activo\"}', 'insert', 'OK', '2025-12-22 12:44:22');
INSERT INTO `nomina_import_detalle` VALUES (695, 41, '2083', 'GOGA930917', '{\"empresa_id\":1,\"empresa_nombre\":\"FARMACEUTICA HISPANOAMERICANA S.A. DE C.V.\",\"no_emp\":\"2083\",\"rfc_base\":\"GOGA930917\",\"curp\":\"GOGA930917HDFMRX03\",\"es_activo_raw\":\"ACTIVO\",\"es_activo\":1,\"fecha_ingreso\":\"2016-06-13\",\"fecha_baja\":null,\"tipo_empleado_id_raw\":\"2\",\"tipo_empleado_raw\":\"INDETERMINADO\",\"departamento_id_raw\":\"10\",\"departamento_raw\":\"CONTRALORIA GENERAL\",\"puesto_nomina_id_raw\":\"98\",\"puesto_raw\":\"JEFE DE PRESUPUESTOS\",\"centro_trabajo_id_raw\":\"1008\",\"centro_trabajo_raw\":\"FH CORPORATIVO DESP 701\",\"jefe_inmediato\":\"AGUSTIN MATA HERNANDEZ\",\"salario_diario\":4981.474000000000160071067512035369873046875,\"salario_mensual\":149445.51000000000931322574615478515625,\"estatus\":\"activo\"}', 'insert', 'OK', '2025-12-22 12:44:22');
INSERT INTO `nomina_import_detalle` VALUES (696, 41, '2094', 'AAOJ790623', '{\"empresa_id\":1,\"empresa_nombre\":\"FARMACEUTICA HISPANOAMERICANA S.A. DE C.V.\",\"no_emp\":\"2094\",\"rfc_base\":\"AAOJ790623\",\"curp\":\"AAOJ790623MDFNSS02\",\"es_activo_raw\":\"ACTIVO\",\"es_activo\":1,\"fecha_ingreso\":\"2020-12-02\",\"fecha_baja\":null,\"tipo_empleado_id_raw\":\"2\",\"tipo_empleado_raw\":\"INDETERMINADO\",\"departamento_id_raw\":\"11\",\"departamento_raw\":\"CONTROL ANALITICO\",\"puesto_nomina_id_raw\":\"121\",\"puesto_raw\":\"QUIMICO ANALISTA FISICOQUIMICO\",\"centro_trabajo_id_raw\":\"1001\",\"centro_trabajo_raw\":\"FH LAGO ISEO 184\",\"jefe_inmediato\":\"SUSANA HARUMY AGUILAR ARIAS\",\"salario_diario\":4981.475000000000363797880709171295166015625,\"salario_mensual\":149445.5109999999986030161380767822265625,\"estatus\":\"activo\"}', 'insert', 'OK', '2025-12-22 12:44:22');
INSERT INTO `nomina_import_detalle` VALUES (697, 41, '2096', 'BASF641120', '{\"empresa_id\":1,\"empresa_nombre\":\"FARMACEUTICA HISPANOAMERICANA S.A. DE C.V.\",\"no_emp\":\"2096\",\"rfc_base\":\"BASF641120\",\"curp\":\"BASF641120MDFNLL05\",\"es_activo_raw\":\"ACTIVO\",\"es_activo\":1,\"fecha_ingreso\":\"2011-09-01\",\"fecha_baja\":null,\"tipo_empleado_id_raw\":\"2\",\"tipo_empleado_raw\":\"INDETERMINADO\",\"departamento_id_raw\":\"12\",\"departamento_raw\":\"CONTROL DE CALIDAD\",\"puesto_nomina_id_raw\":\"91\",\"puesto_raw\":\"JEFE DE CONTROL DE CALIDAD\",\"centro_trabajo_id_raw\":\"1001\",\"centro_trabajo_raw\":\"FH LAGO ISEO 184\",\"jefe_inmediato\":\"SERGIO RODRIGUEZ CAMPOS\",\"salario_diario\":4981.4759999999996580299921333789825439453125,\"salario_mensual\":149445.511999999987892806529998779296875,\"estatus\":\"activo\"}', 'insert', 'OK', '2025-12-22 12:44:22');
INSERT INTO `nomina_import_detalle` VALUES (698, 41, '2098', 'CAAY870523', '{\"empresa_id\":1,\"empresa_nombre\":\"FARMACEUTICA HISPANOAMERICANA S.A. DE C.V.\",\"no_emp\":\"2098\",\"rfc_base\":\"CAAY870523\",\"curp\":\"CAAY870523MMCLCN00\",\"es_activo_raw\":\"ACTIVO\",\"es_activo\":1,\"fecha_ingreso\":\"2017-06-26\",\"fecha_baja\":null,\"tipo_empleado_id_raw\":\"2\",\"tipo_empleado_raw\":\"INDETERMINADO\",\"departamento_id_raw\":\"11\",\"departamento_raw\":\"CONTROL ANALITICO\",\"puesto_nomina_id_raw\":\"189\",\"puesto_raw\":\"QUIMICO ANALISTA FISICOQUIMICO SENIOR\",\"centro_trabajo_id_raw\":\"1001\",\"centro_trabajo_raw\":\"FH LAGO ISEO 184\",\"jefe_inmediato\":\"SUSANA HARUMY AGUILAR ARIAS\",\"salario_diario\":4981.4769999999998617568053305149078369140625,\"salario_mensual\":149445.51300000000628642737865447998046875,\"estatus\":\"activo\"}', 'insert', 'OK', '2025-12-22 12:44:22');
INSERT INTO `nomina_import_detalle` VALUES (699, 41, '2101', 'NESS930224', '{\"empresa_id\":1,\"empresa_nombre\":\"FARMACEUTICA HISPANOAMERICANA S.A. DE C.V.\",\"no_emp\":\"2101\",\"rfc_base\":\"NESS930224\",\"curp\":\"NESS930224MDFRNH06\",\"es_activo_raw\":\"ACTIVO\",\"es_activo\":1,\"fecha_ingreso\":\"2020-08-05\",\"fecha_baja\":null,\"tipo_empleado_id_raw\":\"2\",\"tipo_empleado_raw\":\"INDETERMINADO\",\"departamento_id_raw\":\"5\",\"departamento_raw\":\"ASEGURAMIENTO DE CALIDAD\",\"puesto_nomina_id_raw\":\"132\",\"puesto_raw\":\"QUIMICO DE SISTEMAS DE CALIDAD\",\"centro_trabajo_id_raw\":\"1001\",\"centro_trabajo_raw\":\"FH LAGO ISEO 184\",\"jefe_inmediato\":\"MARIA FERNANDA CASTAÑEDA MOGUEL\",\"salario_diario\":4981.4780000000000654836185276508331298828125,\"salario_mensual\":149445.51399999999557621777057647705078125,\"estatus\":\"activo\"}', 'insert', 'OK', '2025-12-22 12:44:23');
INSERT INTO `nomina_import_detalle` VALUES (700, 41, '2102', 'AUAS940319', '{\"empresa_id\":1,\"empresa_nombre\":\"FARMACEUTICA HISPANOAMERICANA S.A. DE C.V.\",\"no_emp\":\"2102\",\"rfc_base\":\"AUAS940319\",\"curp\":\"AUAS940319MDFGRS00\",\"es_activo_raw\":\"ACTIVO\",\"es_activo\":1,\"fecha_ingreso\":\"2018-02-13\",\"fecha_baja\":null,\"tipo_empleado_id_raw\":\"2\",\"tipo_empleado_raw\":\"INDETERMINADO\",\"departamento_id_raw\":\"11\",\"departamento_raw\":\"CONTROL ANALITICO\",\"puesto_nomina_id_raw\":\"217\",\"puesto_raw\":\"JEFE DE CONTROL ANALITICO\",\"centro_trabajo_id_raw\":\"1001\",\"centro_trabajo_raw\":\"FH LAGO ISEO 184\",\"jefe_inmediato\":\"SERGIO RODRIGUEZ CAMPOS\",\"salario_diario\":4981.4790000000002692104317247867584228515625,\"salario_mensual\":149445.515000000013969838619232177734375,\"estatus\":\"activo\"}', 'insert', 'OK', '2025-12-22 12:44:23');
INSERT INTO `nomina_import_detalle` VALUES (701, 41, '2114', 'VAHS870928', '{\"empresa_id\":1,\"empresa_nombre\":\"FARMACEUTICA HISPANOAMERICANA S.A. DE C.V.\",\"no_emp\":\"2114\",\"rfc_base\":\"VAHS870928\",\"curp\":\"VAHS870928MMCLRN05\",\"es_activo_raw\":\"ACTIVO\",\"es_activo\":1,\"fecha_ingreso\":\"2019-02-18\",\"fecha_baja\":null,\"tipo_empleado_id_raw\":\"2\",\"tipo_empleado_raw\":\"INDETERMINADO\",\"departamento_id_raw\":\"13\",\"departamento_raw\":\"DESARROLLO\",\"puesto_nomina_id_raw\":\"177\",\"puesto_raw\":\"COORDINADOR DE TRANSFERENCIAS\",\"centro_trabajo_id_raw\":\"1004\",\"centro_trabajo_raw\":\"FH CANTABRICO\",\"jefe_inmediato\":\"ALEJANDRA MONTES LUNA\",\"salario_diario\":4981.47999999999956344254314899444580078125,\"salario_mensual\":149445.5160000000032596290111541748046875,\"estatus\":\"activo\"}', 'insert', 'OK', '2025-12-22 12:44:23');
INSERT INTO `nomina_import_detalle` VALUES (702, 41, '2121', 'AIGL930802', '{\"empresa_id\":1,\"empresa_nombre\":\"FARMACEUTICA HISPANOAMERICANA S.A. DE C.V.\",\"no_emp\":\"2121\",\"rfc_base\":\"AIGL930802\",\"curp\":\"AIGL930802HMCVRS01\",\"es_activo_raw\":\"ACTIVO\",\"es_activo\":1,\"fecha_ingreso\":\"2016-04-04\",\"fecha_baja\":null,\"tipo_empleado_id_raw\":\"2\",\"tipo_empleado_raw\":\"INDETERMINADO\",\"departamento_id_raw\":\"12\",\"departamento_raw\":\"CONTROL DE CALIDAD\",\"puesto_nomina_id_raw\":\"23\",\"puesto_raw\":\"AUXILIAR DE LABORATORIO\",\"centro_trabajo_id_raw\":\"1004\",\"centro_trabajo_raw\":\"FH CANTABRICO\",\"jefe_inmediato\":\"SUSANA HARUMY AGUILAR ARIAS\",\"salario_diario\":4981.48099999999976716935634613037109375,\"salario_mensual\":149445.516999999992549419403076171875,\"estatus\":\"activo\"}', 'insert', 'OK', '2025-12-22 12:44:23');
INSERT INTO `nomina_import_detalle` VALUES (703, 41, '2124', 'GUOM720405', '{\"empresa_id\":1,\"empresa_nombre\":\"FARMACEUTICA HISPANOAMERICANA S.A. DE C.V.\",\"no_emp\":\"2124\",\"rfc_base\":\"GUOM720405\",\"curp\":\"GUOM720405MDFVCR03\",\"es_activo_raw\":\"ACTIVO\",\"es_activo\":1,\"fecha_ingreso\":\"2014-07-07\",\"fecha_baja\":null,\"tipo_empleado_id_raw\":\"2\",\"tipo_empleado_raw\":\"INDETERMINADO\",\"departamento_id_raw\":\"15\",\"departamento_raw\":\"DIRECCION DE NUEVOS NEGOCIOS\",\"puesto_nomina_id_raw\":\"1\",\"puesto_raw\":\"ADMINISTRACION DE NUEVOS NEGOCIOS Y DIRECCION GENERAL\",\"centro_trabajo_id_raw\":\"1008\",\"centro_trabajo_raw\":\"FH CORPORATIVO DESP 701\",\"jefe_inmediato\":\"LORENA ADRIANA LOZANO PEREZ\",\"salario_diario\":4981.48199999999997089616954326629638671875,\"salario_mensual\":149445.51800000001094304025173187255859375,\"estatus\":\"activo\"}', 'insert', 'OK', '2025-12-22 12:44:23');
INSERT INTO `nomina_import_detalle` VALUES (704, 41, '2131', 'RAMA720114', '{\"empresa_id\":1,\"empresa_nombre\":\"FARMACEUTICA HISPANOAMERICANA S.A. DE C.V.\",\"no_emp\":\"2131\",\"rfc_base\":\"RAMA720114\",\"curp\":\"RAMA720114HOCMRN09\",\"es_activo_raw\":\"ACTIVO\",\"es_activo\":1,\"fecha_ingreso\":\"2018-03-05\",\"fecha_baja\":null,\"tipo_empleado_id_raw\":\"2\",\"tipo_empleado_raw\":\"INDETERMINADO\",\"departamento_id_raw\":\"18\",\"departamento_raw\":\"INGENIERIA Y MANTENIMIENTO\",\"puesto_nomina_id_raw\":\"73\",\"puesto_raw\":\"GERENTE DE INGENIERIA Y MANTENIMIENTO\",\"centro_trabajo_id_raw\":\"1001\",\"centro_trabajo_raw\":\"FH LAGO ISEO 184\",\"jefe_inmediato\":\"ANGEL ALBARRAN MARTINEZ\",\"salario_diario\":4981.4830000000001746229827404022216796875,\"salario_mensual\":149445.51900000000023283064365386962890625,\"estatus\":\"activo\"}', 'insert', 'OK', '2025-12-22 12:44:23');
INSERT INTO `nomina_import_detalle` VALUES (705, 41, '2134', 'CARA900628', '{\"empresa_id\":1,\"empresa_nombre\":\"FARMACEUTICA HISPANOAMERICANA S.A. DE C.V.\",\"no_emp\":\"2134\",\"rfc_base\":\"CARA900628\",\"curp\":\"CARA900628HDFBML09\",\"es_activo_raw\":\"ACTIVO\",\"es_activo\":1,\"fecha_ingreso\":\"2018-11-26\",\"fecha_baja\":null,\"tipo_empleado_id_raw\":\"2\",\"tipo_empleado_raw\":\"INDETERMINADO\",\"departamento_id_raw\":\"18\",\"departamento_raw\":\"INGENIERIA Y MANTENIMIENTO\",\"puesto_nomina_id_raw\":\"95\",\"puesto_raw\":\"JEFE DE MANTENIMIENTO\",\"centro_trabajo_id_raw\":\"1001\",\"centro_trabajo_raw\":\"FH LAGO ISEO 184\",\"jefe_inmediato\":\"ANDRES ROGELIO RAMIREZ MARTINEZ\",\"salario_diario\":4981.48400000000037834979593753814697265625,\"salario_mensual\":149445.51999999998952262103557586669921875,\"estatus\":\"activo\"}', 'insert', 'OK', '2025-12-22 12:44:23');
INSERT INTO `nomina_import_detalle` VALUES (706, 41, '2136', 'GOMH610919', '{\"empresa_id\":1,\"empresa_nombre\":\"FARMACEUTICA HISPANOAMERICANA S.A. DE C.V.\",\"no_emp\":\"2136\",\"rfc_base\":\"GOMH610919\",\"curp\":\"GOMH610919HTSNRC00\",\"es_activo_raw\":\"ACTIVO\",\"es_activo\":1,\"fecha_ingreso\":\"2018-04-17\",\"fecha_baja\":null,\"tipo_empleado_id_raw\":\"2\",\"tipo_empleado_raw\":\"INDETERMINADO\",\"departamento_id_raw\":\"18\",\"departamento_raw\":\"INGENIERIA Y MANTENIMIENTO\",\"puesto_nomina_id_raw\":\"159\",\"puesto_raw\":\"TECNICO ESPECIALIZADO\",\"centro_trabajo_id_raw\":\"1001\",\"centro_trabajo_raw\":\"FH LAGO ISEO 184\",\"jefe_inmediato\":\"ALAN ENRIQUE CABALLERO ROMO\",\"salario_diario\":4981.4849999999996725819073617458343505859375,\"salario_mensual\":149445.5210000000079162418842315673828125,\"estatus\":\"activo\"}', 'insert', 'OK', '2025-12-22 12:44:23');
INSERT INTO `nomina_import_detalle` VALUES (707, 41, '2164', 'MOOD910518', '{\"empresa_id\":1,\"empresa_nombre\":\"FARMACEUTICA HISPANOAMERICANA S.A. DE C.V.\",\"no_emp\":\"2164\",\"rfc_base\":\"MOOD910518\",\"curp\":\"MOOD910518MDFTCN04\",\"es_activo_raw\":\"ACTIVO\",\"es_activo\":1,\"fecha_ingreso\":\"2017-10-30\",\"fecha_baja\":null,\"tipo_empleado_id_raw\":\"2\",\"tipo_empleado_raw\":\"INDETERMINADO\",\"departamento_id_raw\":\"24\",\"departamento_raw\":\"PRODUCCION FARMA\",\"puesto_nomina_id_raw\":\"234\",\"puesto_raw\":\"OPERADOR D\",\"centro_trabajo_id_raw\":\"1002\",\"centro_trabajo_raw\":\"FH LAGO ISEO 186\",\"jefe_inmediato\":\"ANA ITZEL CORDOVA MARTINEZ\",\"salario_diario\":4981.4859999999998763087205588817596435546875,\"salario_mensual\":149445.521999999997206032276153564453125,\"estatus\":\"activo\"}', 'insert', 'OK', '2025-12-22 12:44:24');
INSERT INTO `nomina_import_detalle` VALUES (708, 41, '2165', 'HEMR631116', '{\"empresa_id\":1,\"empresa_nombre\":\"FARMACEUTICA HISPANOAMERICANA S.A. DE C.V.\",\"no_emp\":\"2165\",\"rfc_base\":\"HEMR631116\",\"curp\":\"HEMR631116HDFRRY00\",\"es_activo_raw\":\"ACTIVO\",\"es_activo\":1,\"fecha_ingreso\":\"2015-11-04\",\"fecha_baja\":null,\"tipo_empleado_id_raw\":\"2\",\"tipo_empleado_raw\":\"INDETERMINADO\",\"departamento_id_raw\":\"24\",\"departamento_raw\":\"PRODUCCION FARMA\",\"puesto_nomina_id_raw\":\"234\",\"puesto_raw\":\"OPERADOR D\",\"centro_trabajo_id_raw\":\"1002\",\"centro_trabajo_raw\":\"FH LAGO ISEO 186\",\"jefe_inmediato\":\"ANA ITZEL CORDOVA MARTINEZ\",\"salario_diario\":4981.4870000000000800355337560176849365234375,\"salario_mensual\":149445.5229999999864958226680755615234375,\"estatus\":\"activo\"}', 'insert', 'OK', '2025-12-22 12:44:24');
INSERT INTO `nomina_import_detalle` VALUES (709, 41, '2167', 'TERI790101', '{\"empresa_id\":1,\"empresa_nombre\":\"FARMACEUTICA HISPANOAMERICANA S.A. DE C.V.\",\"no_emp\":\"2167\",\"rfc_base\":\"TERI790101\",\"curp\":\"TERI790101HDFRZV02\",\"es_activo_raw\":\"ACTIVO\",\"es_activo\":1,\"fecha_ingreso\":\"2016-08-09\",\"fecha_baja\":null,\"tipo_empleado_id_raw\":\"2\",\"tipo_empleado_raw\":\"INDETERMINADO\",\"departamento_id_raw\":\"24\",\"departamento_raw\":\"PRODUCCION FARMA\",\"puesto_nomina_id_raw\":\"235\",\"puesto_raw\":\"OPERADOR E\",\"centro_trabajo_id_raw\":\"1002\",\"centro_trabajo_raw\":\"FH LAGO ISEO 186\",\"jefe_inmediato\":\"ANA ITZEL CORDOVA MARTINEZ\",\"salario_diario\":4981.4880000000002837623469531536102294921875,\"salario_mensual\":149445.52400000000488944351673126220703125,\"estatus\":\"activo\"}', 'insert', 'OK', '2025-12-22 12:44:24');
INSERT INTO `nomina_import_detalle` VALUES (710, 41, '2169', 'CAMC730716', '{\"empresa_id\":1,\"empresa_nombre\":\"FARMACEUTICA HISPANOAMERICANA S.A. DE C.V.\",\"no_emp\":\"2169\",\"rfc_base\":\"CAMC730716\",\"curp\":\"CAMC730716HDFRJR07\",\"es_activo_raw\":\"ACTIVO\",\"es_activo\":1,\"fecha_ingreso\":\"2017-07-05\",\"fecha_baja\":null,\"tipo_empleado_id_raw\":\"2\",\"tipo_empleado_raw\":\"INDETERMINADO\",\"departamento_id_raw\":\"24\",\"departamento_raw\":\"PRODUCCION FARMA\",\"puesto_nomina_id_raw\":\"233\",\"puesto_raw\":\"OPERADOR C\",\"centro_trabajo_id_raw\":\"1002\",\"centro_trabajo_raw\":\"FH LAGO ISEO 186\",\"jefe_inmediato\":\"ANA ITZEL CORDOVA MARTINEZ\",\"salario_diario\":4981.488999999999577994458377361297607421875,\"salario_mensual\":149445.52499999999417923390865325927734375,\"estatus\":\"activo\"}', 'insert', 'OK', '2025-12-22 12:44:24');
INSERT INTO `nomina_import_detalle` VALUES (711, 41, '2171', 'GOZB820715', '{\"empresa_id\":1,\"empresa_nombre\":\"FARMACEUTICA HISPANOAMERICANA S.A. DE C.V.\",\"no_emp\":\"2171\",\"rfc_base\":\"GOZB820715\",\"curp\":\"GOZB820715MDFNXR04\",\"es_activo_raw\":\"ACTIVO\",\"es_activo\":1,\"fecha_ingreso\":\"2017-09-25\",\"fecha_baja\":null,\"tipo_empleado_id_raw\":\"2\",\"tipo_empleado_raw\":\"INDETERMINADO\",\"departamento_id_raw\":\"24\",\"departamento_raw\":\"PRODUCCION FARMA\",\"puesto_nomina_id_raw\":\"232\",\"puesto_raw\":\"OPERADOR B\",\"centro_trabajo_id_raw\":\"1002\",\"centro_trabajo_raw\":\"FH LAGO ISEO 186\",\"jefe_inmediato\":\"ANA ITZEL CORDOVA MARTINEZ\",\"salario_diario\":4981.489999999999781721271574497222900390625,\"salario_mensual\":149445.5260000000125728547573089599609375,\"estatus\":\"activo\"}', 'insert', 'OK', '2025-12-22 12:44:24');
INSERT INTO `nomina_import_detalle` VALUES (712, 41, '2533', 'PASF601209', '{\"empresa_id\":4,\"empresa_nombre\":\"HISPANAT S.A. DE C.V.\",\"no_emp\":\"2533\",\"rfc_base\":\"PASF601209\",\"curp\":\"PASF601209HOCBNL01\",\"es_activo_raw\":\"ACTIVO\",\"es_activo\":1,\"fecha_ingreso\":\"2024-06-01\",\"fecha_baja\":null,\"tipo_empleado_id_raw\":\"4\",\"tipo_empleado_raw\":\"ASIMILADOS\",\"departamento_id_raw\":\"34\",\"departamento_raw\":\"ASIMILADOS\",\"puesto_nomina_id_raw\":\"ASIM\",\"puesto_raw\":\"ASIMILADOS\",\"centro_trabajo_id_raw\":\"9999\",\"centro_trabajo_raw\":\"ASIMILADOS\",\"jefe_inmediato\":\"\",\"salario_diario\":4981.94599999999991268850862979888916015625,\"salario_mensual\":149445.98199999998905695974826812744140625,\"estatus\":\"activo\"}', 'insert', 'OK', '2025-12-22 12:44:24');
INSERT INTO `nomina_import_detalle` VALUES (713, 41, '2541', 'EOGA010828', '{\"empresa_id\":4,\"empresa_nombre\":\"HISPANAT S.A. DE C.V.\",\"no_emp\":\"2541\",\"rfc_base\":\"EOGA010828\",\"curp\":\"EOGA010828HGRSRRA7\",\"es_activo_raw\":\"ACTIVO\",\"es_activo\":1,\"fecha_ingreso\":\"2025-03-03\",\"fecha_baja\":null,\"tipo_empleado_id_raw\":\"4\",\"tipo_empleado_raw\":\"ASIMILADOS\",\"departamento_id_raw\":\"ASIM\",\"departamento_raw\":\"ASIMILADOS\",\"puesto_nomina_id_raw\":\"ASIM\",\"puesto_raw\":\"ASIMILADOS\",\"centro_trabajo_id_raw\":\"9999\",\"centro_trabajo_raw\":\"ASIMILADOS\",\"jefe_inmediato\":\"\",\"salario_diario\":4981.947000000000116415321826934814453125,\"salario_mensual\":149445.983000000007450580596923828125,\"estatus\":\"activo\"}', 'insert', 'OK', '2025-12-22 12:44:24');
INSERT INTO `nomina_import_detalle` VALUES (714, 41, '2543', 'LOHG050214', '{\"empresa_id\":4,\"empresa_nombre\":\"HISPANAT S.A. DE C.V.\",\"no_emp\":\"2543\",\"rfc_base\":\"LOHG050214\",\"curp\":\"LOHG050214HMCPRVA2\",\"es_activo_raw\":\"ACTIVO\",\"es_activo\":1,\"fecha_ingreso\":\"2025-04-14\",\"fecha_baja\":null,\"tipo_empleado_id_raw\":\"4\",\"tipo_empleado_raw\":\"ASIMILADOS\",\"departamento_id_raw\":\"ASIM\",\"departamento_raw\":\"ASIMILADOS\",\"puesto_nomina_id_raw\":\"ASIM\",\"puesto_raw\":\"ASIMILADOS\",\"centro_trabajo_id_raw\":\"9999\",\"centro_trabajo_raw\":\"ASIMILADOS\",\"jefe_inmediato\":\"\",\"salario_diario\":4981.94800000000032014213502407073974609375,\"salario_mensual\":149445.9839999999967403709888458251953125,\"estatus\":\"activo\"}', 'insert', 'OK', '2025-12-22 12:44:24');
INSERT INTO `nomina_import_detalle` VALUES (715, 41, '2544', 'RIJA021118', '{\"empresa_id\":4,\"empresa_nombre\":\"HISPANAT S.A. DE C.V.\",\"no_emp\":\"2544\",\"rfc_base\":\"RIJA021118\",\"curp\":\"RIJA021118HMCVMLA2\",\"es_activo_raw\":\"ACTIVO\",\"es_activo\":1,\"fecha_ingreso\":\"2025-05-28\",\"fecha_baja\":null,\"tipo_empleado_id_raw\":\"4\",\"tipo_empleado_raw\":\"ASIMILADOS\",\"departamento_id_raw\":\"ASIM\",\"departamento_raw\":\"ASIMILADOS\",\"puesto_nomina_id_raw\":\"ASIM\",\"puesto_raw\":\"ASIMILADOS\",\"centro_trabajo_id_raw\":\"9999\",\"centro_trabajo_raw\":\"ASIMILADOS\",\"jefe_inmediato\":\"\",\"salario_diario\":4981.9489999999996143742464482784271240234375,\"salario_mensual\":149445.984999999986030161380767822265625,\"estatus\":\"activo\"}', 'insert', 'OK', '2025-12-22 12:44:25');
INSERT INTO `nomina_import_detalle` VALUES (716, 41, '2545', 'GAMA010301', '{\"empresa_id\":4,\"empresa_nombre\":\"HISPANAT S.A. DE C.V.\",\"no_emp\":\"2545\",\"rfc_base\":\"GAMA010301\",\"curp\":\"GAMA010301HMCRRLA8\",\"es_activo_raw\":\"ACTIVO\",\"es_activo\":1,\"fecha_ingreso\":\"2025-05-28\",\"fecha_baja\":null,\"tipo_empleado_id_raw\":\"4\",\"tipo_empleado_raw\":\"ASIMILADOS\",\"departamento_id_raw\":\"ASIM\",\"departamento_raw\":\"ASIMILADOS\",\"puesto_nomina_id_raw\":\"ASIM\",\"puesto_raw\":\"ASIMILADOS\",\"centro_trabajo_id_raw\":\"9999\",\"centro_trabajo_raw\":\"ASIMILADOS\",\"jefe_inmediato\":\"\",\"salario_diario\":4981.9499999999998181010596454143524169921875,\"salario_mensual\":149445.98600000000442378222942352294921875,\"estatus\":\"activo\"}', 'insert', 'OK', '2025-12-22 12:44:25');
INSERT INTO `nomina_import_detalle` VALUES (717, 41, '9012', 'OAAE000930', '{\"empresa_id\":4,\"empresa_nombre\":\"HISPANAT S.A. DE C.V.\",\"no_emp\":\"9012\",\"rfc_base\":\"OAAE000930\",\"curp\":\"OAAE000930MMCCLVA9\",\"es_activo_raw\":\"ACTIVO\",\"es_activo\":1,\"fecha_ingreso\":\"2025-07-09\",\"fecha_baja\":null,\"tipo_empleado_id_raw\":\"4\",\"tipo_empleado_raw\":\"ASIMILADOS\",\"departamento_id_raw\":\"ASIM\",\"departamento_raw\":\"ASIMILADOS\",\"puesto_nomina_id_raw\":\"ASIM\",\"puesto_raw\":\"ASIMILADOS\",\"centro_trabajo_id_raw\":\"9999\",\"centro_trabajo_raw\":\"ASIMILADOS\",\"jefe_inmediato\":\"\",\"salario_diario\":4981.9510000000000218278728425502777099609375,\"salario_mensual\":149445.98699999999371357262134552001953125,\"estatus\":\"activo\"}', 'insert', 'OK', '2025-12-22 12:44:25');
INSERT INTO `nomina_import_detalle` VALUES (718, 41, '9014', 'GOLE021018', '{\"empresa_id\":4,\"empresa_nombre\":\"HISPANAT S.A. DE C.V.\",\"no_emp\":\"9014\",\"rfc_base\":\"GOLE021018\",\"curp\":\"GOLE021018MMCMPNA6\",\"es_activo_raw\":\"ACTIVO\",\"es_activo\":1,\"fecha_ingreso\":\"2025-09-02\",\"fecha_baja\":null,\"tipo_empleado_id_raw\":\"4\",\"tipo_empleado_raw\":\"ASIMILADOS\",\"departamento_id_raw\":\"ASIM\",\"departamento_raw\":\"ASIMILADOS\",\"puesto_nomina_id_raw\":\"ASIM\",\"puesto_raw\":\"ASIMILADOS\",\"centro_trabajo_id_raw\":\"9999\",\"centro_trabajo_raw\":\"ASIMILADOS\",\"jefe_inmediato\":\"\",\"salario_diario\":4981.9520000000002255546860396862030029296875,\"salario_mensual\":149445.988000000012107193470001220703125,\"estatus\":\"activo\"}', 'insert', 'OK', '2025-12-22 12:44:25');
INSERT INTO `nomina_import_detalle` VALUES (719, 41, '2549', 'SOPJ790110', '{\"empresa_id\":4,\"empresa_nombre\":\"HISPANAT S.A. DE C.V.\",\"no_emp\":\"2549\",\"rfc_base\":\"SOPJ790110\",\"curp\":\"SOPJ790110HDFLVN07\",\"es_activo_raw\":\"ACTIVO\",\"es_activo\":1,\"fecha_ingreso\":\"2025-11-14\",\"fecha_baja\":null,\"tipo_empleado_id_raw\":\"1\",\"tipo_empleado_raw\":\"DETERMINADO\",\"departamento_id_raw\":\"28\",\"departamento_raw\":\"TESORERIA\",\"puesto_nomina_id_raw\":\"63\",\"puesto_raw\":\"ENCARGADO DE PAGOS\",\"centro_trabajo_id_raw\":\"2008\",\"centro_trabajo_raw\":\"HN CORPORATIVO DESP 701\",\"jefe_inmediato\":\"\",\"salario_diario\":4981.9530000000004292814992368221282958984375,\"salario_mensual\":149445.9890000000013969838619232177734375,\"estatus\":\"activo\"}', 'insert', 'OK', '2025-12-22 12:44:25');
INSERT INTO `nomina_import_detalle` VALUES (720, 41, '2529', 'GAFL510207', '{\"empresa_id\":4,\"empresa_nombre\":\"HISPANAT S.A. DE C.V.\",\"no_emp\":\"2529\",\"rfc_base\":\"GAFL510207\",\"curp\":\"GAFL510207HNLRLS05\",\"es_activo_raw\":\"ACTIVO\",\"es_activo\":1,\"fecha_ingreso\":\"2024-03-01\",\"fecha_baja\":null,\"tipo_empleado_id_raw\":\"4\",\"tipo_empleado_raw\":\"ASIMILADOS\",\"departamento_id_raw\":\"34\",\"departamento_raw\":\"ASIMILADOS\",\"puesto_nomina_id_raw\":\"ASIM\",\"puesto_raw\":\"ASIMILADOS\",\"centro_trabajo_id_raw\":\"9999\",\"centro_trabajo_raw\":\"ASIMILADOS\",\"jefe_inmediato\":\"\",\"salario_diario\":4981.953999999999723513610661029815673828125,\"salario_mensual\":149445.98999999999068677425384521484375,\"estatus\":\"activo\"}', 'insert', 'OK', '2025-12-22 12:44:25');
INSERT INTO `nomina_import_detalle` VALUES (721, 41, '2003', 'VAVA800525', '{\"empresa_id\":4,\"empresa_nombre\":\"HISPANAT S.A. DE C.V.\",\"no_emp\":\"2003\",\"rfc_base\":\"VAVA800525\",\"curp\":\"VAVA800525HDFZLN00\",\"es_activo_raw\":\"ACTIVO\",\"es_activo\":1,\"fecha_ingreso\":\"2016-04-18\",\"fecha_baja\":null,\"tipo_empleado_id_raw\":\"2\",\"tipo_empleado_raw\":\"INDETERMINADO\",\"departamento_id_raw\":\"1\",\"departamento_raw\":\"ADMINISTRACION\",\"puesto_nomina_id_raw\":\"183\",\"puesto_raw\":\"CHOFER EJECUTIVO\",\"centro_trabajo_id_raw\":\"2013\",\"centro_trabajo_raw\":\"HN SOCIOS\",\"jefe_inmediato\":\"\",\"salario_diario\":4981.954999999999927240423858165740966796875,\"salario_mensual\":149445.99100000000908039510250091552734375,\"estatus\":\"activo\"}', 'insert', 'OK', '2025-12-22 12:44:25');
INSERT INTO `nomina_import_detalle` VALUES (722, 41, '2004', 'MEMS801119', '{\"empresa_id\":4,\"empresa_nombre\":\"HISPANAT S.A. DE C.V.\",\"no_emp\":\"2004\",\"rfc_base\":\"MEMS801119\",\"curp\":\"MEMS801119HDFJRL06\",\"es_activo_raw\":\"ACTIVO\",\"es_activo\":1,\"fecha_ingreso\":\"2018-06-18\",\"fecha_baja\":null,\"tipo_empleado_id_raw\":\"2\",\"tipo_empleado_raw\":\"INDETERMINADO\",\"departamento_id_raw\":\"1\",\"departamento_raw\":\"ADMINISTRACION\",\"puesto_nomina_id_raw\":\"183\",\"puesto_raw\":\"CHOFER EJECUTIVO\",\"centro_trabajo_id_raw\":\"2013\",\"centro_trabajo_raw\":\"HN SOCIOS\",\"jefe_inmediato\":\"\",\"salario_diario\":4981.956000000000130967237055301666259765625,\"salario_mensual\":149445.99199999999837018549442291259765625,\"estatus\":\"activo\"}', 'insert', 'OK', '2025-12-22 12:44:25');
INSERT INTO `nomina_import_detalle` VALUES (723, 41, '2128', 'CAGM960120', '{\"empresa_id\":4,\"empresa_nombre\":\"HISPANAT S.A. DE C.V.\",\"no_emp\":\"2128\",\"rfc_base\":\"CAGM960120\",\"curp\":\"CAGM960120HTSSNN07\",\"es_activo_raw\":\"ACTIVO\",\"es_activo\":1,\"fecha_ingreso\":\"2019-09-23\",\"fecha_baja\":null,\"tipo_empleado_id_raw\":\"2\",\"tipo_empleado_raw\":\"INDETERMINADO\",\"departamento_id_raw\":\"1\",\"departamento_raw\":\"ADMINISTRACION\",\"puesto_nomina_id_raw\":\"13\",\"puesto_raw\":\"AUDITOR FINANCIERO CORPORATIVO\",\"centro_trabajo_id_raw\":\"2008\",\"centro_trabajo_raw\":\"HN CORPORATIVO DESP 701\",\"jefe_inmediato\":\"\",\"salario_diario\":4981.957000000000334694050252437591552734375,\"salario_mensual\":149445.99299999998765997588634490966796875,\"estatus\":\"activo\"}', 'insert', 'OK', '2025-12-22 12:44:26');
INSERT INTO `nomina_import_detalle` VALUES (724, 41, '2262', 'GOFL650715', '{\"empresa_id\":4,\"empresa_nombre\":\"HISPANAT S.A. DE C.V.\",\"no_emp\":\"2262\",\"rfc_base\":\"GOFL650715\",\"curp\":\"GOFL650715MTSNRZ06\",\"es_activo_raw\":\"ACTIVO\",\"es_activo\":1,\"fecha_ingreso\":\"2019-10-28\",\"fecha_baja\":null,\"tipo_empleado_id_raw\":\"2\",\"tipo_empleado_raw\":\"INDETERMINADO\",\"departamento_id_raw\":\"1\",\"departamento_raw\":\"ADMINISTRACION\",\"puesto_nomina_id_raw\":\"186\",\"puesto_raw\":\"GERENTE DE FACTURACION\",\"centro_trabajo_id_raw\":\"2013\",\"centro_trabajo_raw\":\"HN SOCIOS\",\"jefe_inmediato\":\"\",\"salario_diario\":4981.9579999999996289261616766452789306640625,\"salario_mensual\":149445.9940000000060535967350006103515625,\"estatus\":\"activo\"}', 'insert', 'OK', '2025-12-22 12:44:26');
INSERT INTO `nomina_import_detalle` VALUES (725, 41, '2542', 'VIOA890303', '{\"empresa_id\":4,\"empresa_nombre\":\"HISPANAT S.A. DE C.V.\",\"no_emp\":\"2542\",\"rfc_base\":\"VIOA890303\",\"curp\":\"VIOA890303HDFGCB19\",\"es_activo_raw\":\"ACTIVO\",\"es_activo\":1,\"fecha_ingreso\":\"2025-03-28\",\"fecha_baja\":null,\"tipo_empleado_id_raw\":\"2\",\"tipo_empleado_raw\":\"INDETERMINADO\",\"departamento_id_raw\":\"1\",\"departamento_raw\":\"ADMINISTRACION\",\"puesto_nomina_id_raw\":\"183\",\"puesto_raw\":\"CHOFER EJECUTIVO\",\"centro_trabajo_id_raw\":\"2013\",\"centro_trabajo_raw\":\"HN SOCIOS\",\"jefe_inmediato\":\"\",\"salario_diario\":4981.9589999999998326529748737812042236328125,\"salario_mensual\":149445.994999999995343387126922607421875,\"estatus\":\"activo\"}', 'insert', 'OK', '2025-12-22 12:44:26');
INSERT INTO `nomina_import_detalle` VALUES (726, 41, '2546', 'HETC860528', '{\"empresa_id\":4,\"empresa_nombre\":\"HISPANAT S.A. DE C.V.\",\"no_emp\":\"2546\",\"rfc_base\":\"HETC860528\",\"curp\":\"HETC860528MDFRLR04\",\"es_activo_raw\":\"ACTIVO\",\"es_activo\":1,\"fecha_ingreso\":\"2025-06-04\",\"fecha_baja\":null,\"tipo_empleado_id_raw\":\"2\",\"tipo_empleado_raw\":\"INDETERMINADO\",\"departamento_id_raw\":\"1\",\"departamento_raw\":\"ADMINISTRACION\",\"puesto_nomina_id_raw\":\"10\",\"puesto_raw\":\"ASISTENTE ADMINISTRATIVO\",\"centro_trabajo_id_raw\":\"2008\",\"centro_trabajo_raw\":\"HN CORPORATIVO DESP 701\",\"jefe_inmediato\":\"\",\"salario_diario\":4981.9600000000000363797880709171295166015625,\"salario_mensual\":149445.99600000001373700797557830810546875,\"estatus\":\"activo\"}', 'insert', 'OK', '2025-12-22 12:44:26');
INSERT INTO `nomina_import_detalle` VALUES (727, 41, '5378', 'VEON890104', '{\"empresa_id\":4,\"empresa_nombre\":\"HISPANAT S.A. DE C.V.\",\"no_emp\":\"5378\",\"rfc_base\":\"VEON890104\",\"curp\":\"VEON890104MMCLJN03\",\"es_activo_raw\":\"ACTIVO\",\"es_activo\":1,\"fecha_ingreso\":\"2021-07-07\",\"fecha_baja\":null,\"tipo_empleado_id_raw\":\"2\",\"tipo_empleado_raw\":\"INDETERMINADO\",\"departamento_id_raw\":\"15\",\"departamento_raw\":\"DIRECCION DE NUEVOS NEGOCIOS\",\"puesto_nomina_id_raw\":\"173\",\"puesto_raw\":\"REPRESENTANTE DE VENTAS KAM DE PROYECTOS ESPECIALES\",\"centro_trabajo_id_raw\":\"2008\",\"centro_trabajo_raw\":\"HN CORPORATIVO DESP 701\",\"jefe_inmediato\":\"\",\"salario_diario\":4981.9610000000002401066012680530548095703125,\"salario_mensual\":149445.99700000000302679836750030517578125,\"estatus\":\"activo\"}', 'insert', 'OK', '2025-12-22 12:44:26');
INSERT INTO `nomina_import_detalle` VALUES (728, 41, '2441', 'OERP681118', '{\"empresa_id\":4,\"empresa_nombre\":\"HISPANAT S.A. DE C.V.\",\"no_emp\":\"2441\",\"rfc_base\":\"OERP681118\",\"curp\":\"OERP681118HDFLDR03\",\"es_activo_raw\":\"ACTIVO\",\"es_activo\":1,\"fecha_ingreso\":\"2025-03-18\",\"fecha_baja\":null,\"tipo_empleado_id_raw\":\"4\",\"tipo_empleado_raw\":\"ASIMILADOS\",\"departamento_id_raw\":\"ASIM\",\"departamento_raw\":\"ASIMILADOS\",\"puesto_nomina_id_raw\":\"ASIM\",\"puesto_raw\":\"ASIMILADOS\",\"centro_trabajo_id_raw\":\"9999\",\"centro_trabajo_raw\":\"ASIMILADOS\",\"jefe_inmediato\":\"\",\"salario_diario\":4981.9620000000004438334144651889801025390625,\"salario_mensual\":149445.99799999999231658875942230224609375,\"estatus\":\"activo\"}', 'insert', 'OK', '2025-12-22 12:44:26');
INSERT INTO `nomina_import_detalle` VALUES (729, 66, '3298', 'MEMM991009', '{\"NOMBRE DE EMPRESA\":\"HEPTAPHARMA S.A. DE C.V.\",\"NUMERO EMPLEADO\":\"3298\",\"APELLIDO PATERNO EMPLEADO\":\"MEJIA\",\"APELLIDO MATERNO EMPLEADO\":\"MONROY\",\"NOMBRES DEL EMPLEADO\":\"MITZY YAHEL\",\"RFC EMPLEADO_RAW\":\"MEMM-991009-1Q8\",\"RFC_BASE\":\"MEMM991009\",\"NO. CURP EMPLEADO\":\"MEMM991009MMCJNT09\",\"ES ACTIVO_RAW\":\"ACTIVO\",\"ES ACTIVO\":1,\"FECHA INGRESO DEL EMPLEADO\":\"2024-01-15\",\"FECHA BAJA\":null,\"TIPO EMPLEADO ID_RAW\":\"2\",\"TIPO EMPLEADO\":\"INDETERMINADO\",\"DEPARTAMENTO ID_RAW\":\"HP6\",\"DEPARTAMENTO EMPLEADO\":\"VALIDACION\",\"PUESTO DEL EMPLEADO ID_RAW\":\"HP9\",\"PUESTO DEL EMPLEADO\":\"ANALISTA DE VALIDACION\",\"IDENTIFICADOR CENTRO TRABAJO EMPLEADO_RAW\":\"3000\",\"CENTRO TRABAJO EMPLEADO\":\"SAN MATEO-HEPTAPHARMA\",\"JEFE INMEDIATO EMPLEADO\":\"VIOLETA RAMIREZ TREJO\",\"SALARIO DIARIO EMPLEADO\":4981.1099999999996725819073617458343505859375,\"SALARIO MENSUAL EMPLEADO\":149445.14999999999417923390865325927734375}', 'update', 'OK', '2025-12-22 13:34:20');
INSERT INTO `nomina_import_detalle` VALUES (730, 66, '3301', 'EUBJ010804', '{\"NOMBRE DE EMPRESA\":\"HEPTAPHARMA S.A. DE C.V.\",\"NUMERO EMPLEADO\":\"3301\",\"APELLIDO PATERNO EMPLEADO\":\"EDUARDO\",\"APELLIDO MATERNO EMPLEADO\":\"BORBOLLON\",\"NOMBRES DEL EMPLEADO\":\"JUAN CARLOS\",\"RFC EMPLEADO_RAW\":\"EUBJ-010804-CD2\",\"RFC_BASE\":\"EUBJ010804\",\"NO. CURP EMPLEADO\":\"EUBJ010804HMCDRNA5\",\"ES ACTIVO_RAW\":\"ACTIVO\",\"ES ACTIVO\":1,\"FECHA INGRESO DEL EMPLEADO\":\"2024-01-17\",\"FECHA BAJA\":null,\"TIPO EMPLEADO ID_RAW\":\"2\",\"TIPO EMPLEADO\":\"INDETERMINADO\",\"DEPARTAMENTO ID_RAW\":\"HP7\",\"DEPARTAMENTO EMPLEADO\":\"MANTENIMIENTO\",\"PUESTO DEL EMPLEADO ID_RAW\":\"HP46\",\"PUESTO DEL EMPLEADO\":\"TECNICO ELECTROMECANICO\",\"IDENTIFICADOR CENTRO TRABAJO EMPLEADO_RAW\":\"3000\",\"CENTRO TRABAJO EMPLEADO\":\"SAN MATEO-HEPTAPHARMA\",\"JEFE INMEDIATO EMPLEADO\":\"EDUARDO RODRIGUEZ RAYON\",\"SALARIO DIARIO EMPLEADO\":4981.1099999999996725819073617458343505859375,\"SALARIO MENSUAL EMPLEADO\":149445.14999999999417923390865325927734375}', 'update', 'OK', '2025-12-22 13:34:20');
INSERT INTO `nomina_import_detalle` VALUES (731, 66, '3310', 'FOLO690620', '{\"NOMBRE DE EMPRESA\":\"HEPTAPHARMA S.A. DE C.V.\",\"NUMERO EMPLEADO\":\"3310\",\"APELLIDO PATERNO EMPLEADO\":\"FLORES\",\"APELLIDO MATERNO EMPLEADO\":\"LISARRAGA\",\"NOMBRES DEL EMPLEADO\":\"OTILIO\",\"RFC EMPLEADO_RAW\":\"FOLO-690620-DG2\",\"RFC_BASE\":\"FOLO690620\",\"NO. CURP EMPLEADO\":\"FOLO690620HDGLST03\",\"ES ACTIVO_RAW\":\"ACTIVO\",\"ES ACTIVO\":1,\"FECHA INGRESO DEL EMPLEADO\":\"2024-01-29\",\"FECHA BAJA\":null,\"TIPO EMPLEADO ID_RAW\":\"2\",\"TIPO EMPLEADO\":\"INDETERMINADO\",\"DEPARTAMENTO ID_RAW\":\"HP4\",\"DEPARTAMENTO EMPLEADO\":\"ASEGURAMIENTO DE CALIDAD\",\"PUESTO DEL EMPLEADO ID_RAW\":\"HP25\",\"PUESTO DEL EMPLEADO\":\"INSPECTOR DE ASEGURAMIENTO DE CALIDAD\",\"IDENTIFICADOR CENTRO TRABAJO EMPLEADO_RAW\":\"3000\",\"CENTRO TRABAJO EMPLEADO\":\"SAN MATEO-HEPTAPHARMA\",\"JEFE INMEDIATO EMPLEADO\":\"FATIMA PATRICIA SIMG MENDOZA\",\"SALARIO DIARIO EMPLEADO\":4981.1099999999996725819073617458343505859375,\"SALARIO MENSUAL EMPLEADO\":149445.14999999999417923390865325927734375}', 'update', 'OK', '2025-12-22 13:34:20');
INSERT INTO `nomina_import_detalle` VALUES (732, 66, '3315', 'SAAR970815', '{\"NOMBRE DE EMPRESA\":\"HEPTAPHARMA S.A. DE C.V.\",\"NUMERO EMPLEADO\":\"3315\",\"APELLIDO PATERNO EMPLEADO\":\"SANCHEZ\",\"APELLIDO MATERNO EMPLEADO\":\"ALMEYDA\",\"NOMBRES DEL EMPLEADO\":\"ROCIO\",\"RFC EMPLEADO_RAW\":\"SAAR-970815-EP8\",\"RFC_BASE\":\"SAAR970815\",\"NO. CURP EMPLEADO\":\"SAAR970815MMCNLC01\",\"ES ACTIVO_RAW\":\"ACTIVO\",\"ES ACTIVO\":1,\"FECHA INGRESO DEL EMPLEADO\":\"2024-02-06\",\"FECHA BAJA\":null,\"TIPO EMPLEADO ID_RAW\":\"2\",\"TIPO EMPLEADO\":\"INDETERMINADO\",\"DEPARTAMENTO ID_RAW\":\"HP6\",\"DEPARTAMENTO EMPLEADO\":\"VALIDACION\",\"PUESTO DEL EMPLEADO ID_RAW\":\"HP9\",\"PUESTO DEL EMPLEADO\":\"ANALISTA DE VALIDACION\",\"IDENTIFICADOR CENTRO TRABAJO EMPLEADO_RAW\":\"3000\",\"CENTRO TRABAJO EMPLEADO\":\"SAN MATEO-HEPTAPHARMA\",\"JEFE INMEDIATO EMPLEADO\":\"VIOLETA RAMIREZ TREJO\",\"SALARIO DIARIO EMPLEADO\":4981.1099999999996725819073617458343505859375,\"SALARIO MENSUAL EMPLEADO\":149445.14999999999417923390865325927734375}', 'update', 'OK', '2025-12-22 13:34:20');
INSERT INTO `nomina_import_detalle` VALUES (733, 66, '3320', 'GAOA770108', '{\"NOMBRE DE EMPRESA\":\"HEPTAPHARMA S.A. DE C.V.\",\"NUMERO EMPLEADO\":\"3320\",\"APELLIDO PATERNO EMPLEADO\":\"GARCIA\",\"APELLIDO MATERNO EMPLEADO\":\"ORTIZ\",\"NOMBRES DEL EMPLEADO\":\"AZUCENA\",\"RFC EMPLEADO_RAW\":\"GAOA-770108-UJA\",\"RFC_BASE\":\"GAOA770108\",\"NO. CURP EMPLEADO\":\"GAOA770108MMCRRZ08\",\"ES ACTIVO_RAW\":\"ACTIVO\",\"ES ACTIVO\":1,\"FECHA INGRESO DEL EMPLEADO\":\"2024-02-08\",\"FECHA BAJA\":null,\"TIPO EMPLEADO ID_RAW\":\"2\",\"TIPO EMPLEADO\":\"INDETERMINADO\",\"DEPARTAMENTO ID_RAW\":\"HP9\",\"DEPARTAMENTO EMPLEADO\":\"FABRICACION\",\"PUESTO DEL EMPLEADO ID_RAW\":\"HP84\",\"PUESTO DEL EMPLEADO\":\"OPERADOR C\",\"IDENTIFICADOR CENTRO TRABAJO EMPLEADO_RAW\":\"3000\",\"CENTRO TRABAJO EMPLEADO\":\"SAN MATEO-HEPTAPHARMA\",\"JEFE INMEDIATO EMPLEADO\":\"SALVADOR MELO REYES\",\"SALARIO DIARIO EMPLEADO\":4981.1099999999996725819073617458343505859375,\"SALARIO MENSUAL EMPLEADO\":149445.14999999999417923390865325927734375}', 'update', 'OK', '2025-12-22 13:34:20');
INSERT INTO `nomina_import_detalle` VALUES (734, 66, '3324', 'MOMG640819', '{\"NOMBRE DE EMPRESA\":\"HEPTAPHARMA S.A. DE C.V.\",\"NUMERO EMPLEADO\":\"3324\",\"APELLIDO PATERNO EMPLEADO\":\"MORELOS\",\"APELLIDO MATERNO EMPLEADO\":\"MARTINEZ\",\"NOMBRES DEL EMPLEADO\":\"GUADALUPE\",\"RFC EMPLEADO_RAW\":\"MOMG-640819-S98\",\"RFC_BASE\":\"MOMG640819\",\"NO. CURP EMPLEADO\":\"MOMG640819MDFRRD04\",\"ES ACTIVO_RAW\":\"ACTIVO\",\"ES ACTIVO\":1,\"FECHA INGRESO DEL EMPLEADO\":\"2024-03-04\",\"FECHA BAJA\":null,\"TIPO EMPLEADO ID_RAW\":\"2\",\"TIPO EMPLEADO\":\"INDETERMINADO\",\"DEPARTAMENTO ID_RAW\":\"HP9\",\"DEPARTAMENTO EMPLEADO\":\"FABRICACION\",\"PUESTO DEL EMPLEADO ID_RAW\":\"HP81\",\"PUESTO DEL EMPLEADO\":\"AYUDANTE GENERAL\",\"IDENTIFICADOR CENTRO TRABAJO EMPLEADO_RAW\":\"3000\",\"CENTRO TRABAJO EMPLEADO\":\"SAN MATEO-HEPTAPHARMA\",\"JEFE INMEDIATO EMPLEADO\":\"SALVADOR MELO REYES\",\"SALARIO DIARIO EMPLEADO\":4981.1199999999998908606357872486114501953125,\"SALARIO MENSUAL EMPLEADO\":149445.14999999999417923390865325927734375}', 'update', 'OK', '2025-12-22 13:34:21');
INSERT INTO `nomina_import_detalle` VALUES (735, 66, '3326', 'GARC000716', '{\"NOMBRE DE EMPRESA\":\"HEPTAPHARMA S.A. DE C.V.\",\"NUMERO EMPLEADO\":\"3326\",\"APELLIDO PATERNO EMPLEADO\":\"GARCES\",\"APELLIDO MATERNO EMPLEADO\":\"ROSALES\",\"NOMBRES DEL EMPLEADO\":\"CARMEN ANDREA\",\"RFC EMPLEADO_RAW\":\"GARC-000716-3P3\",\"RFC_BASE\":\"GARC000716\",\"NO. CURP EMPLEADO\":\"GARC000716MMCRSRA1\",\"ES ACTIVO_RAW\":\"ACTIVO\",\"ES ACTIVO\":1,\"FECHA INGRESO DEL EMPLEADO\":\"2024-10-11\",\"FECHA BAJA\":null,\"TIPO EMPLEADO ID_RAW\":\"2\",\"TIPO EMPLEADO\":\"INDETERMINADO\",\"DEPARTAMENTO ID_RAW\":\"HP5\",\"DEPARTAMENTO EMPLEADO\":\"CONTROL DE CALIDAD\",\"PUESTO DEL EMPLEADO ID_RAW\":\"HP3\",\"PUESTO DEL EMPLEADO\":\"ANALISTA DE CONTROL MICROBIOLOGICO\",\"IDENTIFICADOR CENTRO TRABAJO EMPLEADO_RAW\":\"3000\",\"CENTRO TRABAJO EMPLEADO\":\"SAN MATEO-HEPTAPHARMA\",\"JEFE INMEDIATO EMPLEADO\":\"VIOLETA RAMIREZ TREJO\",\"SALARIO DIARIO EMPLEADO\":4981.1199999999998908606357872486114501953125,\"SALARIO MENSUAL EMPLEADO\":149445.14999999999417923390865325927734375}', 'update', 'OK', '2025-12-22 13:34:21');
INSERT INTO `nomina_import_detalle` VALUES (736, 66, '3333', 'CAAN970205', '{\"NOMBRE DE EMPRESA\":\"HEPTAPHARMA S.A. DE C.V.\",\"NUMERO EMPLEADO\":\"3333\",\"APELLIDO PATERNO EMPLEADO\":\"CHAVEZ\",\"APELLIDO MATERNO EMPLEADO\":\"ANZALDO\",\"NOMBRES DEL EMPLEADO\":\"NANCY CECILIA\",\"RFC EMPLEADO_RAW\":\"CAAN-970205-694\",\"RFC_BASE\":\"CAAN970205\",\"NO. CURP EMPLEADO\":\"CAAN970205MMCHNN07\",\"ES ACTIVO_RAW\":\"ACTIVO\",\"ES ACTIVO\":1,\"FECHA INGRESO DEL EMPLEADO\":\"2024-03-19\",\"FECHA BAJA\":null,\"TIPO EMPLEADO ID_RAW\":\"2\",\"TIPO EMPLEADO\":\"INDETERMINADO\",\"DEPARTAMENTO ID_RAW\":\"HP9\",\"DEPARTAMENTO EMPLEADO\":\"FABRICACION\",\"PUESTO DEL EMPLEADO ID_RAW\":\"HP83\",\"PUESTO DEL EMPLEADO\":\"OPERADOR B\",\"IDENTIFICADOR CENTRO TRABAJO EMPLEADO_RAW\":\"3000\",\"CENTRO TRABAJO EMPLEADO\":\"SAN MATEO-HEPTAPHARMA\",\"JEFE INMEDIATO EMPLEADO\":\"SALVADOR MELO REYES\",\"SALARIO DIARIO EMPLEADO\":4981.1199999999998908606357872486114501953125,\"SALARIO MENSUAL EMPLEADO\":149445.14999999999417923390865325927734375}', 'update', 'OK', '2025-12-22 13:34:21');
INSERT INTO `nomina_import_detalle` VALUES (737, 66, '3335', 'MEAD870723', '{\"NOMBRE DE EMPRESA\":\"HEPTAPHARMA S.A. DE C.V.\",\"NUMERO EMPLEADO\":\"3335\",\"APELLIDO PATERNO EMPLEADO\":\"MEJIA\",\"APELLIDO MATERNO EMPLEADO\":\"ALBARRAN\",\"NOMBRES DEL EMPLEADO\":\"DIANA\",\"RFC EMPLEADO_RAW\":\"MEAD-870723-C7A\",\"RFC_BASE\":\"MEAD870723\",\"NO. CURP EMPLEADO\":\"MEAD870723MMCJLN04\",\"ES ACTIVO_RAW\":\"ACTIVO\",\"ES ACTIVO\":1,\"FECHA INGRESO DEL EMPLEADO\":\"2024-03-20\",\"FECHA BAJA\":null,\"TIPO EMPLEADO ID_RAW\":\"2\",\"TIPO EMPLEADO\":\"INDETERMINADO\",\"DEPARTAMENTO ID_RAW\":\"HP9\",\"DEPARTAMENTO EMPLEADO\":\"FABRICACION\",\"PUESTO DEL EMPLEADO ID_RAW\":\"HP85\",\"PUESTO DEL EMPLEADO\":\"OPERADOR D\",\"IDENTIFICADOR CENTRO TRABAJO EMPLEADO_RAW\":\"3000\",\"CENTRO TRABAJO EMPLEADO\":\"SAN MATEO-HEPTAPHARMA\",\"JEFE INMEDIATO EMPLEADO\":\"SALVADOR MELO REYES\",\"SALARIO DIARIO EMPLEADO\":4981.1199999999998908606357872486114501953125,\"SALARIO MENSUAL EMPLEADO\":149445.14999999999417923390865325927734375}', 'update', 'OK', '2025-12-22 13:34:21');
INSERT INTO `nomina_import_detalle` VALUES (738, 66, '3338', 'HEZK011005', '{\"NOMBRE DE EMPRESA\":\"HEPTAPHARMA S.A. DE C.V.\",\"NUMERO EMPLEADO\":\"3338\",\"APELLIDO PATERNO EMPLEADO\":\"HERNANDEZ\",\"APELLIDO MATERNO EMPLEADO\":\"ZARCO\",\"NOMBRES DEL EMPLEADO\":\"KELLY\",\"RFC EMPLEADO_RAW\":\"HEZK-011005-RK0\",\"RFC_BASE\":\"HEZK011005\",\"NO. CURP EMPLEADO\":\"HEZK011005MMCRRLA3\",\"ES ACTIVO_RAW\":\"ACTIVO\",\"ES ACTIVO\":1,\"FECHA INGRESO DEL EMPLEADO\":\"2024-04-01\",\"FECHA BAJA\":null,\"TIPO EMPLEADO ID_RAW\":\"2\",\"TIPO EMPLEADO\":\"INDETERMINADO\",\"DEPARTAMENTO ID_RAW\":\"HP4\",\"DEPARTAMENTO EMPLEADO\":\"ASEGURAMIENTO DE CALIDAD\",\"PUESTO DEL EMPLEADO ID_RAW\":\"HP25\",\"PUESTO DEL EMPLEADO\":\"INSPECTOR DE ASEGURAMIENTO DE CALIDAD\",\"IDENTIFICADOR CENTRO TRABAJO EMPLEADO_RAW\":\"3000\",\"CENTRO TRABAJO EMPLEADO\":\"SAN MATEO-HEPTAPHARMA\",\"JEFE INMEDIATO EMPLEADO\":\"FATIMA PATRICIA SIMG MENDOZA\",\"SALARIO DIARIO EMPLEADO\":4981.1199999999998908606357872486114501953125,\"SALARIO MENSUAL EMPLEADO\":149445.16000000000349245965480804443359375}', 'update', 'OK', '2025-12-22 13:34:21');
INSERT INTO `nomina_import_detalle` VALUES (739, 66, '3342', 'REAA970618', '{\"NOMBRE DE EMPRESA\":\"HEPTAPHARMA S.A. DE C.V.\",\"NUMERO EMPLEADO\":\"3342\",\"APELLIDO PATERNO EMPLEADO\":\"REYES\",\"APELLIDO MATERNO EMPLEADO\":\"ALVARADO\",\"NOMBRES DEL EMPLEADO\":\"ARACELI\",\"RFC EMPLEADO_RAW\":\"REAA-970618-AY4\",\"RFC_BASE\":\"REAA970618\",\"NO. CURP EMPLEADO\":\"REAA970618MMCYLR08\",\"ES ACTIVO_RAW\":\"ACTIVO\",\"ES ACTIVO\":1,\"FECHA INGRESO DEL EMPLEADO\":\"2024-04-17\",\"FECHA BAJA\":null,\"TIPO EMPLEADO ID_RAW\":\"2\",\"TIPO EMPLEADO\":\"INDETERMINADO\",\"DEPARTAMENTO ID_RAW\":\"HP9\",\"DEPARTAMENTO EMPLEADO\":\"FABRICACION\",\"PUESTO DEL EMPLEADO ID_RAW\":\"HP84\",\"PUESTO DEL EMPLEADO\":\"OPERADOR C\",\"IDENTIFICADOR CENTRO TRABAJO EMPLEADO_RAW\":\"3000\",\"CENTRO TRABAJO EMPLEADO\":\"SAN MATEO-HEPTAPHARMA\",\"JEFE INMEDIATO EMPLEADO\":\"SALVADOR MELO REYES\",\"SALARIO DIARIO EMPLEADO\":4981.1199999999998908606357872486114501953125,\"SALARIO MENSUAL EMPLEADO\":149445.16000000000349245965480804443359375}', 'update', 'OK', '2025-12-22 13:34:21');
INSERT INTO `nomina_import_detalle` VALUES (740, 66, '3344', 'RECE970823', '{\"NOMBRE DE EMPRESA\":\"HEPTAPHARMA S.A. DE C.V.\",\"NUMERO EMPLEADO\":\"3344\",\"APELLIDO PATERNO EMPLEADO\":\"REYES\",\"APELLIDO MATERNO EMPLEADO\":\"CLEMENTE\",\"NOMBRES DEL EMPLEADO\":\"ELEAZAR\",\"RFC EMPLEADO_RAW\":\"RECE-970823-KA9\",\"RFC_BASE\":\"RECE970823\",\"NO. CURP EMPLEADO\":\"RECE970823HMCYLL00\",\"ES ACTIVO_RAW\":\"ACTIVO\",\"ES ACTIVO\":1,\"FECHA INGRESO DEL EMPLEADO\":\"2024-04-22\",\"FECHA BAJA\":null,\"TIPO EMPLEADO ID_RAW\":\"2\",\"TIPO EMPLEADO\":\"INDETERMINADO\",\"DEPARTAMENTO ID_RAW\":\"HP6\",\"DEPARTAMENTO EMPLEADO\":\"VALIDACION\",\"PUESTO DEL EMPLEADO ID_RAW\":\"HP9\",\"PUESTO DEL EMPLEADO\":\"ANALISTA DE VALIDACION\",\"IDENTIFICADOR CENTRO TRABAJO EMPLEADO_RAW\":\"3000\",\"CENTRO TRABAJO EMPLEADO\":\"SAN MATEO-HEPTAPHARMA\",\"JEFE INMEDIATO EMPLEADO\":\"VIOLETA RAMIREZ TREJO\",\"SALARIO DIARIO EMPLEADO\":4981.1199999999998908606357872486114501953125,\"SALARIO MENSUAL EMPLEADO\":149445.16000000000349245965480804443359375}', 'update', 'OK', '2025-12-22 13:34:21');
INSERT INTO `nomina_import_detalle` VALUES (741, 66, '3345', 'HEMI050730', '{\"NOMBRE DE EMPRESA\":\"HEPTAPHARMA S.A. DE C.V.\",\"NUMERO EMPLEADO\":\"3345\",\"APELLIDO PATERNO EMPLEADO\":\"HERNANDEZ\",\"APELLIDO MATERNO EMPLEADO\":\"MATIAS\",\"NOMBRES DEL EMPLEADO\":\"ITZEL BETZABE\",\"RFC EMPLEADO_RAW\":\"HEMI-050730-1IA\",\"RFC_BASE\":\"HEMI050730\",\"NO. CURP EMPLEADO\":\"HEMI050730MMCRTTA0\",\"ES ACTIVO_RAW\":\"ACTIVO\",\"ES ACTIVO\":1,\"FECHA INGRESO DEL EMPLEADO\":\"2024-04-24\",\"FECHA BAJA\":null,\"TIPO EMPLEADO ID_RAW\":\"2\",\"TIPO EMPLEADO\":\"INDETERMINADO\",\"DEPARTAMENTO ID_RAW\":\"HP9\",\"DEPARTAMENTO EMPLEADO\":\"FABRICACION\",\"PUESTO DEL EMPLEADO ID_RAW\":\"HP81\",\"PUESTO DEL EMPLEADO\":\"AYUDANTE GENERAL\",\"IDENTIFICADOR CENTRO TRABAJO EMPLEADO_RAW\":\"3000\",\"CENTRO TRABAJO EMPLEADO\":\"SAN MATEO-HEPTAPHARMA\",\"JEFE INMEDIATO EMPLEADO\":\"SALVADOR MELO REYES\",\"SALARIO DIARIO EMPLEADO\":4981.1199999999998908606357872486114501953125,\"SALARIO MENSUAL EMPLEADO\":149445.16000000000349245965480804443359375}', 'update', 'OK', '2025-12-22 13:34:22');
INSERT INTO `nomina_import_detalle` VALUES (742, 66, '3353', 'CESM720722', '{\"NOMBRE DE EMPRESA\":\"HEPTAPHARMA S.A. DE C.V.\",\"NUMERO EMPLEADO\":\"3353\",\"APELLIDO PATERNO EMPLEADO\":\"CEBADA\",\"APELLIDO MATERNO EMPLEADO\":\"SALAMANCA\",\"NOMBRES DEL EMPLEADO\":\"MARIA MAGDALENA\",\"RFC EMPLEADO_RAW\":\"CESM-720722-Q22\",\"RFC_BASE\":\"CESM720722\",\"NO. CURP EMPLEADO\":\"CESM720722MPLBLG02\",\"ES ACTIVO_RAW\":\"ACTIVO\",\"ES ACTIVO\":1,\"FECHA INGRESO DEL EMPLEADO\":\"2024-04-26\",\"FECHA BAJA\":null,\"TIPO EMPLEADO ID_RAW\":\"2\",\"TIPO EMPLEADO\":\"INDETERMINADO\",\"DEPARTAMENTO ID_RAW\":\"HP7\",\"DEPARTAMENTO EMPLEADO\":\"MANTENIMIENTO\",\"PUESTO DEL EMPLEADO ID_RAW\":\"HP15\",\"PUESTO DEL EMPLEADO\":\"AUXILIAR DE LIMPIEZA DE SERVICIOS GENERALES\",\"IDENTIFICADOR CENTRO TRABAJO EMPLEADO_RAW\":\"3000\",\"CENTRO TRABAJO EMPLEADO\":\"SAN MATEO-HEPTAPHARMA\",\"JEFE INMEDIATO EMPLEADO\":\"EDUARDO RODRIGUEZ RAYON\",\"SALARIO DIARIO EMPLEADO\":4981.1199999999998908606357872486114501953125,\"SALARIO MENSUAL EMPLEADO\":149445.16000000000349245965480804443359375}', 'update', 'OK', '2025-12-22 13:34:22');
INSERT INTO `nomina_import_detalle` VALUES (743, 66, '3360', 'MORL950305', '{\"NOMBRE DE EMPRESA\":\"HEPTAPHARMA S.A. DE C.V.\",\"NUMERO EMPLEADO\":\"3360\",\"APELLIDO PATERNO EMPLEADO\":\"MORALES\",\"APELLIDO MATERNO EMPLEADO\":\"ROSAS\",\"NOMBRES DEL EMPLEADO\":\"LILIANA\",\"RFC EMPLEADO_RAW\":\"MORL-950305-9E2\",\"RFC_BASE\":\"MORL950305\",\"NO. CURP EMPLEADO\":\"MORL950305MMCRSL06\",\"ES ACTIVO_RAW\":\"ACTIVO\",\"ES ACTIVO\":1,\"FECHA INGRESO DEL EMPLEADO\":\"2024-05-03\",\"FECHA BAJA\":null,\"TIPO EMPLEADO ID_RAW\":\"2\",\"TIPO EMPLEADO\":\"INDETERMINADO\",\"DEPARTAMENTO ID_RAW\":\"HP4\",\"DEPARTAMENTO EMPLEADO\":\"ASEGURAMIENTO DE CALIDAD\",\"PUESTO DEL EMPLEADO ID_RAW\":\"HP4\",\"PUESTO DEL EMPLEADO\":\"ANALISTA DE DOCUMENTACION\",\"IDENTIFICADOR CENTRO TRABAJO EMPLEADO_RAW\":\"3000\",\"CENTRO TRABAJO EMPLEADO\":\"SAN MATEO-HEPTAPHARMA\",\"JEFE INMEDIATO EMPLEADO\":\"FATIMA PATRICIA SIMG MENDOZA\",\"SALARIO DIARIO EMPLEADO\":4981.1199999999998908606357872486114501953125,\"SALARIO MENSUAL EMPLEADO\":149445.16000000000349245965480804443359375}', 'update', 'OK', '2025-12-22 13:34:22');
INSERT INTO `nomina_import_detalle` VALUES (744, 66, '3364', 'RIAD720909', '{\"NOMBRE DE EMPRESA\":\"HEPTAPHARMA S.A. DE C.V.\",\"NUMERO EMPLEADO\":\"3364\",\"APELLIDO PATERNO EMPLEADO\":\"DEL RIO\",\"APELLIDO MATERNO EMPLEADO\":\"ALBARRAN\",\"NOMBRES DEL EMPLEADO\":\"DOROTEA\",\"RFC EMPLEADO_RAW\":\"RIAD-720909-RF8\",\"RFC_BASE\":\"RIAD720909\",\"NO. CURP EMPLEADO\":\"RIAD720909MMCXLR01\",\"ES ACTIVO_RAW\":\"ACTIVO\",\"ES ACTIVO\":1,\"FECHA INGRESO DEL EMPLEADO\":\"2024-05-06\",\"FECHA BAJA\":null,\"TIPO EMPLEADO ID_RAW\":\"2\",\"TIPO EMPLEADO\":\"INDETERMINADO\",\"DEPARTAMENTO ID_RAW\":\"HP9\",\"DEPARTAMENTO EMPLEADO\":\"FABRICACION\",\"PUESTO DEL EMPLEADO ID_RAW\":\"HP81\",\"PUESTO DEL EMPLEADO\":\"AYUDANTE GENERAL\",\"IDENTIFICADOR CENTRO TRABAJO EMPLEADO_RAW\":\"3000\",\"CENTRO TRABAJO EMPLEADO\":\"SAN MATEO-HEPTAPHARMA\",\"JEFE INMEDIATO EMPLEADO\":\"SALVADOR MELO REYES\",\"SALARIO DIARIO EMPLEADO\":4981.1300000000001091393642127513885498046875,\"SALARIO MENSUAL EMPLEADO\":149445.16000000000349245965480804443359375}', 'update', 'OK', '2025-12-22 13:34:22');
INSERT INTO `nomina_import_detalle` VALUES (745, 66, '3366', 'DIEM801122', '{\"NOMBRE DE EMPRESA\":\"HEPTAPHARMA S.A. DE C.V.\",\"NUMERO EMPLEADO\":\"3366\",\"APELLIDO PATERNO EMPLEADO\":\"DIOSDADO\",\"APELLIDO MATERNO EMPLEADO\":\"ENRIQUEZ\",\"NOMBRES DEL EMPLEADO\":\"MINERVA\",\"RFC EMPLEADO_RAW\":\"DIEM-801122-961\",\"RFC_BASE\":\"DIEM801122\",\"NO. CURP EMPLEADO\":\"DIEM801122MMCSNN05\",\"ES ACTIVO_RAW\":\"ACTIVO\",\"ES ACTIVO\":1,\"FECHA INGRESO DEL EMPLEADO\":\"2024-05-08\",\"FECHA BAJA\":null,\"TIPO EMPLEADO ID_RAW\":\"2\",\"TIPO EMPLEADO\":\"INDETERMINADO\",\"DEPARTAMENTO ID_RAW\":\"HP9\",\"DEPARTAMENTO EMPLEADO\":\"FABRICACION\",\"PUESTO DEL EMPLEADO ID_RAW\":\"HP83\",\"PUESTO DEL EMPLEADO\":\"OPERADOR B\",\"IDENTIFICADOR CENTRO TRABAJO EMPLEADO_RAW\":\"3000\",\"CENTRO TRABAJO EMPLEADO\":\"SAN MATEO-HEPTAPHARMA\",\"JEFE INMEDIATO EMPLEADO\":\"SALVADOR MELO REYES\",\"SALARIO DIARIO EMPLEADO\":4981.1300000000001091393642127513885498046875,\"SALARIO MENSUAL EMPLEADO\":149445.16000000000349245965480804443359375}', 'update', 'OK', '2025-12-22 13:34:22');
INSERT INTO `nomina_import_detalle` VALUES (746, 66, '3367', 'POVE701225', '{\"NOMBRE DE EMPRESA\":\"HEPTAPHARMA S.A. DE C.V.\",\"NUMERO EMPLEADO\":\"3367\",\"APELLIDO PATERNO EMPLEADO\":\"PORCAYO\",\"APELLIDO MATERNO EMPLEADO\":\"VALENCIA\",\"NOMBRES DEL EMPLEADO\":\"EVANGELINA\",\"RFC EMPLEADO_RAW\":\"POVE-701225-EN1\",\"RFC_BASE\":\"POVE701225\",\"NO. CURP EMPLEADO\":\"POVE701225MMCRLV06\",\"ES ACTIVO_RAW\":\"ACTIVO\",\"ES ACTIVO\":1,\"FECHA INGRESO DEL EMPLEADO\":\"2024-05-08\",\"FECHA BAJA\":null,\"TIPO EMPLEADO ID_RAW\":\"2\",\"TIPO EMPLEADO\":\"INDETERMINADO\",\"DEPARTAMENTO ID_RAW\":\"HP9\",\"DEPARTAMENTO EMPLEADO\":\"FABRICACION\",\"PUESTO DEL EMPLEADO ID_RAW\":\"HP81\",\"PUESTO DEL EMPLEADO\":\"AYUDANTE GENERAL\",\"IDENTIFICADOR CENTRO TRABAJO EMPLEADO_RAW\":\"3000\",\"CENTRO TRABAJO EMPLEADO\":\"SAN MATEO-HEPTAPHARMA\",\"JEFE INMEDIATO EMPLEADO\":\"SALVADOR MELO REYES\",\"SALARIO DIARIO EMPLEADO\":4981.1300000000001091393642127513885498046875,\"SALARIO MENSUAL EMPLEADO\":149445.16000000000349245965480804443359375}', 'update', 'OK', '2025-12-22 13:34:22');
INSERT INTO `nomina_import_detalle` VALUES (747, 66, '3371', 'GOVJ960423', '{\"NOMBRE DE EMPRESA\":\"HEPTAPHARMA S.A. DE C.V.\",\"NUMERO EMPLEADO\":\"3371\",\"APELLIDO PATERNO EMPLEADO\":\"GONZALEZ\",\"APELLIDO MATERNO EMPLEADO\":\"VALENCIA\",\"NOMBRES DEL EMPLEADO\":\"JORGE LUIS\",\"RFC EMPLEADO_RAW\":\"GOVJ-960423-RI8\",\"RFC_BASE\":\"GOVJ960423\",\"NO. CURP EMPLEADO\":\"GOVJ960423HMCNLR00\",\"ES ACTIVO_RAW\":\"ACTIVO\",\"ES ACTIVO\":1,\"FECHA INGRESO DEL EMPLEADO\":\"2024-05-09\",\"FECHA BAJA\":null,\"TIPO EMPLEADO ID_RAW\":\"2\",\"TIPO EMPLEADO\":\"INDETERMINADO\",\"DEPARTAMENTO ID_RAW\":\"HP9\",\"DEPARTAMENTO EMPLEADO\":\"FABRICACION\",\"PUESTO DEL EMPLEADO ID_RAW\":\"HP85\",\"PUESTO DEL EMPLEADO\":\"OPERADOR D\",\"IDENTIFICADOR CENTRO TRABAJO EMPLEADO_RAW\":\"3000\",\"CENTRO TRABAJO EMPLEADO\":\"SAN MATEO-HEPTAPHARMA\",\"JEFE INMEDIATO EMPLEADO\":\"SALVADOR MELO REYES\",\"SALARIO DIARIO EMPLEADO\":4981.1300000000001091393642127513885498046875,\"SALARIO MENSUAL EMPLEADO\":149445.16000000000349245965480804443359375}', 'update', 'OK', '2025-12-22 13:34:22');
INSERT INTO `nomina_import_detalle` VALUES (748, 66, '3372', 'AAGA990318', '{\"NOMBRE DE EMPRESA\":\"HEPTAPHARMA S.A. DE C.V.\",\"NUMERO EMPLEADO\":\"3372\",\"APELLIDO PATERNO EMPLEADO\":\"ALVA\",\"APELLIDO MATERNO EMPLEADO\":\"GUADARRAMA\",\"NOMBRES DEL EMPLEADO\":\"ALDAIR\",\"RFC EMPLEADO_RAW\":\"AAGA-990318-UB9\",\"RFC_BASE\":\"AAGA990318\",\"NO. CURP EMPLEADO\":\"AAGA990318HMCLDL04\",\"ES ACTIVO_RAW\":\"ACTIVO\",\"ES ACTIVO\":1,\"FECHA INGRESO DEL EMPLEADO\":\"2024-05-13\",\"FECHA BAJA\":null,\"TIPO EMPLEADO ID_RAW\":\"2\",\"TIPO EMPLEADO\":\"INDETERMINADO\",\"DEPARTAMENTO ID_RAW\":\"HP9\",\"DEPARTAMENTO EMPLEADO\":\"FABRICACION\",\"PUESTO DEL EMPLEADO ID_RAW\":\"HP84\",\"PUESTO DEL EMPLEADO\":\"OPERADOR C\",\"IDENTIFICADOR CENTRO TRABAJO EMPLEADO_RAW\":\"3000\",\"CENTRO TRABAJO EMPLEADO\":\"SAN MATEO-HEPTAPHARMA\",\"JEFE INMEDIATO EMPLEADO\":\"SALVADOR MELO REYES\",\"SALARIO DIARIO EMPLEADO\":4981.1300000000001091393642127513885498046875,\"SALARIO MENSUAL EMPLEADO\":149445.17000000001280568540096282958984375}', 'update', 'OK', '2025-12-22 13:34:22');
INSERT INTO `nomina_import_detalle` VALUES (749, 66, '3373', 'COSR870522', '{\"NOMBRE DE EMPRESA\":\"HEPTAPHARMA S.A. DE C.V.\",\"NUMERO EMPLEADO\":\"3373\",\"APELLIDO PATERNO EMPLEADO\":\"CORTEZ\",\"APELLIDO MATERNO EMPLEADO\":\"SALAS\",\"NOMBRES DEL EMPLEADO\":\"RITA\",\"RFC EMPLEADO_RAW\":\"COSR-870522-TC8\",\"RFC_BASE\":\"COSR870522\",\"NO. CURP EMPLEADO\":\"COSR870522MGRRLT09\",\"ES ACTIVO_RAW\":\"ACTIVO\",\"ES ACTIVO\":1,\"FECHA INGRESO DEL EMPLEADO\":\"2024-05-13\",\"FECHA BAJA\":null,\"TIPO EMPLEADO ID_RAW\":\"2\",\"TIPO EMPLEADO\":\"INDETERMINADO\",\"DEPARTAMENTO ID_RAW\":\"HP9\",\"DEPARTAMENTO EMPLEADO\":\"FABRICACION\",\"PUESTO DEL EMPLEADO ID_RAW\":\"HP81\",\"PUESTO DEL EMPLEADO\":\"AYUDANTE GENERAL\",\"IDENTIFICADOR CENTRO TRABAJO EMPLEADO_RAW\":\"3000\",\"CENTRO TRABAJO EMPLEADO\":\"SAN MATEO-HEPTAPHARMA\",\"JEFE INMEDIATO EMPLEADO\":\"SALVADOR MELO REYES\",\"SALARIO DIARIO EMPLEADO\":4981.1300000000001091393642127513885498046875,\"SALARIO MENSUAL EMPLEADO\":149445.17000000001280568540096282958984375}', 'update', 'OK', '2025-12-22 13:34:23');
INSERT INTO `nomina_import_detalle` VALUES (750, 66, '3382', 'VIRR041020', '{\"NOMBRE DE EMPRESA\":\"HEPTAPHARMA S.A. DE C.V.\",\"NUMERO EMPLEADO\":\"3382\",\"APELLIDO PATERNO EMPLEADO\":\"VILLEGAS\",\"APELLIDO MATERNO EMPLEADO\":\"REYES\",\"NOMBRES DEL EMPLEADO\":\"RUTH JAZMIN\",\"RFC EMPLEADO_RAW\":\"VIRR-041020-QX1\",\"RFC_BASE\":\"VIRR041020\",\"NO. CURP EMPLEADO\":\"VIRR041020MMCLYTA9\",\"ES ACTIVO_RAW\":\"ACTIVO\",\"ES ACTIVO\":1,\"FECHA INGRESO DEL EMPLEADO\":\"2024-05-20\",\"FECHA BAJA\":null,\"TIPO EMPLEADO ID_RAW\":\"2\",\"TIPO EMPLEADO\":\"INDETERMINADO\",\"DEPARTAMENTO ID_RAW\":\"HP9\",\"DEPARTAMENTO EMPLEADO\":\"FABRICACION\",\"PUESTO DEL EMPLEADO ID_RAW\":\"HP81\",\"PUESTO DEL EMPLEADO\":\"AYUDANTE GENERAL\",\"IDENTIFICADOR CENTRO TRABAJO EMPLEADO_RAW\":\"3000\",\"CENTRO TRABAJO EMPLEADO\":\"SAN MATEO-HEPTAPHARMA\",\"JEFE INMEDIATO EMPLEADO\":\"SALVADOR MELO REYES\",\"SALARIO DIARIO EMPLEADO\":4981.1300000000001091393642127513885498046875,\"SALARIO MENSUAL EMPLEADO\":149445.17000000001280568540096282958984375}', 'update', 'OK', '2025-12-22 13:34:23');
INSERT INTO `nomina_import_detalle` VALUES (751, 66, '3383', 'CADS991211', '{\"NOMBRE DE EMPRESA\":\"HEPTAPHARMA S.A. DE C.V.\",\"NUMERO EMPLEADO\":\"3383\",\"APELLIDO PATERNO EMPLEADO\":\"CASIMIRO\",\"APELLIDO MATERNO EMPLEADO\":\"DIAZ\",\"NOMBRES DEL EMPLEADO\":\"SANDRA GUADALUPE\",\"RFC EMPLEADO_RAW\":\"CADS-991211-J50\",\"RFC_BASE\":\"CADS991211\",\"NO. CURP EMPLEADO\":\"CADS991211MMCSZN05\",\"ES ACTIVO_RAW\":\"ACTIVO\",\"ES ACTIVO\":1,\"FECHA INGRESO DEL EMPLEADO\":\"2024-05-24\",\"FECHA BAJA\":null,\"TIPO EMPLEADO ID_RAW\":\"2\",\"TIPO EMPLEADO\":\"INDETERMINADO\",\"DEPARTAMENTO ID_RAW\":\"HP9\",\"DEPARTAMENTO EMPLEADO\":\"FABRICACION\",\"PUESTO DEL EMPLEADO ID_RAW\":\"HP81\",\"PUESTO DEL EMPLEADO\":\"AYUDANTE GENERAL\",\"IDENTIFICADOR CENTRO TRABAJO EMPLEADO_RAW\":\"3000\",\"CENTRO TRABAJO EMPLEADO\":\"SAN MATEO-HEPTAPHARMA\",\"JEFE INMEDIATO EMPLEADO\":\"SALVADOR MELO REYES\",\"SALARIO DIARIO EMPLEADO\":4981.1300000000001091393642127513885498046875,\"SALARIO MENSUAL EMPLEADO\":149445.17000000001280568540096282958984375}', 'update', 'OK', '2025-12-22 13:34:23');
INSERT INTO `nomina_import_detalle` VALUES (752, 66, '3384', 'DANJ990227', '{\"NOMBRE DE EMPRESA\":\"HEPTAPHARMA S.A. DE C.V.\",\"NUMERO EMPLEADO\":\"3384\",\"APELLIDO PATERNO EMPLEADO\":\"DAVILA\",\"APELLIDO MATERNO EMPLEADO\":\"NAVA\",\"NOMBRES DEL EMPLEADO\":\"JORGE\",\"RFC EMPLEADO_RAW\":\"DANJ-990227-8GA\",\"RFC_BASE\":\"DANJ990227\",\"NO. CURP EMPLEADO\":\"DANJ990227HMCVVR01\",\"ES ACTIVO_RAW\":\"ACTIVO\",\"ES ACTIVO\":1,\"FECHA INGRESO DEL EMPLEADO\":\"2025-10-07\",\"FECHA BAJA\":null,\"TIPO EMPLEADO ID_RAW\":\"1\",\"TIPO EMPLEADO\":\"DETERMINADO\",\"DEPARTAMENTO ID_RAW\":\"HP12\",\"DEPARTAMENTO EMPLEADO\":\"METROLOGIA\",\"PUESTO DEL EMPLEADO ID_RAW\":\"HP73\",\"PUESTO DEL EMPLEADO\":\"QUIMICO DE METROLOGIA\",\"IDENTIFICADOR CENTRO TRABAJO EMPLEADO_RAW\":\"3000\",\"CENTRO TRABAJO EMPLEADO\":\"SAN MATEO-HEPTAPHARMA\",\"JEFE INMEDIATO EMPLEADO\":\"\",\"SALARIO DIARIO EMPLEADO\":4981.1300000000001091393642127513885498046875,\"SALARIO MENSUAL EMPLEADO\":149445.17000000001280568540096282958984375}', 'update', 'OK', '2025-12-22 13:34:23');
INSERT INTO `nomina_import_detalle` VALUES (753, 66, '3386', 'ZAPK890303', '{\"NOMBRE DE EMPRESA\":\"HEPTAPHARMA S.A. DE C.V.\",\"NUMERO EMPLEADO\":\"3386\",\"APELLIDO PATERNO EMPLEADO\":\"ZARATE\",\"APELLIDO MATERNO EMPLEADO\":\"PEREZ\",\"NOMBRES DEL EMPLEADO\":\"KARINA\",\"RFC EMPLEADO_RAW\":\"ZAPK-890303-EVA\",\"RFC_BASE\":\"ZAPK890303\",\"NO. CURP EMPLEADO\":\"ZAPK890303MDFRRR04\",\"ES ACTIVO_RAW\":\"ACTIVO\",\"ES ACTIVO\":1,\"FECHA INGRESO DEL EMPLEADO\":\"2024-05-27\",\"FECHA BAJA\":null,\"TIPO EMPLEADO ID_RAW\":\"2\",\"TIPO EMPLEADO\":\"INDETERMINADO\",\"DEPARTAMENTO ID_RAW\":\"HP6\",\"DEPARTAMENTO EMPLEADO\":\"VALIDACION\",\"PUESTO DEL EMPLEADO ID_RAW\":\"HP9\",\"PUESTO DEL EMPLEADO\":\"ANALISTA DE VALIDACION\",\"IDENTIFICADOR CENTRO TRABAJO EMPLEADO_RAW\":\"3000\",\"CENTRO TRABAJO EMPLEADO\":\"SAN MATEO-HEPTAPHARMA\",\"JEFE INMEDIATO EMPLEADO\":\"VIOLETA RAMIREZ TREJO\",\"SALARIO DIARIO EMPLEADO\":4981.1300000000001091393642127513885498046875,\"SALARIO MENSUAL EMPLEADO\":149445.17000000001280568540096282958984375}', 'update', 'OK', '2025-12-22 13:34:23');
INSERT INTO `nomina_import_detalle` VALUES (754, 66, '3392', 'VIGJ620808', '{\"NOMBRE DE EMPRESA\":\"HEPTAPHARMA S.A. DE C.V.\",\"NUMERO EMPLEADO\":\"3392\",\"APELLIDO PATERNO EMPLEADO\":\"VIEYRA\",\"APELLIDO MATERNO EMPLEADO\":\"GARCIA\",\"NOMBRES DEL EMPLEADO\":\"JUAN\",\"RFC EMPLEADO_RAW\":\"VIGJ-620808-S16\",\"RFC_BASE\":\"VIGJ620808\",\"NO. CURP EMPLEADO\":\"VIGJ620808HDFYRN04\",\"ES ACTIVO_RAW\":\"ACTIVO\",\"ES ACTIVO\":1,\"FECHA INGRESO DEL EMPLEADO\":\"2024-05-31\",\"FECHA BAJA\":null,\"TIPO EMPLEADO ID_RAW\":\"2\",\"TIPO EMPLEADO\":\"INDETERMINADO\",\"DEPARTAMENTO ID_RAW\":\"HP9\",\"DEPARTAMENTO EMPLEADO\":\"FABRICACION\",\"PUESTO DEL EMPLEADO ID_RAW\":\"HP81\",\"PUESTO DEL EMPLEADO\":\"AYUDANTE GENERAL\",\"IDENTIFICADOR CENTRO TRABAJO EMPLEADO_RAW\":\"3000\",\"CENTRO TRABAJO EMPLEADO\":\"SAN MATEO-HEPTAPHARMA\",\"JEFE INMEDIATO EMPLEADO\":\"SALVADOR MELO REYES\",\"SALARIO DIARIO EMPLEADO\":4981.1400000000003274180926382541656494140625,\"SALARIO MENSUAL EMPLEADO\":149445.17000000001280568540096282958984375}', 'update', 'OK', '2025-12-22 13:34:23');
INSERT INTO `nomina_import_detalle` VALUES (755, 66, '3394', 'FARR931017', '{\"NOMBRE DE EMPRESA\":\"HEPTAPHARMA S.A. DE C.V.\",\"NUMERO EMPLEADO\":\"3394\",\"APELLIDO PATERNO EMPLEADO\":\"FRANCISCO\",\"APELLIDO MATERNO EMPLEADO\":\"RIVERA\",\"NOMBRES DEL EMPLEADO\":\"ROSA ISABEL\",\"RFC EMPLEADO_RAW\":\"FARR-931017-UC1\",\"RFC_BASE\":\"FARR931017\",\"NO. CURP EMPLEADO\":\"FARR931017MMCRVS05\",\"ES ACTIVO_RAW\":\"ACTIVO\",\"ES ACTIVO\":1,\"FECHA INGRESO DEL EMPLEADO\":\"2024-06-03\",\"FECHA BAJA\":null,\"TIPO EMPLEADO ID_RAW\":\"2\",\"TIPO EMPLEADO\":\"INDETERMINADO\",\"DEPARTAMENTO ID_RAW\":\"HP12\",\"DEPARTAMENTO EMPLEADO\":\"METROLOGIA\",\"PUESTO DEL EMPLEADO ID_RAW\":\"HP73\",\"PUESTO DEL EMPLEADO\":\"QUIMICO DE METROLOGIA\",\"IDENTIFICADOR CENTRO TRABAJO EMPLEADO_RAW\":\"3000\",\"CENTRO TRABAJO EMPLEADO\":\"SAN MATEO-HEPTAPHARMA\",\"JEFE INMEDIATO EMPLEADO\":\"VIOLETA RAMIREZ TREJO\",\"SALARIO DIARIO EMPLEADO\":4981.1400000000003274180926382541656494140625,\"SALARIO MENSUAL EMPLEADO\":149445.17000000001280568540096282958984375}', 'update', 'OK', '2025-12-22 13:34:23');
INSERT INTO `nomina_import_detalle` VALUES (756, 66, '3399', 'MOGC941001', '{\"NOMBRE DE EMPRESA\":\"HEPTAPHARMA S.A. DE C.V.\",\"NUMERO EMPLEADO\":\"3399\",\"APELLIDO PATERNO EMPLEADO\":\"MONTELLANO\",\"APELLIDO MATERNO EMPLEADO\":\"GONZALEZ\",\"NOMBRES DEL EMPLEADO\":\"CAROLINA\",\"RFC EMPLEADO_RAW\":\"MOGC-941001-642\",\"RFC_BASE\":\"MOGC941001\",\"NO. CURP EMPLEADO\":\"MOGC941001MMCNNR01\",\"ES ACTIVO_RAW\":\"ACTIVO\",\"ES ACTIVO\":1,\"FECHA INGRESO DEL EMPLEADO\":\"2024-06-07\",\"FECHA BAJA\":null,\"TIPO EMPLEADO ID_RAW\":\"2\",\"TIPO EMPLEADO\":\"INDETERMINADO\",\"DEPARTAMENTO ID_RAW\":\"HP9\",\"DEPARTAMENTO EMPLEADO\":\"FABRICACION\",\"PUESTO DEL EMPLEADO ID_RAW\":\"HP81\",\"PUESTO DEL EMPLEADO\":\"AYUDANTE GENERAL\",\"IDENTIFICADOR CENTRO TRABAJO EMPLEADO_RAW\":\"3000\",\"CENTRO TRABAJO EMPLEADO\":\"SAN MATEO-HEPTAPHARMA\",\"JEFE INMEDIATO EMPLEADO\":\"SALVADOR MELO REYES\",\"SALARIO DIARIO EMPLEADO\":4981.1400000000003274180926382541656494140625,\"SALARIO MENSUAL EMPLEADO\":149445.17000000001280568540096282958984375}', 'update', 'OK', '2025-12-22 13:34:23');
INSERT INTO `nomina_import_detalle` VALUES (757, 66, '3400', 'JUBP920311', '{\"NOMBRE DE EMPRESA\":\"HEPTAPHARMA S.A. DE C.V.\",\"NUMERO EMPLEADO\":\"3400\",\"APELLIDO PATERNO EMPLEADO\":\"JUAREZ\",\"APELLIDO MATERNO EMPLEADO\":\"BELTRAN\",\"NOMBRES DEL EMPLEADO\":\"PALOMA\",\"RFC EMPLEADO_RAW\":\"JUBP-920311-564\",\"RFC_BASE\":\"JUBP920311\",\"NO. CURP EMPLEADO\":\"JUBP920311MMCRLL02\",\"ES ACTIVO_RAW\":\"ACTIVO\",\"ES ACTIVO\":1,\"FECHA INGRESO DEL EMPLEADO\":\"2024-06-07\",\"FECHA BAJA\":null,\"TIPO EMPLEADO ID_RAW\":\"2\",\"TIPO EMPLEADO\":\"INDETERMINADO\",\"DEPARTAMENTO ID_RAW\":\"HP9\",\"DEPARTAMENTO EMPLEADO\":\"FABRICACION\",\"PUESTO DEL EMPLEADO ID_RAW\":\"HP81\",\"PUESTO DEL EMPLEADO\":\"AYUDANTE GENERAL\",\"IDENTIFICADOR CENTRO TRABAJO EMPLEADO_RAW\":\"3000\",\"CENTRO TRABAJO EMPLEADO\":\"SAN MATEO-HEPTAPHARMA\",\"JEFE INMEDIATO EMPLEADO\":\"SALVADOR MELO REYES\",\"SALARIO DIARIO EMPLEADO\":4981.1400000000003274180926382541656494140625,\"SALARIO MENSUAL EMPLEADO\":149445.17000000001280568540096282958984375}', 'update', 'OK', '2025-12-22 13:34:24');
INSERT INTO `nomina_import_detalle` VALUES (758, 66, '3404', 'VEEX021221', '{\"NOMBRE DE EMPRESA\":\"HEPTAPHARMA S.A. DE C.V.\",\"NUMERO EMPLEADO\":\"3404\",\"APELLIDO PATERNO EMPLEADO\":\"VELAZQUEZ\",\"APELLIDO MATERNO EMPLEADO\":\"ESQUIVEL\",\"NOMBRES DEL EMPLEADO\":\"XIMENA\",\"RFC EMPLEADO_RAW\":\"VEEX-021221-E75\",\"RFC_BASE\":\"VEEX021221\",\"NO. CURP EMPLEADO\":\"VEEX021221MMCLSMA4\",\"ES ACTIVO_RAW\":\"ACTIVO\",\"ES ACTIVO\":1,\"FECHA INGRESO DEL EMPLEADO\":\"2024-06-12\",\"FECHA BAJA\":null,\"TIPO EMPLEADO ID_RAW\":\"2\",\"TIPO EMPLEADO\":\"INDETERMINADO\",\"DEPARTAMENTO ID_RAW\":\"HP4\",\"DEPARTAMENTO EMPLEADO\":\"ASEGURAMIENTO DE CALIDAD\",\"PUESTO DEL EMPLEADO ID_RAW\":\"HP6\",\"PUESTO DEL EMPLEADO\":\"ANALISTA DE SISTEMA DE CALIDAD\",\"IDENTIFICADOR CENTRO TRABAJO EMPLEADO_RAW\":\"3000\",\"CENTRO TRABAJO EMPLEADO\":\"SAN MATEO-HEPTAPHARMA\",\"JEFE INMEDIATO EMPLEADO\":\"FATIMA PATRICIA SIMG MENDOZA\",\"SALARIO DIARIO EMPLEADO\":4981.1400000000003274180926382541656494140625,\"SALARIO MENSUAL EMPLEADO\":149445.1799999999930150806903839111328125}', 'update', 'OK', '2025-12-22 13:34:24');
INSERT INTO `nomina_import_detalle` VALUES (759, 66, '3405', 'AAVD020712', '{\"NOMBRE DE EMPRESA\":\"HEPTAPHARMA S.A. DE C.V.\",\"NUMERO EMPLEADO\":\"3405\",\"APELLIDO PATERNO EMPLEADO\":\"ALBARRAN\",\"APELLIDO MATERNO EMPLEADO\":\"VALLEJO\",\"NOMBRES DEL EMPLEADO\":\"DIEGO\",\"RFC EMPLEADO_RAW\":\"AAVD-020712-UA8\",\"RFC_BASE\":\"AAVD020712\",\"NO. CURP EMPLEADO\":\"AAVD020712HMCLLGA3\",\"ES ACTIVO_RAW\":\"ACTIVO\",\"ES ACTIVO\":1,\"FECHA INGRESO DEL EMPLEADO\":\"2024-06-12\",\"FECHA BAJA\":null,\"TIPO EMPLEADO ID_RAW\":\"2\",\"TIPO EMPLEADO\":\"INDETERMINADO\",\"DEPARTAMENTO ID_RAW\":\"HP9\",\"DEPARTAMENTO EMPLEADO\":\"FABRICACION\",\"PUESTO DEL EMPLEADO ID_RAW\":\"HP84\",\"PUESTO DEL EMPLEADO\":\"OPERADOR C\",\"IDENTIFICADOR CENTRO TRABAJO EMPLEADO_RAW\":\"3000\",\"CENTRO TRABAJO EMPLEADO\":\"SAN MATEO-HEPTAPHARMA\",\"JEFE INMEDIATO EMPLEADO\":\"SALVADOR MELO REYES\",\"SALARIO DIARIO EMPLEADO\":4981.1400000000003274180926382541656494140625,\"SALARIO MENSUAL EMPLEADO\":149445.1799999999930150806903839111328125}', 'update', 'OK', '2025-12-22 13:34:24');
INSERT INTO `nomina_import_detalle` VALUES (760, 66, '3406', 'MAGF860625', '{\"NOMBRE DE EMPRESA\":\"HEPTAPHARMA S.A. DE C.V.\",\"NUMERO EMPLEADO\":\"3406\",\"APELLIDO PATERNO EMPLEADO\":\"MARTINEZ\",\"APELLIDO MATERNO EMPLEADO\":\"GARCIA\",\"NOMBRES DEL EMPLEADO\":\"FELIPE\",\"RFC EMPLEADO_RAW\":\"MAGF-860625-1B3\",\"RFC_BASE\":\"MAGF860625\",\"NO. CURP EMPLEADO\":\"MAGF860625HMCRRL05\",\"ES ACTIVO_RAW\":\"ACTIVO\",\"ES ACTIVO\":1,\"FECHA INGRESO DEL EMPLEADO\":\"2024-06-12\",\"FECHA BAJA\":null,\"TIPO EMPLEADO ID_RAW\":\"2\",\"TIPO EMPLEADO\":\"INDETERMINADO\",\"DEPARTAMENTO ID_RAW\":\"HP9\",\"DEPARTAMENTO EMPLEADO\":\"FABRICACION\",\"PUESTO DEL EMPLEADO ID_RAW\":\"HP85\",\"PUESTO DEL EMPLEADO\":\"OPERADOR D\",\"IDENTIFICADOR CENTRO TRABAJO EMPLEADO_RAW\":\"3000\",\"CENTRO TRABAJO EMPLEADO\":\"SAN MATEO-HEPTAPHARMA\",\"JEFE INMEDIATO EMPLEADO\":\"SALVADOR MELO REYES\",\"SALARIO DIARIO EMPLEADO\":4981.1400000000003274180926382541656494140625,\"SALARIO MENSUAL EMPLEADO\":149445.1799999999930150806903839111328125}', 'update', 'OK', '2025-12-22 13:34:24');
INSERT INTO `nomina_import_detalle` VALUES (761, 66, '3407', 'VAAA961130', '{\"NOMBRE DE EMPRESA\":\"HEPTAPHARMA S.A. DE C.V.\",\"NUMERO EMPLEADO\":\"3407\",\"APELLIDO PATERNO EMPLEADO\":\"VALDEZ\",\"APELLIDO MATERNO EMPLEADO\":\"AGUIRRE\",\"NOMBRES DEL EMPLEADO\":\"ANDREA BERENICE\",\"RFC EMPLEADO_RAW\":\"VAAA-961130-VC0\",\"RFC_BASE\":\"VAAA961130\",\"NO. CURP EMPLEADO\":\"VAAA961130MMCLGN07\",\"ES ACTIVO_RAW\":\"ACTIVO\",\"ES ACTIVO\":1,\"FECHA INGRESO DEL EMPLEADO\":\"2024-06-12\",\"FECHA BAJA\":null,\"TIPO EMPLEADO ID_RAW\":\"2\",\"TIPO EMPLEADO\":\"INDETERMINADO\",\"DEPARTAMENTO ID_RAW\":\"HP9\",\"DEPARTAMENTO EMPLEADO\":\"FABRICACION\",\"PUESTO DEL EMPLEADO ID_RAW\":\"HP81\",\"PUESTO DEL EMPLEADO\":\"AYUDANTE GENERAL\",\"IDENTIFICADOR CENTRO TRABAJO EMPLEADO_RAW\":\"3000\",\"CENTRO TRABAJO EMPLEADO\":\"SAN MATEO-HEPTAPHARMA\",\"JEFE INMEDIATO EMPLEADO\":\"SALVADOR MELO REYES\",\"SALARIO DIARIO EMPLEADO\":4981.1400000000003274180926382541656494140625,\"SALARIO MENSUAL EMPLEADO\":149445.1799999999930150806903839111328125}', 'update', 'OK', '2025-12-22 13:34:24');
INSERT INTO `nomina_import_detalle` VALUES (762, 66, '3409', 'MEEJ970128', '{\"NOMBRE DE EMPRESA\":\"HEPTAPHARMA S.A. DE C.V.\",\"NUMERO EMPLEADO\":\"3409\",\"APELLIDO PATERNO EMPLEADO\":\"MENDEZ\",\"APELLIDO MATERNO EMPLEADO\":\"ESCUTIA\",\"NOMBRES DEL EMPLEADO\":\"JULIANA\",\"RFC EMPLEADO_RAW\":\"MEEJ-970128-635\",\"RFC_BASE\":\"MEEJ970128\",\"NO. CURP EMPLEADO\":\"MEEJ970128MMCNSL01\",\"ES ACTIVO_RAW\":\"ACTIVO\",\"ES ACTIVO\":1,\"FECHA INGRESO DEL EMPLEADO\":\"2024-06-14\",\"FECHA BAJA\":null,\"TIPO EMPLEADO ID_RAW\":\"2\",\"TIPO EMPLEADO\":\"INDETERMINADO\",\"DEPARTAMENTO ID_RAW\":\"HP9\",\"DEPARTAMENTO EMPLEADO\":\"FABRICACION\",\"PUESTO DEL EMPLEADO ID_RAW\":\"HP85\",\"PUESTO DEL EMPLEADO\":\"OPERADOR D\",\"IDENTIFICADOR CENTRO TRABAJO EMPLEADO_RAW\":\"3000\",\"CENTRO TRABAJO EMPLEADO\":\"SAN MATEO-HEPTAPHARMA\",\"JEFE INMEDIATO EMPLEADO\":\"SALVADOR MELO REYES\",\"SALARIO DIARIO EMPLEADO\":4981.1400000000003274180926382541656494140625,\"SALARIO MENSUAL EMPLEADO\":149445.1799999999930150806903839111328125}', 'update', 'OK', '2025-12-22 13:34:24');
INSERT INTO `nomina_import_detalle` VALUES (763, 66, '3412', 'BERM680315', '{\"NOMBRE DE EMPRESA\":\"HEPTAPHARMA S.A. DE C.V.\",\"NUMERO EMPLEADO\":\"3412\",\"APELLIDO PATERNO EMPLEADO\":\"BENITEZ\",\"APELLIDO MATERNO EMPLEADO\":\"RESENDIZ\",\"NOMBRES DEL EMPLEADO\":\"MERCEDES SANDRA\",\"RFC EMPLEADO_RAW\":\"BERM-680315-HM5\",\"RFC_BASE\":\"BERM680315\",\"NO. CURP EMPLEADO\":\"BERM680315MDFNSR08\",\"ES ACTIVO_RAW\":\"ACTIVO\",\"ES ACTIVO\":1,\"FECHA INGRESO DEL EMPLEADO\":\"2024-06-14\",\"FECHA BAJA\":null,\"TIPO EMPLEADO ID_RAW\":\"2\",\"TIPO EMPLEADO\":\"INDETERMINADO\",\"DEPARTAMENTO ID_RAW\":\"HP9\",\"DEPARTAMENTO EMPLEADO\":\"FABRICACION\",\"PUESTO DEL EMPLEADO ID_RAW\":\"HP81\",\"PUESTO DEL EMPLEADO\":\"AYUDANTE GENERAL\",\"IDENTIFICADOR CENTRO TRABAJO EMPLEADO_RAW\":\"3000\",\"CENTRO TRABAJO EMPLEADO\":\"SAN MATEO-HEPTAPHARMA\",\"JEFE INMEDIATO EMPLEADO\":\"SALVADOR MELO REYES\",\"SALARIO DIARIO EMPLEADO\":4981.1400000000003274180926382541656494140625,\"SALARIO MENSUAL EMPLEADO\":149445.1799999999930150806903839111328125}', 'update', 'OK', '2025-12-22 13:34:24');
INSERT INTO `nomina_import_detalle` VALUES (764, 66, '3418', 'DIRD970430', '{\"NOMBRE DE EMPRESA\":\"HEPTAPHARMA S.A. DE C.V.\",\"NUMERO EMPLEADO\":\"3418\",\"APELLIDO PATERNO EMPLEADO\":\"DIAZ\",\"APELLIDO MATERNO EMPLEADO\":\"RAMIREZ\",\"NOMBRES DEL EMPLEADO\":\"DOMINIC\",\"RFC EMPLEADO_RAW\":\"DIRD-970430-UK1\",\"RFC_BASE\":\"DIRD970430\",\"NO. CURP EMPLEADO\":\"DIRD970430MMCZMM00\",\"ES ACTIVO_RAW\":\"ACTIVO\",\"ES ACTIVO\":1,\"FECHA INGRESO DEL EMPLEADO\":\"2024-06-19\",\"FECHA BAJA\":null,\"TIPO EMPLEADO ID_RAW\":\"2\",\"TIPO EMPLEADO\":\"INDETERMINADO\",\"DEPARTAMENTO ID_RAW\":\"HP9\",\"DEPARTAMENTO EMPLEADO\":\"FABRICACION\",\"PUESTO DEL EMPLEADO ID_RAW\":\"HP81\",\"PUESTO DEL EMPLEADO\":\"AYUDANTE GENERAL\",\"IDENTIFICADOR CENTRO TRABAJO EMPLEADO_RAW\":\"3000\",\"CENTRO TRABAJO EMPLEADO\":\"SAN MATEO-HEPTAPHARMA\",\"JEFE INMEDIATO EMPLEADO\":\"SALVADOR MELO REYES\",\"SALARIO DIARIO EMPLEADO\":4981.149999999999636202119290828704833984375,\"SALARIO MENSUAL EMPLEADO\":149445.1799999999930150806903839111328125}', 'update', 'OK', '2025-12-22 13:34:24');
INSERT INTO `nomina_import_detalle` VALUES (765, 66, '3424', 'CACM950310', '{\"NOMBRE DE EMPRESA\":\"HEPTAPHARMA S.A. DE C.V.\",\"NUMERO EMPLEADO\":\"3424\",\"APELLIDO PATERNO EMPLEADO\":\"CARRETO\",\"APELLIDO MATERNO EMPLEADO\":\"CORTES\",\"NOMBRES DEL EMPLEADO\":\"MARIANA\",\"RFC EMPLEADO_RAW\":\"CACM-950310-Q56\",\"RFC_BASE\":\"CACM950310\",\"NO. CURP EMPLEADO\":\"CACM950310MPLRRR08\",\"ES ACTIVO_RAW\":\"ACTIVO\",\"ES ACTIVO\":1,\"FECHA INGRESO DEL EMPLEADO\":\"2024-06-24\",\"FECHA BAJA\":null,\"TIPO EMPLEADO ID_RAW\":\"2\",\"TIPO EMPLEADO\":\"INDETERMINADO\",\"DEPARTAMENTO ID_RAW\":\"HP6\",\"DEPARTAMENTO EMPLEADO\":\"VALIDACION\",\"PUESTO DEL EMPLEADO ID_RAW\":\"HP9\",\"PUESTO DEL EMPLEADO\":\"ANALISTA DE VALIDACION\",\"IDENTIFICADOR CENTRO TRABAJO EMPLEADO_RAW\":\"3000\",\"CENTRO TRABAJO EMPLEADO\":\"SAN MATEO-HEPTAPHARMA\",\"JEFE INMEDIATO EMPLEADO\":\"VIOLETA RAMIREZ TREJO\",\"SALARIO DIARIO EMPLEADO\":4981.149999999999636202119290828704833984375,\"SALARIO MENSUAL EMPLEADO\":149445.1799999999930150806903839111328125}', 'update', 'OK', '2025-12-22 13:34:24');
INSERT INTO `nomina_import_detalle` VALUES (766, 66, '3426', 'VAAA910726', '{\"NOMBRE DE EMPRESA\":\"HEPTAPHARMA S.A. DE C.V.\",\"NUMERO EMPLEADO\":\"3426\",\"APELLIDO PATERNO EMPLEADO\":\"VALDEZ\",\"APELLIDO MATERNO EMPLEADO\":\"AGUIRRE\",\"NOMBRES DEL EMPLEADO\":\"ANA LUISA\",\"RFC EMPLEADO_RAW\":\"VAAA-910726-TI8\",\"RFC_BASE\":\"VAAA910726\",\"NO. CURP EMPLEADO\":\"VAAA910726MMCLGN04\",\"ES ACTIVO_RAW\":\"ACTIVO\",\"ES ACTIVO\":1,\"FECHA INGRESO DEL EMPLEADO\":\"2024-07-05\",\"FECHA BAJA\":null,\"TIPO EMPLEADO ID_RAW\":\"2\",\"TIPO EMPLEADO\":\"INDETERMINADO\",\"DEPARTAMENTO ID_RAW\":\"HP9\",\"DEPARTAMENTO EMPLEADO\":\"FABRICACION\",\"PUESTO DEL EMPLEADO ID_RAW\":\"HP81\",\"PUESTO DEL EMPLEADO\":\"AYUDANTE GENERAL\",\"IDENTIFICADOR CENTRO TRABAJO EMPLEADO_RAW\":\"3000\",\"CENTRO TRABAJO EMPLEADO\":\"SAN MATEO-HEPTAPHARMA\",\"JEFE INMEDIATO EMPLEADO\":\"SALVADOR MELO REYES\",\"SALARIO DIARIO EMPLEADO\":4981.149999999999636202119290828704833984375,\"SALARIO MENSUAL EMPLEADO\":149445.1799999999930150806903839111328125}', 'update', 'OK', '2025-12-22 13:34:25');
INSERT INTO `nomina_import_detalle` VALUES (767, 66, '3427', 'COVE881126', '{\"NOMBRE DE EMPRESA\":\"HEPTAPHARMA S.A. DE C.V.\",\"NUMERO EMPLEADO\":\"3427\",\"APELLIDO PATERNO EMPLEADO\":\"CORRAL\",\"APELLIDO MATERNO EMPLEADO\":\"VENTOLERO\",\"NOMBRES DEL EMPLEADO\":\"MARIA ELENA\",\"RFC EMPLEADO_RAW\":\"COVE-881126-N69\",\"RFC_BASE\":\"COVE881126\",\"NO. CURP EMPLEADO\":\"COVE881126MMCRNL07\",\"ES ACTIVO_RAW\":\"ACTIVO\",\"ES ACTIVO\":1,\"FECHA INGRESO DEL EMPLEADO\":\"2024-07-05\",\"FECHA BAJA\":null,\"TIPO EMPLEADO ID_RAW\":\"2\",\"TIPO EMPLEADO\":\"INDETERMINADO\",\"DEPARTAMENTO ID_RAW\":\"HP9\",\"DEPARTAMENTO EMPLEADO\":\"FABRICACION\",\"PUESTO DEL EMPLEADO ID_RAW\":\"HP82\",\"PUESTO DEL EMPLEADO\":\"OPERADOR A\",\"IDENTIFICADOR CENTRO TRABAJO EMPLEADO_RAW\":\"3000\",\"CENTRO TRABAJO EMPLEADO\":\"SAN MATEO-HEPTAPHARMA\",\"JEFE INMEDIATO EMPLEADO\":\"SALVADOR MELO REYES\",\"SALARIO DIARIO EMPLEADO\":4981.149999999999636202119290828704833984375,\"SALARIO MENSUAL EMPLEADO\":149445.1799999999930150806903839111328125}', 'update', 'OK', '2025-12-22 13:34:25');
INSERT INTO `nomina_import_detalle` VALUES (768, 66, '3429', 'GOFY950517', '{\"NOMBRE DE EMPRESA\":\"HEPTAPHARMA S.A. DE C.V.\",\"NUMERO EMPLEADO\":\"3429\",\"APELLIDO PATERNO EMPLEADO\":\"GONZALEZ\",\"APELLIDO MATERNO EMPLEADO\":\"FLORES\",\"NOMBRES DEL EMPLEADO\":\"YESENIA GUADALUPE\",\"RFC EMPLEADO_RAW\":\"GOFY-950517-194\",\"RFC_BASE\":\"GOFY950517\",\"NO. CURP EMPLEADO\":\"GOFY950517MMCNLS05\",\"ES ACTIVO_RAW\":\"ACTIVO\",\"ES ACTIVO\":1,\"FECHA INGRESO DEL EMPLEADO\":\"2024-07-08\",\"FECHA BAJA\":null,\"TIPO EMPLEADO ID_RAW\":\"2\",\"TIPO EMPLEADO\":\"INDETERMINADO\",\"DEPARTAMENTO ID_RAW\":\"HP5\",\"DEPARTAMENTO EMPLEADO\":\"CONTROL DE CALIDAD\",\"PUESTO DEL EMPLEADO ID_RAW\":\"HP4\",\"PUESTO DEL EMPLEADO\":\"ANALISTA DE DOCUMENTACION\",\"IDENTIFICADOR CENTRO TRABAJO EMPLEADO_RAW\":\"3000\",\"CENTRO TRABAJO EMPLEADO\":\"SAN MATEO-HEPTAPHARMA\",\"JEFE INMEDIATO EMPLEADO\":\"VIOLETA RAMIREZ TREJO\",\"SALARIO DIARIO EMPLEADO\":4981.149999999999636202119290828704833984375,\"SALARIO MENSUAL EMPLEADO\":149445.1900000000023283064365386962890625}', 'update', 'OK', '2025-12-22 13:34:25');
INSERT INTO `nomina_import_detalle` VALUES (769, 66, '3430', 'PORN980523', '{\"NOMBRE DE EMPRESA\":\"HEPTAPHARMA S.A. DE C.V.\",\"NUMERO EMPLEADO\":\"3430\",\"APELLIDO PATERNO EMPLEADO\":\"PORCAYO\",\"APELLIDO MATERNO EMPLEADO\":\"RODRIGUEZ\",\"NOMBRES DEL EMPLEADO\":\"NOEL ALBERTO\",\"RFC EMPLEADO_RAW\":\"PORN-980523-5F1\",\"RFC_BASE\":\"PORN980523\",\"NO. CURP EMPLEADO\":\"PORN980523HMCRDL05\",\"ES ACTIVO_RAW\":\"ACTIVO\",\"ES ACTIVO\":1,\"FECHA INGRESO DEL EMPLEADO\":\"2024-07-08\",\"FECHA BAJA\":null,\"TIPO EMPLEADO ID_RAW\":\"2\",\"TIPO EMPLEADO\":\"INDETERMINADO\",\"DEPARTAMENTO ID_RAW\":\"HP7\",\"DEPARTAMENTO EMPLEADO\":\"MANTENIMIENTO\",\"PUESTO DEL EMPLEADO ID_RAW\":\"HP52\",\"PUESTO DEL EMPLEADO\":\"TECNICO DE AREAS ASEPTICAS\",\"IDENTIFICADOR CENTRO TRABAJO EMPLEADO_RAW\":\"3000\",\"CENTRO TRABAJO EMPLEADO\":\"SAN MATEO-HEPTAPHARMA\",\"JEFE INMEDIATO EMPLEADO\":\"EDUARDO RODRIGUEZ RAYON\",\"SALARIO DIARIO EMPLEADO\":4981.149999999999636202119290828704833984375,\"SALARIO MENSUAL EMPLEADO\":149445.1900000000023283064365386962890625}', 'update', 'OK', '2025-12-22 13:34:25');
INSERT INTO `nomina_import_detalle` VALUES (770, 66, '3437', 'TEGA750122', '{\"NOMBRE DE EMPRESA\":\"HEPTAPHARMA S.A. DE C.V.\",\"NUMERO EMPLEADO\":\"3437\",\"APELLIDO PATERNO EMPLEADO\":\"TERCERO\",\"APELLIDO MATERNO EMPLEADO\":\"GUERRERO\",\"NOMBRES DEL EMPLEADO\":\"MARIA ALICIA\",\"RFC EMPLEADO_RAW\":\"TEGA-750122-AU3\",\"RFC_BASE\":\"TEGA750122\",\"NO. CURP EMPLEADO\":\"TEGA750122MMCRRL07\",\"ES ACTIVO_RAW\":\"ACTIVO\",\"ES ACTIVO\":1,\"FECHA INGRESO DEL EMPLEADO\":\"2024-07-12\",\"FECHA BAJA\":null,\"TIPO EMPLEADO ID_RAW\":\"2\",\"TIPO EMPLEADO\":\"INDETERMINADO\",\"DEPARTAMENTO ID_RAW\":\"HP9\",\"DEPARTAMENTO EMPLEADO\":\"FABRICACION\",\"PUESTO DEL EMPLEADO ID_RAW\":\"HP84\",\"PUESTO DEL EMPLEADO\":\"OPERADOR C\",\"IDENTIFICADOR CENTRO TRABAJO EMPLEADO_RAW\":\"3000\",\"CENTRO TRABAJO EMPLEADO\":\"SAN MATEO-HEPTAPHARMA\",\"JEFE INMEDIATO EMPLEADO\":\"SALVADOR MELO REYES\",\"SALARIO DIARIO EMPLEADO\":4981.149999999999636202119290828704833984375,\"SALARIO MENSUAL EMPLEADO\":149445.1900000000023283064365386962890625}', 'update', 'OK', '2025-12-22 13:34:25');
INSERT INTO `nomina_import_detalle` VALUES (771, 66, '3438', 'GAOF780115', '{\"NOMBRE DE EMPRESA\":\"HEPTAPHARMA S.A. DE C.V.\",\"NUMERO EMPLEADO\":\"3438\",\"APELLIDO PATERNO EMPLEADO\":\"GARCIA\",\"APELLIDO MATERNO EMPLEADO\":\"ORTIZ\",\"NOMBRES DEL EMPLEADO\":\"FABIOLA\",\"RFC EMPLEADO_RAW\":\"GAOF-780115-K24\",\"RFC_BASE\":\"GAOF780115\",\"NO. CURP EMPLEADO\":\"GAOF780115MMCRRB02\",\"ES ACTIVO_RAW\":\"ACTIVO\",\"ES ACTIVO\":1,\"FECHA INGRESO DEL EMPLEADO\":\"2024-07-12\",\"FECHA BAJA\":null,\"TIPO EMPLEADO ID_RAW\":\"2\",\"TIPO EMPLEADO\":\"INDETERMINADO\",\"DEPARTAMENTO ID_RAW\":\"HP9\",\"DEPARTAMENTO EMPLEADO\":\"FABRICACION\",\"PUESTO DEL EMPLEADO ID_RAW\":\"HP81\",\"PUESTO DEL EMPLEADO\":\"AYUDANTE GENERAL\",\"IDENTIFICADOR CENTRO TRABAJO EMPLEADO_RAW\":\"3000\",\"CENTRO TRABAJO EMPLEADO\":\"SAN MATEO-HEPTAPHARMA\",\"JEFE INMEDIATO EMPLEADO\":\"SALVADOR MELO REYES\",\"SALARIO DIARIO EMPLEADO\":4981.149999999999636202119290828704833984375,\"SALARIO MENSUAL EMPLEADO\":149445.1900000000023283064365386962890625}', 'update', 'OK', '2025-12-22 13:34:25');
INSERT INTO `nomina_import_detalle` VALUES (772, 66, '3442', 'MAMM820722', '{\"NOMBRE DE EMPRESA\":\"HEPTAPHARMA S.A. DE C.V.\",\"NUMERO EMPLEADO\":\"3442\",\"APELLIDO PATERNO EMPLEADO\":\"MATIAS\",\"APELLIDO MATERNO EMPLEADO\":\"MARTINEZ\",\"NOMBRES DEL EMPLEADO\":\"MIREYA\",\"RFC EMPLEADO_RAW\":\"MAMM-820722-52A\",\"RFC_BASE\":\"MAMM820722\",\"NO. CURP EMPLEADO\":\"MAMM820722MMCTRR01\",\"ES ACTIVO_RAW\":\"ACTIVO\",\"ES ACTIVO\":1,\"FECHA INGRESO DEL EMPLEADO\":\"2024-07-17\",\"FECHA BAJA\":null,\"TIPO EMPLEADO ID_RAW\":\"2\",\"TIPO EMPLEADO\":\"INDETERMINADO\",\"DEPARTAMENTO ID_RAW\":\"HP9\",\"DEPARTAMENTO EMPLEADO\":\"FABRICACION\",\"PUESTO DEL EMPLEADO ID_RAW\":\"HP81\",\"PUESTO DEL EMPLEADO\":\"AYUDANTE GENERAL\",\"IDENTIFICADOR CENTRO TRABAJO EMPLEADO_RAW\":\"3000\",\"CENTRO TRABAJO EMPLEADO\":\"SAN MATEO-HEPTAPHARMA\",\"JEFE INMEDIATO EMPLEADO\":\"SALVADOR MELO REYES\",\"SALARIO DIARIO EMPLEADO\":4981.149999999999636202119290828704833984375,\"SALARIO MENSUAL EMPLEADO\":149445.1900000000023283064365386962890625}', 'update', 'OK', '2025-12-22 13:34:25');
INSERT INTO `nomina_import_detalle` VALUES (773, 66, '3446', 'GAME831229', '{\"NOMBRE DE EMPRESA\":\"HEPTAPHARMA S.A. DE C.V.\",\"NUMERO EMPLEADO\":\"3446\",\"APELLIDO PATERNO EMPLEADO\":\"GARCIA\",\"APELLIDO MATERNO EMPLEADO\":\"MALAGON\",\"NOMBRES DEL EMPLEADO\":\"MARIA ESTHER\",\"RFC EMPLEADO_RAW\":\"GAME-831229-R29\",\"RFC_BASE\":\"GAME831229\",\"NO. CURP EMPLEADO\":\"GAME831229MDFRLS06\",\"ES ACTIVO_RAW\":\"ACTIVO\",\"ES ACTIVO\":1,\"FECHA INGRESO DEL EMPLEADO\":\"2024-07-24\",\"FECHA BAJA\":null,\"TIPO EMPLEADO ID_RAW\":\"2\",\"TIPO EMPLEADO\":\"INDETERMINADO\",\"DEPARTAMENTO ID_RAW\":\"HP5\",\"DEPARTAMENTO EMPLEADO\":\"CONTROL DE CALIDAD\",\"PUESTO DEL EMPLEADO ID_RAW\":\"HP13\",\"PUESTO DEL EMPLEADO\":\"AUXILIAR DE LABORATORIO\",\"IDENTIFICADOR CENTRO TRABAJO EMPLEADO_RAW\":\"3000\",\"CENTRO TRABAJO EMPLEADO\":\"SAN MATEO-HEPTAPHARMA\",\"JEFE INMEDIATO EMPLEADO\":\"VIOLETA RAMIREZ TREJO\",\"SALARIO DIARIO EMPLEADO\":4981.149999999999636202119290828704833984375,\"SALARIO MENSUAL EMPLEADO\":149445.1900000000023283064365386962890625}', 'update', 'OK', '2025-12-22 13:34:25');
INSERT INTO `nomina_import_detalle` VALUES (774, 66, '3447', 'RIVM971219', '{\"NOMBRE DE EMPRESA\":\"HEPTAPHARMA S.A. DE C.V.\",\"NUMERO EMPLEADO\":\"3447\",\"APELLIDO PATERNO EMPLEADO\":\"RIOS\",\"APELLIDO MATERNO EMPLEADO\":\"VILLAZANA\",\"NOMBRES DEL EMPLEADO\":\"MITZI PAOLA\",\"RFC EMPLEADO_RAW\":\"RIVM-971219-N28\",\"RFC_BASE\":\"RIVM971219\",\"NO. CURP EMPLEADO\":\"RIVM971219MDFSLT00\",\"ES ACTIVO_RAW\":\"ACTIVO\",\"ES ACTIVO\":1,\"FECHA INGRESO DEL EMPLEADO\":\"2024-07-31\",\"FECHA BAJA\":null,\"TIPO EMPLEADO ID_RAW\":\"2\",\"TIPO EMPLEADO\":\"INDETERMINADO\",\"DEPARTAMENTO ID_RAW\":\"HP7\",\"DEPARTAMENTO EMPLEADO\":\"MANTENIMIENTO\",\"PUESTO DEL EMPLEADO ID_RAW\":\"HP77\",\"PUESTO DEL EMPLEADO\":\"TECNICO DE DOCUMENTACION\",\"IDENTIFICADOR CENTRO TRABAJO EMPLEADO_RAW\":\"3000\",\"CENTRO TRABAJO EMPLEADO\":\"SAN MATEO-HEPTAPHARMA\",\"JEFE INMEDIATO EMPLEADO\":\"EDUARDO RODRIGUEZ RAYON\",\"SALARIO DIARIO EMPLEADO\":4981.15999999999985448084771633148193359375,\"SALARIO MENSUAL EMPLEADO\":149445.1900000000023283064365386962890625}', 'update', 'OK', '2025-12-22 13:34:25');
INSERT INTO `nomina_import_detalle` VALUES (775, 66, '3449', 'FOOJ901028', '{\"NOMBRE DE EMPRESA\":\"HEPTAPHARMA S.A. DE C.V.\",\"NUMERO EMPLEADO\":\"3449\",\"APELLIDO PATERNO EMPLEADO\":\"FLORES\",\"APELLIDO MATERNO EMPLEADO\":\"OSORIO\",\"NOMBRES DEL EMPLEADO\":\"JAVIER\",\"RFC EMPLEADO_RAW\":\"FOOJ-901028-SF3\",\"RFC_BASE\":\"FOOJ901028\",\"NO. CURP EMPLEADO\":\"FOOJ901028HDFLSV06\",\"ES ACTIVO_RAW\":\"ACTIVO\",\"ES ACTIVO\":1,\"FECHA INGRESO DEL EMPLEADO\":\"2024-08-02\",\"FECHA BAJA\":null,\"TIPO EMPLEADO ID_RAW\":\"2\",\"TIPO EMPLEADO\":\"INDETERMINADO\",\"DEPARTAMENTO ID_RAW\":\"HP11\",\"DEPARTAMENTO EMPLEADO\":\"ASUNTOS REGULATORIOS\",\"PUESTO DEL EMPLEADO ID_RAW\":\"HP66\",\"PUESTO DEL EMPLEADO\":\"QUIMICO DE FARMACOVIGILANCIA\",\"IDENTIFICADOR CENTRO TRABAJO EMPLEADO_RAW\":\"3000\",\"CENTRO TRABAJO EMPLEADO\":\"SAN MATEO-HEPTAPHARMA\",\"JEFE INMEDIATO EMPLEADO\":\"VIOLETA RAMIREZ TREJO\",\"SALARIO DIARIO EMPLEADO\":4981.15999999999985448084771633148193359375,\"SALARIO MENSUAL EMPLEADO\":149445.1900000000023283064365386962890625}', 'update', 'OK', '2025-12-22 13:34:26');
INSERT INTO `nomina_import_detalle` VALUES (776, 66, '3450', 'SIMF940126', '{\"NOMBRE DE EMPRESA\":\"HEPTAPHARMA S.A. DE C.V.\",\"NUMERO EMPLEADO\":\"3450\",\"APELLIDO PATERNO EMPLEADO\":\"SIMG\",\"APELLIDO MATERNO EMPLEADO\":\"MENDOZA\",\"NOMBRES DEL EMPLEADO\":\"FATIMA PATRICIA\",\"RFC EMPLEADO_RAW\":\"SIMF-940126-D78\",\"RFC_BASE\":\"SIMF940126\",\"NO. CURP EMPLEADO\":\"SIMF940126MMCMNT08\",\"ES ACTIVO_RAW\":\"ACTIVO\",\"ES ACTIVO\":1,\"FECHA INGRESO DEL EMPLEADO\":\"2024-08-05\",\"FECHA BAJA\":null,\"TIPO EMPLEADO ID_RAW\":\"2\",\"TIPO EMPLEADO\":\"INDETERMINADO\",\"DEPARTAMENTO ID_RAW\":\"HP4\",\"DEPARTAMENTO EMPLEADO\":\"ASEGURAMIENTO DE CALIDAD\",\"PUESTO DEL EMPLEADO ID_RAW\":\"HP27\",\"PUESTO DEL EMPLEADO\":\"JEFE DE ASEGURAMIENTO DE CALIDAD\",\"IDENTIFICADOR CENTRO TRABAJO EMPLEADO_RAW\":\"3000\",\"CENTRO TRABAJO EMPLEADO\":\"SAN MATEO-HEPTAPHARMA\",\"JEFE INMEDIATO EMPLEADO\":\"VIOLETA RAMIREZ TREJO\",\"SALARIO DIARIO EMPLEADO\":4981.15999999999985448084771633148193359375,\"SALARIO MENSUAL EMPLEADO\":149445.1900000000023283064365386962890625}', 'update', 'OK', '2025-12-22 13:34:26');
INSERT INTO `nomina_import_detalle` VALUES (777, 66, '3451', 'GARJ991020', '{\"NOMBRE DE EMPRESA\":\"HEPTAPHARMA S.A. DE C.V.\",\"NUMERO EMPLEADO\":\"3451\",\"APELLIDO PATERNO EMPLEADO\":\"GARCIA\",\"APELLIDO MATERNO EMPLEADO\":\"ROSALES\",\"NOMBRES DEL EMPLEADO\":\"JAIME NICOLAS\",\"RFC EMPLEADO_RAW\":\"GARJ-991020-SE0\",\"RFC_BASE\":\"GARJ991020\",\"NO. CURP EMPLEADO\":\"GARJ991020HMCRSM00\",\"ES ACTIVO_RAW\":\"ACTIVO\",\"ES ACTIVO\":1,\"FECHA INGRESO DEL EMPLEADO\":\"2024-08-05\",\"FECHA BAJA\":null,\"TIPO EMPLEADO ID_RAW\":\"2\",\"TIPO EMPLEADO\":\"INDETERMINADO\",\"DEPARTAMENTO ID_RAW\":\"HP5\",\"DEPARTAMENTO EMPLEADO\":\"CONTROL DE CALIDAD\",\"PUESTO DEL EMPLEADO ID_RAW\":\"HP4\",\"PUESTO DEL EMPLEADO\":\"ANALISTA DE DOCUMENTACION\",\"IDENTIFICADOR CENTRO TRABAJO EMPLEADO_RAW\":\"3000\",\"CENTRO TRABAJO EMPLEADO\":\"SAN MATEO-HEPTAPHARMA\",\"JEFE INMEDIATO EMPLEADO\":\"VIOLETA RAMIREZ TREJO\",\"SALARIO DIARIO EMPLEADO\":4981.15999999999985448084771633148193359375,\"SALARIO MENSUAL EMPLEADO\":149445.1900000000023283064365386962890625}', 'update', 'OK', '2025-12-22 13:34:26');
INSERT INTO `nomina_import_detalle` VALUES (778, 66, '0004', 'GADE760221', '{\"NOMBRE DE EMPRESA\":\"ALUTUB S.A. DE C.V.\",\"NUMERO EMPLEADO\":\"0004\",\"APELLIDO PATERNO EMPLEADO\":\"GARCIA\",\"APELLIDO MATERNO EMPLEADO\":\"DURAN\",\"NOMBRES DEL EMPLEADO\":\"ESMERALDA\",\"RFC EMPLEADO_RAW\":\"GADE-760221-3R1\",\"RFC_BASE\":\"GADE760221\",\"NO. CURP EMPLEADO\":\"GADE760221MMCRRS06\",\"ES ACTIVO_RAW\":\"ACTIVO\",\"ES ACTIVO\":1,\"FECHA INGRESO DEL EMPLEADO\":\"2018-09-18\",\"FECHA BAJA\":null,\"TIPO EMPLEADO ID_RAW\":\"2\",\"TIPO EMPLEADO\":\"INDETERMINADO\",\"DEPARTAMENTO ID_RAW\":\"AL2\",\"DEPARTAMENTO EMPLEADO\":\"COMPRAS\",\"PUESTO DEL EMPLEADO ID_RAW\":\"AL2\",\"PUESTO DEL EMPLEADO\":\"JEFE DE COMPRAS\",\"IDENTIFICADOR CENTRO TRABAJO EMPLEADO_RAW\":\"4000\",\"CENTRO TRABAJO EMPLEADO\":\"SAN MATEO-ALUTUB\",\"JEFE INMEDIATO EMPLEADO\":\"BENILDE MARIA GONZALEZ FERNANDEZ\",\"SALARIO DIARIO EMPLEADO\":4981.34000000000014551915228366851806640625,\"SALARIO MENSUAL EMPLEADO\":149445.369999999995343387126922607421875}', 'update', 'OK', '2025-12-22 13:34:26');
INSERT INTO `nomina_import_detalle` VALUES (779, 66, '0011', 'REBJ850406', '{\"NOMBRE DE EMPRESA\":\"ALUTUB S.A. DE C.V.\",\"NUMERO EMPLEADO\":\"0011\",\"APELLIDO PATERNO EMPLEADO\":\"REYES\",\"APELLIDO MATERNO EMPLEADO\":\"BARRETERO\",\"NOMBRES DEL EMPLEADO\":\"JUAN CARLOS\",\"RFC EMPLEADO_RAW\":\"REBJ-850406-P83\",\"RFC_BASE\":\"REBJ850406\",\"NO. CURP EMPLEADO\":\"REBJ850406HMCYRN04\",\"ES ACTIVO_RAW\":\"ACTIVO\",\"ES ACTIVO\":1,\"FECHA INGRESO DEL EMPLEADO\":\"2016-03-16\",\"FECHA BAJA\":null,\"TIPO EMPLEADO ID_RAW\":\"2\",\"TIPO EMPLEADO\":\"INDETERMINADO\",\"DEPARTAMENTO ID_RAW\":\"AL6\",\"DEPARTAMENTO EMPLEADO\":\"PRODUCCION\",\"PUESTO DEL EMPLEADO ID_RAW\":\"AL32\",\"PUESTO DEL EMPLEADO\":\"GERENTE DE PLANTA\",\"IDENTIFICADOR CENTRO TRABAJO EMPLEADO_RAW\":\"4000\",\"CENTRO TRABAJO EMPLEADO\":\"SAN MATEO-ALUTUB\",\"JEFE INMEDIATO EMPLEADO\":\"BENILDE MARIA GONZALEZ FERNANDEZ\",\"SALARIO DIARIO EMPLEADO\":4981.34000000000014551915228366851806640625,\"SALARIO MENSUAL EMPLEADO\":149445.380000000004656612873077392578125}', 'update', 'OK', '2025-12-22 13:34:26');
INSERT INTO `nomina_import_detalle` VALUES (780, 66, '0015', 'GOPR950222', '{\"NOMBRE DE EMPRESA\":\"ALUTUB S.A. DE C.V.\",\"NUMERO EMPLEADO\":\"0015\",\"APELLIDO PATERNO EMPLEADO\":\"GOMEZ\",\"APELLIDO MATERNO EMPLEADO\":\"PICHARDO\",\"NOMBRES DEL EMPLEADO\":\"RICARDO\",\"RFC EMPLEADO_RAW\":\"GOPR-950222-562\",\"RFC_BASE\":\"GOPR950222\",\"NO. CURP EMPLEADO\":\"GOPR950222HMCMCC04\",\"ES ACTIVO_RAW\":\"ACTIVO\",\"ES ACTIVO\":1,\"FECHA INGRESO DEL EMPLEADO\":\"2019-04-22\",\"FECHA BAJA\":null,\"TIPO EMPLEADO ID_RAW\":\"2\",\"TIPO EMPLEADO\":\"INDETERMINADO\",\"DEPARTAMENTO ID_RAW\":\"AL5\",\"DEPARTAMENTO EMPLEADO\":\"MANTENIMIENTO\",\"PUESTO DEL EMPLEADO ID_RAW\":\"AL6\",\"PUESTO DEL EMPLEADO\":\"JEFE DE MANTENIMIENTO\",\"IDENTIFICADOR CENTRO TRABAJO EMPLEADO_RAW\":\"4000\",\"CENTRO TRABAJO EMPLEADO\":\"SAN MATEO-ALUTUB\",\"JEFE INMEDIATO EMPLEADO\":\"JUAN CARLOS REYES BARRETERO\",\"SALARIO DIARIO EMPLEADO\":4981.34000000000014551915228366851806640625,\"SALARIO MENSUAL EMPLEADO\":149445.380000000004656612873077392578125}', 'update', 'OK', '2025-12-22 13:34:26');
INSERT INTO `nomina_import_detalle` VALUES (781, 66, '0016', 'VIGO991024', '{\"NOMBRE DE EMPRESA\":\"ALUTUB S.A. DE C.V.\",\"NUMERO EMPLEADO\":\"0016\",\"APELLIDO PATERNO EMPLEADO\":\"VILLANUEVA\",\"APELLIDO MATERNO EMPLEADO\":\"GOMEZ\",\"NOMBRES DEL EMPLEADO\":\"OSCAR\",\"RFC EMPLEADO_RAW\":\"VIGO-991024-R70\",\"RFC_BASE\":\"VIGO991024\",\"NO. CURP EMPLEADO\":\"VIGO991024HMCLMS04\",\"ES ACTIVO_RAW\":\"ACTIVO\",\"ES ACTIVO\":1,\"FECHA INGRESO DEL EMPLEADO\":\"2019-12-03\",\"FECHA BAJA\":null,\"TIPO EMPLEADO ID_RAW\":\"2\",\"TIPO EMPLEADO\":\"INDETERMINADO\",\"DEPARTAMENTO ID_RAW\":\"AL6\",\"DEPARTAMENTO EMPLEADO\":\"PRODUCCION\",\"PUESTO DEL EMPLEADO ID_RAW\":\"AL10\",\"PUESTO DEL EMPLEADO\":\"OPERADOR DE PRENSA\",\"IDENTIFICADOR CENTRO TRABAJO EMPLEADO_RAW\":\"4000\",\"CENTRO TRABAJO EMPLEADO\":\"SAN MATEO-ALUTUB\",\"JEFE INMEDIATO EMPLEADO\":\"JUAN CARLOS REYES BARRETERO\",\"SALARIO DIARIO EMPLEADO\":4981.34000000000014551915228366851806640625,\"SALARIO MENSUAL EMPLEADO\":149445.380000000004656612873077392578125}', 'update', 'OK', '2025-12-22 13:34:26');
INSERT INTO `nomina_import_detalle` VALUES (782, 66, '0022', 'TOAE921115', '{\"NOMBRE DE EMPRESA\":\"ALUTUB S.A. DE C.V.\",\"NUMERO EMPLEADO\":\"0022\",\"APELLIDO PATERNO EMPLEADO\":\"TORRES\",\"APELLIDO MATERNO EMPLEADO\":\"ALVAREZ\",\"NOMBRES DEL EMPLEADO\":\"EDGAR EVERARDO\",\"RFC EMPLEADO_RAW\":\"TOAE-921115-AUA\",\"RFC_BASE\":\"TOAE921115\",\"NO. CURP EMPLEADO\":\"TOAE921115HMCRLD00\",\"ES ACTIVO_RAW\":\"ACTIVO\",\"ES ACTIVO\":1,\"FECHA INGRESO DEL EMPLEADO\":\"2018-04-02\",\"FECHA BAJA\":null,\"TIPO EMPLEADO ID_RAW\":\"2\",\"TIPO EMPLEADO\":\"INDETERMINADO\",\"DEPARTAMENTO ID_RAW\":\"AL6\",\"DEPARTAMENTO EMPLEADO\":\"PRODUCCION\",\"PUESTO DEL EMPLEADO ID_RAW\":\"AL3\",\"PUESTO DEL EMPLEADO\":\"SUPERVISOR DE PRODUCCION\",\"IDENTIFICADOR CENTRO TRABAJO EMPLEADO_RAW\":\"4000\",\"CENTRO TRABAJO EMPLEADO\":\"SAN MATEO-ALUTUB\",\"JEFE INMEDIATO EMPLEADO\":\"JUAN CARLOS REYES BARRETERO\",\"SALARIO DIARIO EMPLEADO\":4981.34000000000014551915228366851806640625,\"SALARIO MENSUAL EMPLEADO\":149445.380000000004656612873077392578125}', 'update', 'OK', '2025-12-22 13:34:26');
INSERT INTO `nomina_import_detalle` VALUES (783, 66, '0023', 'AOAD830507', '{\"NOMBRE DE EMPRESA\":\"ALUTUB S.A. DE C.V.\",\"NUMERO EMPLEADO\":\"0023\",\"APELLIDO PATERNO EMPLEADO\":\"ANTONIO\",\"APELLIDO MATERNO EMPLEADO\":\"ALMEYDA\",\"NOMBRES DEL EMPLEADO\":\"DANIEL\",\"RFC EMPLEADO_RAW\":\"AOAD-830507-9W7\",\"RFC_BASE\":\"AOAD830507\",\"NO. CURP EMPLEADO\":\"AOAD830507HMCNLN01\",\"ES ACTIVO_RAW\":\"ACTIVO\",\"ES ACTIVO\":1,\"FECHA INGRESO DEL EMPLEADO\":\"2018-04-23\",\"FECHA BAJA\":null,\"TIPO EMPLEADO ID_RAW\":\"2\",\"TIPO EMPLEADO\":\"INDETERMINADO\",\"DEPARTAMENTO ID_RAW\":\"AL6\",\"DEPARTAMENTO EMPLEADO\":\"PRODUCCION\",\"PUESTO DEL EMPLEADO ID_RAW\":\"AL3\",\"PUESTO DEL EMPLEADO\":\"SUPERVISOR DE PRODUCCION\",\"IDENTIFICADOR CENTRO TRABAJO EMPLEADO_RAW\":\"4000\",\"CENTRO TRABAJO EMPLEADO\":\"SAN MATEO-ALUTUB\",\"JEFE INMEDIATO EMPLEADO\":\"JUAN CARLOS REYES BARRETERO\",\"SALARIO DIARIO EMPLEADO\":4981.34000000000014551915228366851806640625,\"SALARIO MENSUAL EMPLEADO\":149445.380000000004656612873077392578125}', 'update', 'OK', '2025-12-22 13:34:26');
INSERT INTO `nomina_import_detalle` VALUES (784, 66, '0024', 'JIPL790817', '{\"NOMBRE DE EMPRESA\":\"ALUTUB S.A. DE C.V.\",\"NUMERO EMPLEADO\":\"0024\",\"APELLIDO PATERNO EMPLEADO\":\"JIMENEZ\",\"APELLIDO MATERNO EMPLEADO\":\"PALMA\",\"NOMBRES DEL EMPLEADO\":\"JOSE LUIS\",\"RFC EMPLEADO_RAW\":\"JIPL-790817-EP7\",\"RFC_BASE\":\"JIPL790817\",\"NO. CURP EMPLEADO\":\"JIPL790817HMCMLS02\",\"ES ACTIVO_RAW\":\"ACTIVO\",\"ES ACTIVO\":1,\"FECHA INGRESO DEL EMPLEADO\":\"2019-03-13\",\"FECHA BAJA\":null,\"TIPO EMPLEADO ID_RAW\":\"2\",\"TIPO EMPLEADO\":\"INDETERMINADO\",\"DEPARTAMENTO ID_RAW\":\"AL6\",\"DEPARTAMENTO EMPLEADO\":\"PRODUCCION\",\"PUESTO DEL EMPLEADO ID_RAW\":\"AL10\",\"PUESTO DEL EMPLEADO\":\"OPERADOR DE PRENSA\",\"IDENTIFICADOR CENTRO TRABAJO EMPLEADO_RAW\":\"4000\",\"CENTRO TRABAJO EMPLEADO\":\"SAN MATEO-ALUTUB\",\"JEFE INMEDIATO EMPLEADO\":\"JUAN CARLOS REYES BARRETERO\",\"SALARIO DIARIO EMPLEADO\":4981.34000000000014551915228366851806640625,\"SALARIO MENSUAL EMPLEADO\":149445.380000000004656612873077392578125}', 'update', 'OK', '2025-12-22 13:34:26');
INSERT INTO `nomina_import_detalle` VALUES (785, 66, '0028', 'BASH820608', '{\"NOMBRE DE EMPRESA\":\"ALUTUB S.A. DE C.V.\",\"NUMERO EMPLEADO\":\"0028\",\"APELLIDO PATERNO EMPLEADO\":\"BAHENA\",\"APELLIDO MATERNO EMPLEADO\":\"SILVA\",\"NOMBRES DEL EMPLEADO\":\"HERALIA\",\"RFC EMPLEADO_RAW\":\"BASH-820608-KY7\",\"RFC_BASE\":\"BASH820608\",\"NO. CURP EMPLEADO\":\"BASH820608MGRHLR08\",\"ES ACTIVO_RAW\":\"ACTIVO\",\"ES ACTIVO\":1,\"FECHA INGRESO DEL EMPLEADO\":\"2018-11-13\",\"FECHA BAJA\":null,\"TIPO EMPLEADO ID_RAW\":\"2\",\"TIPO EMPLEADO\":\"INDETERMINADO\",\"DEPARTAMENTO ID_RAW\":\"AL13\",\"DEPARTAMENTO EMPLEADO\":\"CONTROL ESTADISTICO DE LA CALIDAD\",\"PUESTO DEL EMPLEADO ID_RAW\":\"AL29\",\"PUESTO DEL EMPLEADO\":\"REVISADOR DE PROCESO\",\"IDENTIFICADOR CENTRO TRABAJO EMPLEADO_RAW\":\"4000\",\"CENTRO TRABAJO EMPLEADO\":\"SAN MATEO-ALUTUB\",\"JEFE INMEDIATO EMPLEADO\":\"OMAR ANTONIO CASTAÑEDA JIMENEZ\",\"SALARIO DIARIO EMPLEADO\":4981.350000000000363797880709171295166015625,\"SALARIO MENSUAL EMPLEADO\":149445.380000000004656612873077392578125}', 'update', 'OK', '2025-12-22 13:34:27');
INSERT INTO `nomina_import_detalle` VALUES (786, 66, '0033', 'GOCJ880929', '{\"NOMBRE DE EMPRESA\":\"ALUTUB S.A. DE C.V.\",\"NUMERO EMPLEADO\":\"0033\",\"APELLIDO PATERNO EMPLEADO\":\"GONZALEZ\",\"APELLIDO MATERNO EMPLEADO\":\"CASTELLANOS\",\"NOMBRES DEL EMPLEADO\":\"JORGE FRANCISCO\",\"RFC EMPLEADO_RAW\":\"GOCJ-880929-2KA\",\"RFC_BASE\":\"GOCJ880929\",\"NO. CURP EMPLEADO\":\"GOCJ880929HDFNSR02\",\"ES ACTIVO_RAW\":\"ACTIVO\",\"ES ACTIVO\":1,\"FECHA INGRESO DEL EMPLEADO\":\"2020-03-17\",\"FECHA BAJA\":null,\"TIPO EMPLEADO ID_RAW\":\"2\",\"TIPO EMPLEADO\":\"INDETERMINADO\",\"DEPARTAMENTO ID_RAW\":\"AL13\",\"DEPARTAMENTO EMPLEADO\":\"CONTROL ESTADISTICO DE LA CALIDAD\",\"PUESTO DEL EMPLEADO ID_RAW\":\"AL29\",\"PUESTO DEL EMPLEADO\":\"REVISADOR DE PROCESO\",\"IDENTIFICADOR CENTRO TRABAJO EMPLEADO_RAW\":\"4000\",\"CENTRO TRABAJO EMPLEADO\":\"SAN MATEO-ALUTUB\",\"JEFE INMEDIATO EMPLEADO\":\"OMAR ANTONIO CASTAÑEDA JIMENEZ\",\"SALARIO DIARIO EMPLEADO\":4981.350000000000363797880709171295166015625,\"SALARIO MENSUAL EMPLEADO\":149445.380000000004656612873077392578125}', 'update', 'OK', '2025-12-22 13:34:27');
INSERT INTO `nomina_import_detalle` VALUES (787, 66, '0040', 'FEPL960218', '{\"NOMBRE DE EMPRESA\":\"ALUTUB S.A. DE C.V.\",\"NUMERO EMPLEADO\":\"0040\",\"APELLIDO PATERNO EMPLEADO\":\"FELICIANO\",\"APELLIDO MATERNO EMPLEADO\":\"PUERTA\",\"NOMBRES DEL EMPLEADO\":\"LIZETH\",\"RFC EMPLEADO_RAW\":\"FEPL-960218-CW5\",\"RFC_BASE\":\"FEPL960218\",\"NO. CURP EMPLEADO\":\"FEPL960218MMCLRZ06\",\"ES ACTIVO_RAW\":\"ACTIVO\",\"ES ACTIVO\":1,\"FECHA INGRESO DEL EMPLEADO\":\"2020-10-05\",\"FECHA BAJA\":null,\"TIPO EMPLEADO ID_RAW\":\"2\",\"TIPO EMPLEADO\":\"INDETERMINADO\",\"DEPARTAMENTO ID_RAW\":\"AL3\",\"DEPARTAMENTO EMPLEADO\":\"CONTROL ESTADISTICO DE LA CALIDAD\",\"PUESTO DEL EMPLEADO ID_RAW\":\"AL17\",\"PUESTO DEL EMPLEADO\":\"INSPECTOR DE PRODUCTO TERMINADO Y MATERIA PRIMA\",\"IDENTIFICADOR CENTRO TRABAJO EMPLEADO_RAW\":\"4000\",\"CENTRO TRABAJO EMPLEADO\":\"SAN MATEO-ALUTUB\",\"JEFE INMEDIATO EMPLEADO\":\"OMAR ANTONIO CASTAÑEDA JIMENEZ\",\"SALARIO DIARIO EMPLEADO\":4981.350000000000363797880709171295166015625,\"SALARIO MENSUAL EMPLEADO\":149445.380000000004656612873077392578125}', 'update', 'OK', '2025-12-22 13:34:27');
INSERT INTO `nomina_import_detalle` VALUES (788, 66, '0051', 'GOGC681014', '{\"NOMBRE DE EMPRESA\":\"ALUTUB S.A. DE C.V.\",\"NUMERO EMPLEADO\":\"0051\",\"APELLIDO PATERNO EMPLEADO\":\"GOMEZ\",\"APELLIDO MATERNO EMPLEADO\":\"GONZALEZ\",\"NOMBRES DEL EMPLEADO\":\"CEFERINO\",\"RFC EMPLEADO_RAW\":\"GOGC-681014-RX9\",\"RFC_BASE\":\"GOGC681014\",\"NO. CURP EMPLEADO\":\"GOGC681014HJCMNF07\",\"ES ACTIVO_RAW\":\"ACTIVO\",\"ES ACTIVO\":1,\"FECHA INGRESO DEL EMPLEADO\":\"2021-01-01\",\"FECHA BAJA\":null,\"TIPO EMPLEADO ID_RAW\":\"4\",\"TIPO EMPLEADO\":\"ASIMILADOS\",\"DEPARTAMENTO ID_RAW\":\"AL9\",\"DEPARTAMENTO EMPLEADO\":\"ADMINISTRACION\",\"PUESTO DEL EMPLEADO ID_RAW\":\"ASIM\",\"PUESTO DEL EMPLEADO\":\"ASIMILADOS\",\"IDENTIFICADOR CENTRO TRABAJO EMPLEADO_RAW\":\"4001\",\"CENTRO TRABAJO EMPLEADO\":\"ASIMILADOS-ALUTUB\",\"JEFE INMEDIATO EMPLEADO\":\"\",\"SALARIO DIARIO EMPLEADO\":4981.350000000000363797880709171295166015625,\"SALARIO MENSUAL EMPLEADO\":149445.380000000004656612873077392578125}', 'update', 'OK', '2025-12-22 13:34:27');
INSERT INTO `nomina_import_detalle` VALUES (789, 66, '0052', 'GOFF711124', '{\"NOMBRE DE EMPRESA\":\"ALUTUB S.A. DE C.V.\",\"NUMERO EMPLEADO\":\"0052\",\"APELLIDO PATERNO EMPLEADO\":\"GONZALEZ\",\"APELLIDO MATERNO EMPLEADO\":\"FERNANDEZ\",\"NOMBRES DEL EMPLEADO\":\"FELIPE\",\"RFC EMPLEADO_RAW\":\"GOFF-711124-UH7\",\"RFC_BASE\":\"GOFF711124\",\"NO. CURP EMPLEADO\":\"GOFF711124HTSNRL02\",\"ES ACTIVO_RAW\":\"ACTIVO\",\"ES ACTIVO\":1,\"FECHA INGRESO DEL EMPLEADO\":\"2021-01-01\",\"FECHA BAJA\":null,\"TIPO EMPLEADO ID_RAW\":\"4\",\"TIPO EMPLEADO\":\"ASIMILADOS\",\"DEPARTAMENTO ID_RAW\":\"AL9\",\"DEPARTAMENTO EMPLEADO\":\"ADMINISTRACION\",\"PUESTO DEL EMPLEADO ID_RAW\":\"ASIM\",\"PUESTO DEL EMPLEADO\":\"ASIMILADOS\",\"IDENTIFICADOR CENTRO TRABAJO EMPLEADO_RAW\":\"4001\",\"CENTRO TRABAJO EMPLEADO\":\"ASIMILADOS-ALUTUB\",\"JEFE INMEDIATO EMPLEADO\":\"\",\"SALARIO DIARIO EMPLEADO\":4981.350000000000363797880709171295166015625,\"SALARIO MENSUAL EMPLEADO\":149445.390000000013969838619232177734375}', 'update', 'OK', '2025-12-22 13:34:27');
INSERT INTO `nomina_import_detalle` VALUES (790, 66, '0069', 'GOCA000818', '{\"NOMBRE DE EMPRESA\":\"ALUTUB S.A. DE C.V.\",\"NUMERO EMPLEADO\":\"0069\",\"APELLIDO PATERNO EMPLEADO\":\"GOMEZ\",\"APELLIDO MATERNO EMPLEADO\":\"DE LA CRUZ\",\"NOMBRES DEL EMPLEADO\":\"ANDREA\",\"RFC EMPLEADO_RAW\":\"GOCA-000818-KA8\",\"RFC_BASE\":\"GOCA000818\",\"NO. CURP EMPLEADO\":\"GOCA000818MMCMRNA2\",\"ES ACTIVO_RAW\":\"ACTIVO\",\"ES ACTIVO\":1,\"FECHA INGRESO DEL EMPLEADO\":\"2021-03-16\",\"FECHA BAJA\":null,\"TIPO EMPLEADO ID_RAW\":\"2\",\"TIPO EMPLEADO\":\"INDETERMINADO\",\"DEPARTAMENTO ID_RAW\":\"AL3\",\"DEPARTAMENTO EMPLEADO\":\"CONTROL ESTADISTICO DE LA CALIDAD\",\"PUESTO DEL EMPLEADO ID_RAW\":\"AL18\",\"PUESTO DEL EMPLEADO\":\"INSPECTOR DE PROCESOS\",\"IDENTIFICADOR CENTRO TRABAJO EMPLEADO_RAW\":\"4000\",\"CENTRO TRABAJO EMPLEADO\":\"SAN MATEO-ALUTUB\",\"JEFE INMEDIATO EMPLEADO\":\"JUAN CARLOS REYES BARRETERO\",\"SALARIO DIARIO EMPLEADO\":4981.350000000000363797880709171295166015625,\"SALARIO MENSUAL EMPLEADO\":149445.390000000013969838619232177734375}', 'update', 'OK', '2025-12-22 13:34:27');
INSERT INTO `nomina_import_detalle` VALUES (791, 66, '0070', 'SIMJ740607', '{\"NOMBRE DE EMPRESA\":\"ALUTUB S.A. DE C.V.\",\"NUMERO EMPLEADO\":\"0070\",\"APELLIDO PATERNO EMPLEADO\":\"SILVA\",\"APELLIDO MATERNO EMPLEADO\":\"MARTINEZ\",\"NOMBRES DEL EMPLEADO\":\"JANELY\",\"RFC EMPLEADO_RAW\":\"SIMJ-740607-M12\",\"RFC_BASE\":\"SIMJ740607\",\"NO. CURP EMPLEADO\":\"SIMJ740607MMCLRN08\",\"ES ACTIVO_RAW\":\"ACTIVO\",\"ES ACTIVO\":1,\"FECHA INGRESO DEL EMPLEADO\":\"2021-03-16\",\"FECHA BAJA\":null,\"TIPO EMPLEADO ID_RAW\":\"2\",\"TIPO EMPLEADO\":\"INDETERMINADO\",\"DEPARTAMENTO ID_RAW\":\"AL13\",\"DEPARTAMENTO EMPLEADO\":\"CONTROL ESTADISTICO DE LA CALIDAD\",\"PUESTO DEL EMPLEADO ID_RAW\":\"AL29\",\"PUESTO DEL EMPLEADO\":\"REVISADOR DE PROCESO\",\"IDENTIFICADOR CENTRO TRABAJO EMPLEADO_RAW\":\"4000\",\"CENTRO TRABAJO EMPLEADO\":\"SAN MATEO-ALUTUB\",\"JEFE INMEDIATO EMPLEADO\":\"OMAR ANTONIO CASTAÑEDA JIMENEZ\",\"SALARIO DIARIO EMPLEADO\":4981.350000000000363797880709171295166015625,\"SALARIO MENSUAL EMPLEADO\":149445.390000000013969838619232177734375}', 'update', 'OK', '2025-12-22 13:34:27');
INSERT INTO `nomina_import_detalle` VALUES (792, 66, '0077', 'SAFG921003', '{\"NOMBRE DE EMPRESA\":\"ALUTUB S.A. DE C.V.\",\"NUMERO EMPLEADO\":\"0077\",\"APELLIDO PATERNO EMPLEADO\":\"SALAZAR\",\"APELLIDO MATERNO EMPLEADO\":\"FLORES\",\"NOMBRES DEL EMPLEADO\":\"GERARDO\",\"RFC EMPLEADO_RAW\":\"SAFG-921003-LS8\",\"RFC_BASE\":\"SAFG921003\",\"NO. CURP EMPLEADO\":\"SAFG921003HMCLLR02\",\"ES ACTIVO_RAW\":\"ACTIVO\",\"ES ACTIVO\":1,\"FECHA INGRESO DEL EMPLEADO\":\"2021-03-26\",\"FECHA BAJA\":null,\"TIPO EMPLEADO ID_RAW\":\"2\",\"TIPO EMPLEADO\":\"INDETERMINADO\",\"DEPARTAMENTO ID_RAW\":\"AL6\",\"DEPARTAMENTO EMPLEADO\":\"PRODUCCION\",\"PUESTO DEL EMPLEADO ID_RAW\":\"AL10\",\"PUESTO DEL EMPLEADO\":\"OPERADOR DE PRENSA\",\"IDENTIFICADOR CENTRO TRABAJO EMPLEADO_RAW\":\"4000\",\"CENTRO TRABAJO EMPLEADO\":\"SAN MATEO-ALUTUB\",\"JEFE INMEDIATO EMPLEADO\":\"JUAN CARLOS REYES BARRETERO\",\"SALARIO DIARIO EMPLEADO\":4981.350000000000363797880709171295166015625,\"SALARIO MENSUAL EMPLEADO\":149445.390000000013969838619232177734375}', 'update', 'OK', '2025-12-22 13:34:27');
INSERT INTO `nomina_import_detalle` VALUES (793, 66, '0087', 'PAHD940902', '{\"NOMBRE DE EMPRESA\":\"ALUTUB S.A. DE C.V.\",\"NUMERO EMPLEADO\":\"0087\",\"APELLIDO PATERNO EMPLEADO\":\"PALOMARES\",\"APELLIDO MATERNO EMPLEADO\":\"HERNANDEZ\",\"NOMBRES DEL EMPLEADO\":\"JOSE DANIEL\",\"RFC EMPLEADO_RAW\":\"PAHD-940902-QB3\",\"RFC_BASE\":\"PAHD940902\",\"NO. CURP EMPLEADO\":\"PAHD940902HMCLRN02\",\"ES ACTIVO_RAW\":\"ACTIVO\",\"ES ACTIVO\":1,\"FECHA INGRESO DEL EMPLEADO\":\"2021-04-09\",\"FECHA BAJA\":null,\"TIPO EMPLEADO ID_RAW\":\"2\",\"TIPO EMPLEADO\":\"INDETERMINADO\",\"DEPARTAMENTO ID_RAW\":\"AL6\",\"DEPARTAMENTO EMPLEADO\":\"PRODUCCION\",\"PUESTO DEL EMPLEADO ID_RAW\":\"AL8\",\"PUESTO DEL EMPLEADO\":\"OPERADOR DE LITOGRAFIA\",\"IDENTIFICADOR CENTRO TRABAJO EMPLEADO_RAW\":\"4000\",\"CENTRO TRABAJO EMPLEADO\":\"SAN MATEO-ALUTUB\",\"JEFE INMEDIATO EMPLEADO\":\"JOSE ANGEL REYES BARRETERO\",\"SALARIO DIARIO EMPLEADO\":4981.350000000000363797880709171295166015625,\"SALARIO MENSUAL EMPLEADO\":149445.390000000013969838619232177734375}', 'update', 'OK', '2025-12-22 13:34:28');
INSERT INTO `nomina_import_detalle` VALUES (794, 66, '0109', 'BOVS850321', '{\"NOMBRE DE EMPRESA\":\"ALUTUB S.A. DE C.V.\",\"NUMERO EMPLEADO\":\"0109\",\"APELLIDO PATERNO EMPLEADO\":\"BOBADILLA\",\"APELLIDO MATERNO EMPLEADO\":\"VILLARREAL\",\"NOMBRES DEL EMPLEADO\":\"SALVADOR\",\"RFC EMPLEADO_RAW\":\"BOVS-850321-5Q0\",\"RFC_BASE\":\"BOVS850321\",\"NO. CURP EMPLEADO\":\"BOVS850321HMCBLL07\",\"ES ACTIVO_RAW\":\"ACTIVO\",\"ES ACTIVO\":1,\"FECHA INGRESO DEL EMPLEADO\":\"2021-05-10\",\"FECHA BAJA\":null,\"TIPO EMPLEADO ID_RAW\":\"2\",\"TIPO EMPLEADO\":\"INDETERMINADO\",\"DEPARTAMENTO ID_RAW\":\"AL6\",\"DEPARTAMENTO EMPLEADO\":\"PRODUCCION\",\"PUESTO DEL EMPLEADO ID_RAW\":\"AL42\",\"PUESTO DEL EMPLEADO\":\"JEFE DE PRENSA\",\"IDENTIFICADOR CENTRO TRABAJO EMPLEADO_RAW\":\"4000\",\"CENTRO TRABAJO EMPLEADO\":\"SAN MATEO-ALUTUB\",\"JEFE INMEDIATO EMPLEADO\":\"JUAN CARLOS REYES BARRETERO\",\"SALARIO DIARIO EMPLEADO\":4981.350000000000363797880709171295166015625,\"SALARIO MENSUAL EMPLEADO\":149445.390000000013969838619232177734375}', 'update', 'OK', '2025-12-22 13:34:28');
INSERT INTO `nomina_import_detalle` VALUES (795, 66, '0115', 'PARM831105', '{\"NOMBRE DE EMPRESA\":\"ALUTUB S.A. DE C.V.\",\"NUMERO EMPLEADO\":\"0115\",\"APELLIDO PATERNO EMPLEADO\":\"PLATA\",\"APELLIDO MATERNO EMPLEADO\":\"RAMIREZ\",\"NOMBRES DEL EMPLEADO\":\"MARIO\",\"RFC EMPLEADO_RAW\":\"PARM-831105-FC4\",\"RFC_BASE\":\"PARM831105\",\"NO. CURP EMPLEADO\":\"PARM831105HMCLMR06\",\"ES ACTIVO_RAW\":\"ACTIVO\",\"ES ACTIVO\":1,\"FECHA INGRESO DEL EMPLEADO\":\"2021-05-19\",\"FECHA BAJA\":null,\"TIPO EMPLEADO ID_RAW\":\"2\",\"TIPO EMPLEADO\":\"INDETERMINADO\",\"DEPARTAMENTO ID_RAW\":\"AL6\",\"DEPARTAMENTO EMPLEADO\":\"PRODUCCION\",\"PUESTO DEL EMPLEADO ID_RAW\":\"AL10\",\"PUESTO DEL EMPLEADO\":\"OPERADOR DE PRENSA\",\"IDENTIFICADOR CENTRO TRABAJO EMPLEADO_RAW\":\"4000\",\"CENTRO TRABAJO EMPLEADO\":\"SAN MATEO-ALUTUB\",\"JEFE INMEDIATO EMPLEADO\":\"JUAN CARLOS REYES BARRETERO\",\"SALARIO DIARIO EMPLEADO\":4981.3599999999996725819073617458343505859375,\"SALARIO MENSUAL EMPLEADO\":149445.390000000013969838619232177734375}', 'update', 'OK', '2025-12-22 13:34:28');
INSERT INTO `nomina_import_detalle` VALUES (796, 66, '0122', 'AUGR691024', '{\"NOMBRE DE EMPRESA\":\"ALUTUB S.A. DE C.V.\",\"NUMERO EMPLEADO\":\"0122\",\"APELLIDO PATERNO EMPLEADO\":\"ARCHUNDIA\",\"APELLIDO MATERNO EMPLEADO\":\"GUZMAN\",\"NOMBRES DEL EMPLEADO\":\"RAFAEL\",\"RFC EMPLEADO_RAW\":\"AUGR-691024-R92\",\"RFC_BASE\":\"AUGR691024\",\"NO. CURP EMPLEADO\":\"AUGR691024HMCRZF07\",\"ES ACTIVO_RAW\":\"ACTIVO\",\"ES ACTIVO\":1,\"FECHA INGRESO DEL EMPLEADO\":\"2021-06-18\",\"FECHA BAJA\":null,\"TIPO EMPLEADO ID_RAW\":\"2\",\"TIPO EMPLEADO\":\"INDETERMINADO\",\"DEPARTAMENTO ID_RAW\":\"AL8\",\"DEPARTAMENTO EMPLEADO\":\"INGENIERIA\",\"PUESTO DEL EMPLEADO ID_RAW\":\"AL5\",\"PUESTO DEL EMPLEADO\":\"INGENIERIA DE PRENSA\",\"IDENTIFICADOR CENTRO TRABAJO EMPLEADO_RAW\":\"4000\",\"CENTRO TRABAJO EMPLEADO\":\"SAN MATEO-ALUTUB\",\"JEFE INMEDIATO EMPLEADO\":\"GERARDO PILAR PEREZ\",\"SALARIO DIARIO EMPLEADO\":4981.3599999999996725819073617458343505859375,\"SALARIO MENSUAL EMPLEADO\":149445.390000000013969838619232177734375}', 'update', 'OK', '2025-12-22 13:34:28');
INSERT INTO `nomina_import_detalle` VALUES (797, 66, '0127', 'TOAD010512', '{\"NOMBRE DE EMPRESA\":\"ALUTUB S.A. DE C.V.\",\"NUMERO EMPLEADO\":\"0127\",\"APELLIDO PATERNO EMPLEADO\":\"TORRES\",\"APELLIDO MATERNO EMPLEADO\":\"ALVAREZ\",\"NOMBRES DEL EMPLEADO\":\"DANIEL\",\"RFC EMPLEADO_RAW\":\"TOAD-010512-NL8\",\"RFC_BASE\":\"TOAD010512\",\"NO. CURP EMPLEADO\":\"TOAD010512HMCRLNA9\",\"ES ACTIVO_RAW\":\"ACTIVO\",\"ES ACTIVO\":1,\"FECHA INGRESO DEL EMPLEADO\":\"2021-06-30\",\"FECHA BAJA\":null,\"TIPO EMPLEADO ID_RAW\":\"2\",\"TIPO EMPLEADO\":\"INDETERMINADO\",\"DEPARTAMENTO ID_RAW\":\"AL6\",\"DEPARTAMENTO EMPLEADO\":\"PRODUCCION\",\"PUESTO DEL EMPLEADO ID_RAW\":\"AL10\",\"PUESTO DEL EMPLEADO\":\"OPERADOR DE PRENSA\",\"IDENTIFICADOR CENTRO TRABAJO EMPLEADO_RAW\":\"4000\",\"CENTRO TRABAJO EMPLEADO\":\"SAN MATEO-ALUTUB\",\"JEFE INMEDIATO EMPLEADO\":\"JUAN CARLOS REYES BARRETERO\",\"SALARIO DIARIO EMPLEADO\":4981.3599999999996725819073617458343505859375,\"SALARIO MENSUAL EMPLEADO\":149445.390000000013969838619232177734375}', 'update', 'OK', '2025-12-22 13:34:28');
INSERT INTO `nomina_import_detalle` VALUES (798, 66, '0133', 'BEAA831118', '{\"NOMBRE DE EMPRESA\":\"ALUTUB S.A. DE C.V.\",\"NUMERO EMPLEADO\":\"0133\",\"APELLIDO PATERNO EMPLEADO\":\"BERNAL\",\"APELLIDO MATERNO EMPLEADO\":\"ALDAMA\",\"NOMBRES DEL EMPLEADO\":\"ANTONIO\",\"RFC EMPLEADO_RAW\":\"BEAA-831118-Q19\",\"RFC_BASE\":\"BEAA831118\",\"NO. CURP EMPLEADO\":\"BEAA831118HMCRLN03\",\"ES ACTIVO_RAW\":\"ACTIVO\",\"ES ACTIVO\":1,\"FECHA INGRESO DEL EMPLEADO\":\"2021-07-05\",\"FECHA BAJA\":null,\"TIPO EMPLEADO ID_RAW\":\"2\",\"TIPO EMPLEADO\":\"INDETERMINADO\",\"DEPARTAMENTO ID_RAW\":\"AL8\",\"DEPARTAMENTO EMPLEADO\":\"INGENIERIA\",\"PUESTO DEL EMPLEADO ID_RAW\":\"AL31\",\"PUESTO DEL EMPLEADO\":\"INGENIERIA DE LITOGRAFIA\",\"IDENTIFICADOR CENTRO TRABAJO EMPLEADO_RAW\":\"4000\",\"CENTRO TRABAJO EMPLEADO\":\"SAN MATEO-ALUTUB\",\"JEFE INMEDIATO EMPLEADO\":\"GERARDO PILAR PEREZ\",\"SALARIO DIARIO EMPLEADO\":4981.3599999999996725819073617458343505859375,\"SALARIO MENSUAL EMPLEADO\":149445.390000000013969838619232177734375}', 'update', 'OK', '2025-12-22 13:34:28');
INSERT INTO `nomina_import_detalle` VALUES (799, 66, '0139', 'PAAA870206', '{\"NOMBRE DE EMPRESA\":\"ALUTUB S.A. DE C.V.\",\"NUMERO EMPLEADO\":\"0139\",\"APELLIDO PATERNO EMPLEADO\":\"PALMA\",\"APELLIDO MATERNO EMPLEADO\":\"ANTONIO\",\"NOMBRES DEL EMPLEADO\":\"ARTURO\",\"RFC EMPLEADO_RAW\":\"PAAA-870206-JE7\",\"RFC_BASE\":\"PAAA870206\",\"NO. CURP EMPLEADO\":\"PAAA870206HMCLNR00\",\"ES ACTIVO_RAW\":\"ACTIVO\",\"ES ACTIVO\":1,\"FECHA INGRESO DEL EMPLEADO\":\"2021-07-05\",\"FECHA BAJA\":null,\"TIPO EMPLEADO ID_RAW\":\"2\",\"TIPO EMPLEADO\":\"INDETERMINADO\",\"DEPARTAMENTO ID_RAW\":\"AL6\",\"DEPARTAMENTO EMPLEADO\":\"PRODUCCION\",\"PUESTO DEL EMPLEADO ID_RAW\":\"AL3\",\"PUESTO DEL EMPLEADO\":\"SUPERVISOR DE PRODUCCION\",\"IDENTIFICADOR CENTRO TRABAJO EMPLEADO_RAW\":\"4000\",\"CENTRO TRABAJO EMPLEADO\":\"SAN MATEO-ALUTUB\",\"JEFE INMEDIATO EMPLEADO\":\"JUAN CARLOS REYES BARRETERO\",\"SALARIO DIARIO EMPLEADO\":4981.3599999999996725819073617458343505859375,\"SALARIO MENSUAL EMPLEADO\":149445.39999999999417923390865325927734375}', 'update', 'OK', '2025-12-22 13:34:28');
INSERT INTO `nomina_import_detalle` VALUES (800, 66, '0155', 'RIPY761217', '{\"NOMBRE DE EMPRESA\":\"ALUTUB S.A. DE C.V.\",\"NUMERO EMPLEADO\":\"0155\",\"APELLIDO PATERNO EMPLEADO\":\"RIOS\",\"APELLIDO MATERNO EMPLEADO\":\"PINO\",\"NOMBRES DEL EMPLEADO\":\"YOLANDA\",\"RFC EMPLEADO_RAW\":\"RIPY-761217-9U6\",\"RFC_BASE\":\"RIPY761217\",\"NO. CURP EMPLEADO\":\"RIPY761217MMCSNL04\",\"ES ACTIVO_RAW\":\"ACTIVO\",\"ES ACTIVO\":1,\"FECHA INGRESO DEL EMPLEADO\":\"2021-08-04\",\"FECHA BAJA\":null,\"TIPO EMPLEADO ID_RAW\":\"2\",\"TIPO EMPLEADO\":\"INDETERMINADO\",\"DEPARTAMENTO ID_RAW\":\"AL13\",\"DEPARTAMENTO EMPLEADO\":\"CONTROL ESTADISTICO DE LA CALIDAD\",\"PUESTO DEL EMPLEADO ID_RAW\":\"AL29\",\"PUESTO DEL EMPLEADO\":\"REVISADOR DE PROCESO\",\"IDENTIFICADOR CENTRO TRABAJO EMPLEADO_RAW\":\"4000\",\"CENTRO TRABAJO EMPLEADO\":\"SAN MATEO-ALUTUB\",\"JEFE INMEDIATO EMPLEADO\":\"OMAR ANTONIO CASTAÑEDA JIMENEZ\",\"SALARIO DIARIO EMPLEADO\":4981.3599999999996725819073617458343505859375,\"SALARIO MENSUAL EMPLEADO\":149445.39999999999417923390865325927734375}', 'update', 'OK', '2025-12-22 13:34:28');
INSERT INTO `nomina_import_detalle` VALUES (801, 66, '0163', 'VACS890723', '{\"NOMBRE DE EMPRESA\":\"ALUTUB S.A. DE C.V.\",\"NUMERO EMPLEADO\":\"0163\",\"APELLIDO PATERNO EMPLEADO\":\"VALDEZ\",\"APELLIDO MATERNO EMPLEADO\":\"CRUZ\",\"NOMBRES DEL EMPLEADO\":\"SUSANA\",\"RFC EMPLEADO_RAW\":\"VACS-890723-1S5\",\"RFC_BASE\":\"VACS890723\",\"NO. CURP EMPLEADO\":\"VACS890723MMCLRS08\",\"ES ACTIVO_RAW\":\"ACTIVO\",\"ES ACTIVO\":1,\"FECHA INGRESO DEL EMPLEADO\":\"2021-08-16\",\"FECHA BAJA\":null,\"TIPO EMPLEADO ID_RAW\":\"2\",\"TIPO EMPLEADO\":\"INDETERMINADO\",\"DEPARTAMENTO ID_RAW\":\"AL7\",\"DEPARTAMENTO EMPLEADO\":\"RECURSOS HUMANOS\",\"PUESTO DEL EMPLEADO ID_RAW\":\"AL12\",\"PUESTO DEL EMPLEADO\":\"COORDINADOR DE RECURSOS HUMANOS\",\"IDENTIFICADOR CENTRO TRABAJO EMPLEADO_RAW\":\"4000\",\"CENTRO TRABAJO EMPLEADO\":\"SAN MATEO-ALUTUB\",\"JEFE INMEDIATO EMPLEADO\":\"JUAN ANTONIO CARDENAS DOMINGUEZ\",\"SALARIO DIARIO EMPLEADO\":4981.3599999999996725819073617458343505859375,\"SALARIO MENSUAL EMPLEADO\":149445.39999999999417923390865325927734375}', 'update', 'OK', '2025-12-22 13:34:28');
INSERT INTO `nomina_import_detalle` VALUES (802, 66, '0167', 'AEMC030703', '{\"NOMBRE DE EMPRESA\":\"ALUTUB S.A. DE C.V.\",\"NUMERO EMPLEADO\":\"0167\",\"APELLIDO PATERNO EMPLEADO\":\"ARRECILLAS\",\"APELLIDO MATERNO EMPLEADO\":\"MARTINEZ\",\"NOMBRES DEL EMPLEADO\":\"CRISTIAN\",\"RFC EMPLEADO_RAW\":\"AEMC-030703-9D1\",\"RFC_BASE\":\"AEMC030703\",\"NO. CURP EMPLEADO\":\"AEMC030703HMCRRRA9\",\"ES ACTIVO_RAW\":\"ACTIVO\",\"ES ACTIVO\":1,\"FECHA INGRESO DEL EMPLEADO\":\"2021-08-25\",\"FECHA BAJA\":null,\"TIPO EMPLEADO ID_RAW\":\"2\",\"TIPO EMPLEADO\":\"INDETERMINADO\",\"DEPARTAMENTO ID_RAW\":\"AL6\",\"DEPARTAMENTO EMPLEADO\":\"PRODUCCION\",\"PUESTO DEL EMPLEADO ID_RAW\":\"AL10\",\"PUESTO DEL EMPLEADO\":\"OPERADOR DE PRENSA\",\"IDENTIFICADOR CENTRO TRABAJO EMPLEADO_RAW\":\"4000\",\"CENTRO TRABAJO EMPLEADO\":\"SAN MATEO-ALUTUB\",\"JEFE INMEDIATO EMPLEADO\":\"JUAN CARLOS REYES BARRETERO\",\"SALARIO DIARIO EMPLEADO\":4981.3599999999996725819073617458343505859375,\"SALARIO MENSUAL EMPLEADO\":149445.39999999999417923390865325927734375}', 'update', 'OK', '2025-12-22 13:34:29');
INSERT INTO `nomina_import_detalle` VALUES (803, 66, '0174', 'REBG881018', '{\"NOMBRE DE EMPRESA\":\"ALUTUB S.A. DE C.V.\",\"NUMERO EMPLEADO\":\"0174\",\"APELLIDO PATERNO EMPLEADO\":\"REYES\",\"APELLIDO MATERNO EMPLEADO\":\"BALTAZAR\",\"NOMBRES DEL EMPLEADO\":\"GERARDO\",\"RFC EMPLEADO_RAW\":\"REBG-881018-QV6\",\"RFC_BASE\":\"REBG881018\",\"NO. CURP EMPLEADO\":\"REBG881018HMCYLR07\",\"ES ACTIVO_RAW\":\"ACTIVO\",\"ES ACTIVO\":1,\"FECHA INGRESO DEL EMPLEADO\":\"2021-08-30\",\"FECHA BAJA\":null,\"TIPO EMPLEADO ID_RAW\":\"2\",\"TIPO EMPLEADO\":\"INDETERMINADO\",\"DEPARTAMENTO ID_RAW\":\"AL6\",\"DEPARTAMENTO EMPLEADO\":\"PRODUCCION\",\"PUESTO DEL EMPLEADO ID_RAW\":\"AL10\",\"PUESTO DEL EMPLEADO\":\"OPERADOR DE PRENSA\",\"IDENTIFICADOR CENTRO TRABAJO EMPLEADO_RAW\":\"4000\",\"CENTRO TRABAJO EMPLEADO\":\"SAN MATEO-ALUTUB\",\"JEFE INMEDIATO EMPLEADO\":\"JUAN CARLOS REYES BARRETERO\",\"SALARIO DIARIO EMPLEADO\":4981.3599999999996725819073617458343505859375,\"SALARIO MENSUAL EMPLEADO\":149445.39999999999417923390865325927734375}', 'update', 'OK', '2025-12-22 13:34:29');
INSERT INTO `nomina_import_detalle` VALUES (804, 66, '0216', 'MARG861212', '{\"NOMBRE DE EMPRESA\":\"ALUTUB S.A. DE C.V.\",\"NUMERO EMPLEADO\":\"0216\",\"APELLIDO PATERNO EMPLEADO\":\"MARTINEZ\",\"APELLIDO MATERNO EMPLEADO\":\"RODRIGUEZ\",\"NOMBRES DEL EMPLEADO\":\"GUADALUPE\",\"RFC EMPLEADO_RAW\":\"MARG-861212-RR0\",\"RFC_BASE\":\"MARG861212\",\"NO. CURP EMPLEADO\":\"MARG861212MMCRDD01\",\"ES ACTIVO_RAW\":\"ACTIVO\",\"ES ACTIVO\":1,\"FECHA INGRESO DEL EMPLEADO\":\"2022-01-10\",\"FECHA BAJA\":null,\"TIPO EMPLEADO ID_RAW\":\"2\",\"TIPO EMPLEADO\":\"INDETERMINADO\",\"DEPARTAMENTO ID_RAW\":\"AL13\",\"DEPARTAMENTO EMPLEADO\":\"CONTROL ESTADISTICO DE LA CALIDAD\",\"PUESTO DEL EMPLEADO ID_RAW\":\"AL29\",\"PUESTO DEL EMPLEADO\":\"REVISADOR DE PROCESO\",\"IDENTIFICADOR CENTRO TRABAJO EMPLEADO_RAW\":\"4000\",\"CENTRO TRABAJO EMPLEADO\":\"SAN MATEO-ALUTUB\",\"JEFE INMEDIATO EMPLEADO\":\"OMAR ANTONIO CASTAÑEDA JIMENEZ\",\"SALARIO DIARIO EMPLEADO\":4981.3599999999996725819073617458343505859375,\"SALARIO MENSUAL EMPLEADO\":149445.39999999999417923390865325927734375}', 'update', 'OK', '2025-12-22 13:34:29');
INSERT INTO `nomina_import_detalle` VALUES (805, 66, '0232', 'PIPG860609', '{\"NOMBRE DE EMPRESA\":\"ALUTUB S.A. DE C.V.\",\"NUMERO EMPLEADO\":\"0232\",\"APELLIDO PATERNO EMPLEADO\":\"PILAR\",\"APELLIDO MATERNO EMPLEADO\":\"PEREZ\",\"NOMBRES DEL EMPLEADO\":\"GERARDO\",\"RFC EMPLEADO_RAW\":\"PIPG-860609-PJ1\",\"RFC_BASE\":\"PIPG860609\",\"NO. CURP EMPLEADO\":\"PIPG860609HMCLRR00\",\"ES ACTIVO_RAW\":\"ACTIVO\",\"ES ACTIVO\":1,\"FECHA INGRESO DEL EMPLEADO\":\"2022-01-31\",\"FECHA BAJA\":null,\"TIPO EMPLEADO ID_RAW\":\"2\",\"TIPO EMPLEADO\":\"INDETERMINADO\",\"DEPARTAMENTO ID_RAW\":\"AL6\",\"DEPARTAMENTO EMPLEADO\":\"PRODUCCION\",\"PUESTO DEL EMPLEADO ID_RAW\":\"AL14\",\"PUESTO DEL EMPLEADO\":\"JEFE DE INGENIERIA\",\"IDENTIFICADOR CENTRO TRABAJO EMPLEADO_RAW\":\"4000\",\"CENTRO TRABAJO EMPLEADO\":\"SAN MATEO-ALUTUB\",\"JEFE INMEDIATO EMPLEADO\":\"JUAN CARLOS REYES BARRETERO\",\"SALARIO DIARIO EMPLEADO\":4981.3699999999998908606357872486114501953125,\"SALARIO MENSUAL EMPLEADO\":149445.39999999999417923390865325927734375}', 'update', 'OK', '2025-12-22 13:34:29');
INSERT INTO `nomina_import_detalle` VALUES (806, 66, '0256', 'GOTP820830', '{\"NOMBRE DE EMPRESA\":\"ALUTUB S.A. DE C.V.\",\"NUMERO EMPLEADO\":\"0256\",\"APELLIDO PATERNO EMPLEADO\":\"GOMEZ\",\"APELLIDO MATERNO EMPLEADO\":\"TRUJILLO\",\"NOMBRES DEL EMPLEADO\":\"PEDRO\",\"RFC EMPLEADO_RAW\":\"GOTP-820830-536\",\"RFC_BASE\":\"GOTP820830\",\"NO. CURP EMPLEADO\":\"GOTP820830HMCMRD08\",\"ES ACTIVO_RAW\":\"ACTIVO\",\"ES ACTIVO\":1,\"FECHA INGRESO DEL EMPLEADO\":\"2022-04-04\",\"FECHA BAJA\":null,\"TIPO EMPLEADO ID_RAW\":\"2\",\"TIPO EMPLEADO\":\"INDETERMINADO\",\"DEPARTAMENTO ID_RAW\":\"AL6\",\"DEPARTAMENTO EMPLEADO\":\"PRODUCCION\",\"PUESTO DEL EMPLEADO ID_RAW\":\"AL8\",\"PUESTO DEL EMPLEADO\":\"OPERADOR DE LITOGRAFIA\",\"IDENTIFICADOR CENTRO TRABAJO EMPLEADO_RAW\":\"4000\",\"CENTRO TRABAJO EMPLEADO\":\"SAN MATEO-ALUTUB\",\"JEFE INMEDIATO EMPLEADO\":\"JUAN CARLOS REYES BARRETERO\",\"SALARIO DIARIO EMPLEADO\":4981.3699999999998908606357872486114501953125,\"SALARIO MENSUAL EMPLEADO\":149445.39999999999417923390865325927734375}', 'update', 'OK', '2025-12-22 13:34:29');
INSERT INTO `nomina_import_detalle` VALUES (807, 66, '0282', 'CAJO781122', '{\"NOMBRE DE EMPRESA\":\"ALUTUB S.A. DE C.V.\",\"NUMERO EMPLEADO\":\"0282\",\"APELLIDO PATERNO EMPLEADO\":\"CASTAÑEDA\",\"APELLIDO MATERNO EMPLEADO\":\"JIMENEZ\",\"NOMBRES DEL EMPLEADO\":\"OMAR ANTONIO\",\"RFC EMPLEADO_RAW\":\"CAJO-781122-EN9\",\"RFC_BASE\":\"CAJO781122\",\"NO. CURP EMPLEADO\":\"CAJO781122HMCSMM01\",\"ES ACTIVO_RAW\":\"ACTIVO\",\"ES ACTIVO\":1,\"FECHA INGRESO DEL EMPLEADO\":\"2022-05-23\",\"FECHA BAJA\":null,\"TIPO EMPLEADO ID_RAW\":\"2\",\"TIPO EMPLEADO\":\"INDETERMINADO\",\"DEPARTAMENTO ID_RAW\":\"AL3\",\"DEPARTAMENTO EMPLEADO\":\"CONTROL ESTADISTICO DE LA CALIDAD\",\"PUESTO DEL EMPLEADO ID_RAW\":\"AL23\",\"PUESTO DEL EMPLEADO\":\"JEFE DE CONTROL ESTADISTICO DE LA CALIDAD\",\"IDENTIFICADOR CENTRO TRABAJO EMPLEADO_RAW\":\"4000\",\"CENTRO TRABAJO EMPLEADO\":\"SAN MATEO-ALUTUB\",\"JEFE INMEDIATO EMPLEADO\":\"BENILDE MARIA GONZALEZ FERNANDEZ\",\"SALARIO DIARIO EMPLEADO\":4981.3699999999998908606357872486114501953125,\"SALARIO MENSUAL EMPLEADO\":149445.39999999999417923390865325927734375}', 'update', 'OK', '2025-12-22 13:34:29');
INSERT INTO `nomina_import_detalle` VALUES (808, 66, '0290', 'PILA681130', '{\"NOMBRE DE EMPRESA\":\"ALUTUB S.A. DE C.V.\",\"NUMERO EMPLEADO\":\"0290\",\"APELLIDO PATERNO EMPLEADO\":\"PICHARDO\",\"APELLIDO MATERNO EMPLEADO\":\"LOPEZ\",\"NOMBRES DEL EMPLEADO\":\"ANDRES NOE\",\"RFC EMPLEADO_RAW\":\"PILA-681130-9M9\",\"RFC_BASE\":\"PILA681130\",\"NO. CURP EMPLEADO\":\"PILA681130HMCCPN04\",\"ES ACTIVO_RAW\":\"ACTIVO\",\"ES ACTIVO\":1,\"FECHA INGRESO DEL EMPLEADO\":\"2022-06-06\",\"FECHA BAJA\":null,\"TIPO EMPLEADO ID_RAW\":\"2\",\"TIPO EMPLEADO\":\"INDETERMINADO\",\"DEPARTAMENTO ID_RAW\":\"AL13\",\"DEPARTAMENTO EMPLEADO\":\"CONTROL ESTADISTICO DE LA CALIDAD\",\"PUESTO DEL EMPLEADO ID_RAW\":\"AL29\",\"PUESTO DEL EMPLEADO\":\"REVISADOR DE PROCESO\",\"IDENTIFICADOR CENTRO TRABAJO EMPLEADO_RAW\":\"4000\",\"CENTRO TRABAJO EMPLEADO\":\"SAN MATEO-ALUTUB\",\"JEFE INMEDIATO EMPLEADO\":\"OMAR ANTONIO CASTAÑEDA JIMENEZ\",\"SALARIO DIARIO EMPLEADO\":4981.3699999999998908606357872486114501953125,\"SALARIO MENSUAL EMPLEADO\":149445.39999999999417923390865325927734375}', 'update', 'OK', '2025-12-22 13:34:29');
INSERT INTO `nomina_import_detalle` VALUES (809, 66, '0292', 'SOGA991128', '{\"NOMBRE DE EMPRESA\":\"ALUTUB S.A. DE C.V.\",\"NUMERO EMPLEADO\":\"0292\",\"APELLIDO PATERNO EMPLEADO\":\"SOLACHE\",\"APELLIDO MATERNO EMPLEADO\":\"GOMEZ\",\"NOMBRES DEL EMPLEADO\":\"ALEJANDRO ANTONIO\",\"RFC EMPLEADO_RAW\":\"SOGA-991128-SL8\",\"RFC_BASE\":\"SOGA991128\",\"NO. CURP EMPLEADO\":\"SOGA991128HMCLML01\",\"ES ACTIVO_RAW\":\"ACTIVO\",\"ES ACTIVO\":1,\"FECHA INGRESO DEL EMPLEADO\":\"2022-06-07\",\"FECHA BAJA\":null,\"TIPO EMPLEADO ID_RAW\":\"2\",\"TIPO EMPLEADO\":\"INDETERMINADO\",\"DEPARTAMENTO ID_RAW\":\"AL13\",\"DEPARTAMENTO EMPLEADO\":\"CONTROL ESTADISTICO DE LA CALIDAD\",\"PUESTO DEL EMPLEADO ID_RAW\":\"AL29\",\"PUESTO DEL EMPLEADO\":\"REVISADOR DE PROCESO\",\"IDENTIFICADOR CENTRO TRABAJO EMPLEADO_RAW\":\"4000\",\"CENTRO TRABAJO EMPLEADO\":\"SAN MATEO-ALUTUB\",\"JEFE INMEDIATO EMPLEADO\":\"OMAR ANTONIO CASTAÑEDA JIMENEZ\",\"SALARIO DIARIO EMPLEADO\":4981.3699999999998908606357872486114501953125,\"SALARIO MENSUAL EMPLEADO\":149445.41000000000349245965480804443359375}', 'update', 'OK', '2025-12-22 13:34:29');
INSERT INTO `nomina_import_detalle` VALUES (810, 66, '0315', 'BEMA970903', '{\"NOMBRE DE EMPRESA\":\"ALUTUB S.A. DE C.V.\",\"NUMERO EMPLEADO\":\"0315\",\"APELLIDO PATERNO EMPLEADO\":\"BERNAL\",\"APELLIDO MATERNO EMPLEADO\":\"MORALES\",\"NOMBRES DEL EMPLEADO\":\"AISLINN\",\"RFC EMPLEADO_RAW\":\"BEMA-970903-IC1\",\"RFC_BASE\":\"BEMA970903\",\"NO. CURP EMPLEADO\":\"BEMA970903MMCRRS08\",\"ES ACTIVO_RAW\":\"ACTIVO\",\"ES ACTIVO\":1,\"FECHA INGRESO DEL EMPLEADO\":\"2022-07-20\",\"FECHA BAJA\":null,\"TIPO EMPLEADO ID_RAW\":\"2\",\"TIPO EMPLEADO\":\"INDETERMINADO\",\"DEPARTAMENTO ID_RAW\":\"AL15\",\"DEPARTAMENTO EMPLEADO\":\"SEGURIDAD E HIGIENE\",\"PUESTO DEL EMPLEADO ID_RAW\":\"AL11\",\"PUESTO DEL EMPLEADO\":\"ANALISTA DE SEGURIDAD E HIGIENE\",\"IDENTIFICADOR CENTRO TRABAJO EMPLEADO_RAW\":\"4000\",\"CENTRO TRABAJO EMPLEADO\":\"SAN MATEO-ALUTUB\",\"JEFE INMEDIATO EMPLEADO\":\"JUAN ANTONIO CARDENAS DOMINGUEZ\",\"SALARIO DIARIO EMPLEADO\":4981.3699999999998908606357872486114501953125,\"SALARIO MENSUAL EMPLEADO\":149445.41000000000349245965480804443359375}', 'update', 'OK', '2025-12-22 13:34:29');
INSERT INTO `nomina_import_detalle` VALUES (811, 66, '0317', 'GOLC661214', '{\"NOMBRE DE EMPRESA\":\"ALUTUB S.A. DE C.V.\",\"NUMERO EMPLEADO\":\"0317\",\"APELLIDO PATERNO EMPLEADO\":\"GOMEZ\",\"APELLIDO MATERNO EMPLEADO\":\"LUA\",\"NOMBRES DEL EMPLEADO\":\"MARIA DEL CARMEN\",\"RFC EMPLEADO_RAW\":\"GOLC-661214-NI5\",\"RFC_BASE\":\"GOLC661214\",\"NO. CURP EMPLEADO\":\"GOLC661214MVZMXR03\",\"ES ACTIVO_RAW\":\"ACTIVO\",\"ES ACTIVO\":1,\"FECHA INGRESO DEL EMPLEADO\":\"2022-07-25\",\"FECHA BAJA\":null,\"TIPO EMPLEADO ID_RAW\":\"2\",\"TIPO EMPLEADO\":\"INDETERMINADO\",\"DEPARTAMENTO ID_RAW\":\"AL13\",\"DEPARTAMENTO EMPLEADO\":\"CONTROL ESTADISTICO DE LA CALIDAD\",\"PUESTO DEL EMPLEADO ID_RAW\":\"AL29\",\"PUESTO DEL EMPLEADO\":\"REVISADOR DE PROCESO\",\"IDENTIFICADOR CENTRO TRABAJO EMPLEADO_RAW\":\"4000\",\"CENTRO TRABAJO EMPLEADO\":\"SAN MATEO-ALUTUB\",\"JEFE INMEDIATO EMPLEADO\":\"OMAR ANTONIO CASTAÑEDA JIMENEZ\",\"SALARIO DIARIO EMPLEADO\":4981.3699999999998908606357872486114501953125,\"SALARIO MENSUAL EMPLEADO\":149445.41000000000349245965480804443359375}', 'update', 'OK', '2025-12-22 13:34:29');
INSERT INTO `nomina_import_detalle` VALUES (812, 66, '0339', 'EAPH970806', '{\"NOMBRE DE EMPRESA\":\"ALUTUB S.A. DE C.V.\",\"NUMERO EMPLEADO\":\"0339\",\"APELLIDO PATERNO EMPLEADO\":\"ESTRADA\",\"APELLIDO MATERNO EMPLEADO\":\"PEREZ\",\"NOMBRES DEL EMPLEADO\":\"HECTOR\",\"RFC EMPLEADO_RAW\":\"EAPH-970806-IA4\",\"RFC_BASE\":\"EAPH970806\",\"NO. CURP EMPLEADO\":\"EAPH970806HMCSRC03\",\"ES ACTIVO_RAW\":\"ACTIVO\",\"ES ACTIVO\":1,\"FECHA INGRESO DEL EMPLEADO\":\"2022-09-07\",\"FECHA BAJA\":null,\"TIPO EMPLEADO ID_RAW\":\"2\",\"TIPO EMPLEADO\":\"INDETERMINADO\",\"DEPARTAMENTO ID_RAW\":\"AL17\",\"DEPARTAMENTO EMPLEADO\":\"COMPRAS Y PLANEACION\",\"PUESTO DEL EMPLEADO ID_RAW\":\"AL38\",\"PUESTO DEL EMPLEADO\":\"AUXILIAR ADMINISTRATIVO Y COMPRAS\",\"IDENTIFICADOR CENTRO TRABAJO EMPLEADO_RAW\":\"4000\",\"CENTRO TRABAJO EMPLEADO\":\"SAN MATEO-ALUTUB\",\"JEFE INMEDIATO EMPLEADO\":\"ESMERALDA GARCIA DURAN\",\"SALARIO DIARIO EMPLEADO\":4981.3699999999998908606357872486114501953125,\"SALARIO MENSUAL EMPLEADO\":149445.41000000000349245965480804443359375}', 'update', 'OK', '2025-12-22 13:34:29');
INSERT INTO `nomina_import_detalle` VALUES (813, 66, '0341', 'MAXL030508', '{\"NOMBRE DE EMPRESA\":\"ALUTUB S.A. DE C.V.\",\"NUMERO EMPLEADO\":\"0341\",\"APELLIDO PATERNO EMPLEADO\":\"MARTINEZ\",\"APELLIDO MATERNO EMPLEADO\":\"XALA\",\"NOMBRES DEL EMPLEADO\":\"LESLI DOMINGA\",\"RFC EMPLEADO_RAW\":\"MAXL-030508-ED0\",\"RFC_BASE\":\"MAXL030508\",\"NO. CURP EMPLEADO\":\"MAXL030508MVZRLSA2\",\"ES ACTIVO_RAW\":\"ACTIVO\",\"ES ACTIVO\":1,\"FECHA INGRESO DEL EMPLEADO\":\"2022-09-12\",\"FECHA BAJA\":null,\"TIPO EMPLEADO ID_RAW\":\"2\",\"TIPO EMPLEADO\":\"INDETERMINADO\",\"DEPARTAMENTO ID_RAW\":\"AL13\",\"DEPARTAMENTO EMPLEADO\":\"CONTROL ESTADISTICO DE LA CALIDAD\",\"PUESTO DEL EMPLEADO ID_RAW\":\"AL29\",\"PUESTO DEL EMPLEADO\":\"REVISADOR DE PROCESO\",\"IDENTIFICADOR CENTRO TRABAJO EMPLEADO_RAW\":\"4000\",\"CENTRO TRABAJO EMPLEADO\":\"SAN MATEO-ALUTUB\",\"JEFE INMEDIATO EMPLEADO\":\"OMAR ANTONIO CASTAÑEDA JIMENEZ\",\"SALARIO DIARIO EMPLEADO\":4981.3699999999998908606357872486114501953125,\"SALARIO MENSUAL EMPLEADO\":149445.41000000000349245965480804443359375}', 'update', 'OK', '2025-12-22 13:34:30');
INSERT INTO `nomina_import_detalle` VALUES (814, 66, '0344', 'PAVL910516', '{\"NOMBRE DE EMPRESA\":\"ALUTUB S.A. DE C.V.\",\"NUMERO EMPLEADO\":\"0344\",\"APELLIDO PATERNO EMPLEADO\":\"PAZ\",\"APELLIDO MATERNO EMPLEADO\":\"VARGAS\",\"NOMBRES DEL EMPLEADO\":\"LAURA\",\"RFC EMPLEADO_RAW\":\"PAVL-910516-ANA\",\"RFC_BASE\":\"PAVL910516\",\"NO. CURP EMPLEADO\":\"PAVL910516MMCZRR09\",\"ES ACTIVO_RAW\":\"ACTIVO\",\"ES ACTIVO\":1,\"FECHA INGRESO DEL EMPLEADO\":\"2022-09-12\",\"FECHA BAJA\":null,\"TIPO EMPLEADO ID_RAW\":\"2\",\"TIPO EMPLEADO\":\"INDETERMINADO\",\"DEPARTAMENTO ID_RAW\":\"AL13\",\"DEPARTAMENTO EMPLEADO\":\"CONTROL ESTADISTICO DE LA CALIDAD\",\"PUESTO DEL EMPLEADO ID_RAW\":\"AL29\",\"PUESTO DEL EMPLEADO\":\"REVISADOR DE PROCESO\",\"IDENTIFICADOR CENTRO TRABAJO EMPLEADO_RAW\":\"4000\",\"CENTRO TRABAJO EMPLEADO\":\"SAN MATEO-ALUTUB\",\"JEFE INMEDIATO EMPLEADO\":\"OMAR ANTONIO CASTAÑEDA JIMENEZ\",\"SALARIO DIARIO EMPLEADO\":4981.3699999999998908606357872486114501953125,\"SALARIO MENSUAL EMPLEADO\":149445.41000000000349245965480804443359375}', 'update', 'OK', '2025-12-22 13:34:30');
INSERT INTO `nomina_import_detalle` VALUES (815, 66, '0345', 'MEEM940414', '{\"NOMBRE DE EMPRESA\":\"ALUTUB S.A. DE C.V.\",\"NUMERO EMPLEADO\":\"0345\",\"APELLIDO PATERNO EMPLEADO\":\"MEJIA\",\"APELLIDO MATERNO EMPLEADO\":\"ENDEJE\",\"NOMBRES DEL EMPLEADO\":\"MIRIAM\",\"RFC EMPLEADO_RAW\":\"MEEM-940414-IT0\",\"RFC_BASE\":\"MEEM940414\",\"NO. CURP EMPLEADO\":\"MEEM940414MMCJNR01\",\"ES ACTIVO_RAW\":\"ACTIVO\",\"ES ACTIVO\":1,\"FECHA INGRESO DEL EMPLEADO\":\"2022-09-14\",\"FECHA BAJA\":null,\"TIPO EMPLEADO ID_RAW\":\"2\",\"TIPO EMPLEADO\":\"INDETERMINADO\",\"DEPARTAMENTO ID_RAW\":\"AL13\",\"DEPARTAMENTO EMPLEADO\":\"CONTROL ESTADISTICO DE LA CALIDAD\",\"PUESTO DEL EMPLEADO ID_RAW\":\"AL29\",\"PUESTO DEL EMPLEADO\":\"REVISADOR DE PROCESO\",\"IDENTIFICADOR CENTRO TRABAJO EMPLEADO_RAW\":\"4000\",\"CENTRO TRABAJO EMPLEADO\":\"SAN MATEO-ALUTUB\",\"JEFE INMEDIATO EMPLEADO\":\"OMAR ANTONIO CASTAÑEDA JIMENEZ\",\"SALARIO DIARIO EMPLEADO\":4981.3800000000001091393642127513885498046875,\"SALARIO MENSUAL EMPLEADO\":149445.41000000000349245965480804443359375}', 'update', 'OK', '2025-12-22 13:34:30');
INSERT INTO `nomina_import_detalle` VALUES (816, 66, '0351', 'AAMI880720', '{\"NOMBRE DE EMPRESA\":\"ALUTUB S.A. DE C.V.\",\"NUMERO EMPLEADO\":\"0351\",\"APELLIDO PATERNO EMPLEADO\":\"AYALA\",\"APELLIDO MATERNO EMPLEADO\":\"MARTINEZ\",\"NOMBRES DEL EMPLEADO\":\"IRMA\",\"RFC EMPLEADO_RAW\":\"AAMI-880720-FI5\",\"RFC_BASE\":\"AAMI880720\",\"NO. CURP EMPLEADO\":\"AAMI880720MMCYRR02\",\"ES ACTIVO_RAW\":\"ACTIVO\",\"ES ACTIVO\":1,\"FECHA INGRESO DEL EMPLEADO\":\"2022-09-28\",\"FECHA BAJA\":null,\"TIPO EMPLEADO ID_RAW\":\"2\",\"TIPO EMPLEADO\":\"INDETERMINADO\",\"DEPARTAMENTO ID_RAW\":\"AL13\",\"DEPARTAMENTO EMPLEADO\":\"CONTROL ESTADISTICO DE LA CALIDAD\",\"PUESTO DEL EMPLEADO ID_RAW\":\"AL29\",\"PUESTO DEL EMPLEADO\":\"REVISADOR DE PROCESO\",\"IDENTIFICADOR CENTRO TRABAJO EMPLEADO_RAW\":\"4000\",\"CENTRO TRABAJO EMPLEADO\":\"SAN MATEO-ALUTUB\",\"JEFE INMEDIATO EMPLEADO\":\"OMAR ANTONIO CASTAÑEDA JIMENEZ\",\"SALARIO DIARIO EMPLEADO\":4981.3800000000001091393642127513885498046875,\"SALARIO MENSUAL EMPLEADO\":149445.41000000000349245965480804443359375}', 'update', 'OK', '2025-12-22 13:34:30');
INSERT INTO `nomina_import_detalle` VALUES (817, 66, '0352', 'MACI640404', '{\"NOMBRE DE EMPRESA\":\"ALUTUB S.A. DE C.V.\",\"NUMERO EMPLEADO\":\"0352\",\"APELLIDO PATERNO EMPLEADO\":\"MARTINEZ\",\"APELLIDO MATERNO EMPLEADO\":\"DE LA CRUZ\",\"NOMBRES DEL EMPLEADO\":\"ISIDRO\",\"RFC EMPLEADO_RAW\":\"MACI-640404-2G9\",\"RFC_BASE\":\"MACI640404\",\"NO. CURP EMPLEADO\":\"MACI640404HMCRRS05\",\"ES ACTIVO_RAW\":\"ACTIVO\",\"ES ACTIVO\":1,\"FECHA INGRESO DEL EMPLEADO\":\"2022-09-28\",\"FECHA BAJA\":null,\"TIPO EMPLEADO ID_RAW\":\"2\",\"TIPO EMPLEADO\":\"INDETERMINADO\",\"DEPARTAMENTO ID_RAW\":\"AL13\",\"DEPARTAMENTO EMPLEADO\":\"CONTROL ESTADISTICO DE LA CALIDAD\",\"PUESTO DEL EMPLEADO ID_RAW\":\"AL29\",\"PUESTO DEL EMPLEADO\":\"REVISADOR DE PROCESO\",\"IDENTIFICADOR CENTRO TRABAJO EMPLEADO_RAW\":\"4000\",\"CENTRO TRABAJO EMPLEADO\":\"SAN MATEO-ALUTUB\",\"JEFE INMEDIATO EMPLEADO\":\"OMAR ANTONIO CASTAÑEDA JIMENEZ\",\"SALARIO DIARIO EMPLEADO\":4981.3800000000001091393642127513885498046875,\"SALARIO MENSUAL EMPLEADO\":149445.41000000000349245965480804443359375}', 'update', 'OK', '2025-12-22 13:34:30');
INSERT INTO `nomina_import_detalle` VALUES (818, 66, '0356', 'CELJ650427', '{\"NOMBRE DE EMPRESA\":\"ALUTUB S.A. DE C.V.\",\"NUMERO EMPLEADO\":\"0356\",\"APELLIDO PATERNO EMPLEADO\":\"CERVANTES\",\"APELLIDO MATERNO EMPLEADO\":\"LEON\",\"NOMBRES DEL EMPLEADO\":\"JAIME\",\"RFC EMPLEADO_RAW\":\"CELJ-650427-397\",\"RFC_BASE\":\"CELJ650427\",\"NO. CURP EMPLEADO\":\"CELJ650427HDFRNM04\",\"ES ACTIVO_RAW\":\"ACTIVO\",\"ES ACTIVO\":1,\"FECHA INGRESO DEL EMPLEADO\":\"2022-10-10\",\"FECHA BAJA\":null,\"TIPO EMPLEADO ID_RAW\":\"2\",\"TIPO EMPLEADO\":\"INDETERMINADO\",\"DEPARTAMENTO ID_RAW\":\"AL6\",\"DEPARTAMENTO EMPLEADO\":\"PRODUCCION\",\"PUESTO DEL EMPLEADO ID_RAW\":\"AL8\",\"PUESTO DEL EMPLEADO\":\"OPERADOR DE LITOGRAFIA\",\"IDENTIFICADOR CENTRO TRABAJO EMPLEADO_RAW\":\"4000\",\"CENTRO TRABAJO EMPLEADO\":\"SAN MATEO-ALUTUB\",\"JEFE INMEDIATO EMPLEADO\":\"JUAN CARLOS REYES BARRETERO\",\"SALARIO DIARIO EMPLEADO\":4981.3800000000001091393642127513885498046875,\"SALARIO MENSUAL EMPLEADO\":149445.41000000000349245965480804443359375}', 'update', 'OK', '2025-12-22 13:34:30');
INSERT INTO `nomina_import_detalle` VALUES (819, 66, '0363', 'PACJ690906', '{\"NOMBRE DE EMPRESA\":\"ALUTUB S.A. DE C.V.\",\"NUMERO EMPLEADO\":\"0363\",\"APELLIDO PATERNO EMPLEADO\":\"PACHECO\",\"APELLIDO MATERNO EMPLEADO\":\"CONTRERAS\",\"NOMBRES DEL EMPLEADO\":\"JUANA\",\"RFC EMPLEADO_RAW\":\"PACJ-690906-8K8\",\"RFC_BASE\":\"PACJ690906\",\"NO. CURP EMPLEADO\":\"PACJ690906MMCCNN08\",\"ES ACTIVO_RAW\":\"ACTIVO\",\"ES ACTIVO\":1,\"FECHA INGRESO DEL EMPLEADO\":\"2022-11-14\",\"FECHA BAJA\":null,\"TIPO EMPLEADO ID_RAW\":\"2\",\"TIPO EMPLEADO\":\"INDETERMINADO\",\"DEPARTAMENTO ID_RAW\":\"AL7\",\"DEPARTAMENTO EMPLEADO\":\"RECURSOS HUMANOS\",\"PUESTO DEL EMPLEADO ID_RAW\":\"AL24\",\"PUESTO DEL EMPLEADO\":\"AUXILIAR DE LIMPIEZA\",\"IDENTIFICADOR CENTRO TRABAJO EMPLEADO_RAW\":\"4000\",\"CENTRO TRABAJO EMPLEADO\":\"SAN MATEO-ALUTUB\",\"JEFE INMEDIATO EMPLEADO\":\"JUAN ANTONIO CARDENAS DOMINGUEZ\",\"SALARIO DIARIO EMPLEADO\":4981.3800000000001091393642127513885498046875,\"SALARIO MENSUAL EMPLEADO\":149445.42000000001280568540096282958984375}', 'update', 'OK', '2025-12-22 13:34:30');
INSERT INTO `nomina_import_detalle` VALUES (820, 66, '0371', 'AOBS041110', '{\"NOMBRE DE EMPRESA\":\"ALUTUB S.A. DE C.V.\",\"NUMERO EMPLEADO\":\"0371\",\"APELLIDO PATERNO EMPLEADO\":\"ALONSO\",\"APELLIDO MATERNO EMPLEADO\":\"BAHENA\",\"NOMBRES DEL EMPLEADO\":\"SERGIO\",\"RFC EMPLEADO_RAW\":\"AOBS-041110-UW6\",\"RFC_BASE\":\"AOBS041110\",\"NO. CURP EMPLEADO\":\"AOBS041110HMSLHRA8\",\"ES ACTIVO_RAW\":\"ACTIVO\",\"ES ACTIVO\":1,\"FECHA INGRESO DEL EMPLEADO\":\"2022-12-12\",\"FECHA BAJA\":null,\"TIPO EMPLEADO ID_RAW\":\"2\",\"TIPO EMPLEADO\":\"INDETERMINADO\",\"DEPARTAMENTO ID_RAW\":\"AL6\",\"DEPARTAMENTO EMPLEADO\":\"PRODUCCION\",\"PUESTO DEL EMPLEADO ID_RAW\":\"AL10\",\"PUESTO DEL EMPLEADO\":\"OPERADOR DE PRENSA\",\"IDENTIFICADOR CENTRO TRABAJO EMPLEADO_RAW\":\"4000\",\"CENTRO TRABAJO EMPLEADO\":\"SAN MATEO-ALUTUB\",\"JEFE INMEDIATO EMPLEADO\":\"JUAN CARLOS REYES BARRETERO\",\"SALARIO DIARIO EMPLEADO\":4981.3800000000001091393642127513885498046875,\"SALARIO MENSUAL EMPLEADO\":149445.42000000001280568540096282958984375}', 'update', 'OK', '2025-12-22 13:34:30');
INSERT INTO `nomina_import_detalle` VALUES (821, 66, '0375', 'GOFB660827', '{\"NOMBRE DE EMPRESA\":\"ALUTUB S.A. DE C.V.\",\"NUMERO EMPLEADO\":\"0375\",\"APELLIDO PATERNO EMPLEADO\":\"GONZALEZ\",\"APELLIDO MATERNO EMPLEADO\":\"FERNANDEZ\",\"NOMBRES DEL EMPLEADO\":\"BENILDE MARIA\",\"RFC EMPLEADO_RAW\":\"GOFB-660827-KQ4\",\"RFC_BASE\":\"GOFB660827\",\"NO. CURP EMPLEADO\":\"GOFB660827MTSNRN03\",\"ES ACTIVO_RAW\":\"ACTIVO\",\"ES ACTIVO\":1,\"FECHA INGRESO DEL EMPLEADO\":\"2016-01-18\",\"FECHA BAJA\":null,\"TIPO EMPLEADO ID_RAW\":\"2\",\"TIPO EMPLEADO\":\"INDETERMINADO\",\"DEPARTAMENTO ID_RAW\":\"AL9\",\"DEPARTAMENTO EMPLEADO\":\"ADMINISTRACION\",\"PUESTO DEL EMPLEADO ID_RAW\":\"AL33\",\"PUESTO DEL EMPLEADO\":\"SUBDIRECTOR ADMINISTRATIVO Y COMERCIAL\",\"IDENTIFICADOR CENTRO TRABAJO EMPLEADO_RAW\":\"4000\",\"CENTRO TRABAJO EMPLEADO\":\"SAN MATEO-ALUTUB\",\"JEFE INMEDIATO EMPLEADO\":\"\",\"SALARIO DIARIO EMPLEADO\":4981.3800000000001091393642127513885498046875,\"SALARIO MENSUAL EMPLEADO\":149445.42000000001280568540096282958984375}', 'update', 'OK', '2025-12-22 13:34:30');
INSERT INTO `nomina_import_detalle` VALUES (822, 66, '0379', 'FOMV770812', '{\"NOMBRE DE EMPRESA\":\"ALUTUB S.A. DE C.V.\",\"NUMERO EMPLEADO\":\"0379\",\"APELLIDO PATERNO EMPLEADO\":\"FLORES\",\"APELLIDO MATERNO EMPLEADO\":\"MATA\",\"NOMBRES DEL EMPLEADO\":\"VALENTIN\",\"RFC EMPLEADO_RAW\":\"FOMV-770812-2RA\",\"RFC_BASE\":\"FOMV770812\",\"NO. CURP EMPLEADO\":\"FOMV770812HMCLTL08\",\"ES ACTIVO_RAW\":\"ACTIVO\",\"ES ACTIVO\":1,\"FECHA INGRESO DEL EMPLEADO\":\"2023-01-11\",\"FECHA BAJA\":null,\"TIPO EMPLEADO ID_RAW\":\"2\",\"TIPO EMPLEADO\":\"INDETERMINADO\",\"DEPARTAMENTO ID_RAW\":\"AL6\",\"DEPARTAMENTO EMPLEADO\":\"PRODUCCION\",\"PUESTO DEL EMPLEADO ID_RAW\":\"AL8\",\"PUESTO DEL EMPLEADO\":\"OPERADOR DE LITOGRAFIA\",\"IDENTIFICADOR CENTRO TRABAJO EMPLEADO_RAW\":\"4000\",\"CENTRO TRABAJO EMPLEADO\":\"SAN MATEO-ALUTUB\",\"JEFE INMEDIATO EMPLEADO\":\"JUAN CARLOS REYES BARRETERO\",\"SALARIO DIARIO EMPLEADO\":4981.3800000000001091393642127513885498046875,\"SALARIO MENSUAL EMPLEADO\":149445.42000000001280568540096282958984375}', 'update', 'OK', '2025-12-22 13:34:30');
INSERT INTO `nomina_import_detalle` VALUES (823, 66, '0384', 'GUVL700303', '{\"NOMBRE DE EMPRESA\":\"ALUTUB S.A. DE C.V.\",\"NUMERO EMPLEADO\":\"0384\",\"APELLIDO PATERNO EMPLEADO\":\"GUADARRAMA\",\"APELLIDO MATERNO EMPLEADO\":\"VALENCIA\",\"NOMBRES DEL EMPLEADO\":\"MARIA DE LOURDES\",\"RFC EMPLEADO_RAW\":\"GUVL-700303-563\",\"RFC_BASE\":\"GUVL700303\",\"NO. CURP EMPLEADO\":\"GUVL700303MDFDLR18\",\"ES ACTIVO_RAW\":\"ACTIVO\",\"ES ACTIVO\":1,\"FECHA INGRESO DEL EMPLEADO\":\"2023-01-18\",\"FECHA BAJA\":null,\"TIPO EMPLEADO ID_RAW\":\"2\",\"TIPO EMPLEADO\":\"INDETERMINADO\",\"DEPARTAMENTO ID_RAW\":\"AL13\",\"DEPARTAMENTO EMPLEADO\":\"CONTROL ESTADISTICO DE LA CALIDAD\",\"PUESTO DEL EMPLEADO ID_RAW\":\"AL29\",\"PUESTO DEL EMPLEADO\":\"REVISADOR DE PROCESO\",\"IDENTIFICADOR CENTRO TRABAJO EMPLEADO_RAW\":\"4000\",\"CENTRO TRABAJO EMPLEADO\":\"SAN MATEO-ALUTUB\",\"JEFE INMEDIATO EMPLEADO\":\"OMAR ANTONIO CASTAÑEDA JIMENEZ\",\"SALARIO DIARIO EMPLEADO\":4981.3800000000001091393642127513885498046875,\"SALARIO MENSUAL EMPLEADO\":149445.42000000001280568540096282958984375}', 'update', 'OK', '2025-12-22 13:34:30');
INSERT INTO `nomina_import_detalle` VALUES (824, 66, '0386', 'PIAL730421', '{\"NOMBRE DE EMPRESA\":\"ALUTUB S.A. DE C.V.\",\"NUMERO EMPLEADO\":\"0386\",\"APELLIDO PATERNO EMPLEADO\":\"PIÑA\",\"APELLIDO MATERNO EMPLEADO\":\"ARIAS\",\"NOMBRES DEL EMPLEADO\":\"LLANET\",\"RFC EMPLEADO_RAW\":\"PIAL-730421-BU6\",\"RFC_BASE\":\"PIAL730421\",\"NO. CURP EMPLEADO\":\"PIAL730421MMCXRL04\",\"ES ACTIVO_RAW\":\"ACTIVO\",\"ES ACTIVO\":1,\"FECHA INGRESO DEL EMPLEADO\":\"2023-01-23\",\"FECHA BAJA\":null,\"TIPO EMPLEADO ID_RAW\":\"2\",\"TIPO EMPLEADO\":\"INDETERMINADO\",\"DEPARTAMENTO ID_RAW\":\"AL13\",\"DEPARTAMENTO EMPLEADO\":\"CONTROL ESTADISTICO DE LA CALIDAD\",\"PUESTO DEL EMPLEADO ID_RAW\":\"AL29\",\"PUESTO DEL EMPLEADO\":\"REVISADOR DE PROCESO\",\"IDENTIFICADOR CENTRO TRABAJO EMPLEADO_RAW\":\"4000\",\"CENTRO TRABAJO EMPLEADO\":\"SAN MATEO-ALUTUB\",\"JEFE INMEDIATO EMPLEADO\":\"OMAR ANTONIO CASTAÑEDA JIMENEZ\",\"SALARIO DIARIO EMPLEADO\":4981.3800000000001091393642127513885498046875,\"SALARIO MENSUAL EMPLEADO\":149445.42000000001280568540096282958984375}', 'update', 'OK', '2025-12-22 13:34:31');
INSERT INTO `nomina_import_detalle` VALUES (825, 66, '0390', 'MAFE821020', '{\"NOMBRE DE EMPRESA\":\"ALUTUB S.A. DE C.V.\",\"NUMERO EMPLEADO\":\"0390\",\"APELLIDO PATERNO EMPLEADO\":\"MANCILLA\",\"APELLIDO MATERNO EMPLEADO\":\"FLORES\",\"NOMBRES DEL EMPLEADO\":\"ELIZABETH\",\"RFC EMPLEADO_RAW\":\"MAFE-821020-2J9\",\"RFC_BASE\":\"MAFE821020\",\"NO. CURP EMPLEADO\":\"MAFE821020MMCNLL00\",\"ES ACTIVO_RAW\":\"ACTIVO\",\"ES ACTIVO\":1,\"FECHA INGRESO DEL EMPLEADO\":\"2023-01-30\",\"FECHA BAJA\":null,\"TIPO EMPLEADO ID_RAW\":\"2\",\"TIPO EMPLEADO\":\"INDETERMINADO\",\"DEPARTAMENTO ID_RAW\":\"AL13\",\"DEPARTAMENTO EMPLEADO\":\"CONTROL ESTADISTICO DE LA CALIDAD\",\"PUESTO DEL EMPLEADO ID_RAW\":\"AL29\",\"PUESTO DEL EMPLEADO\":\"REVISADOR DE PROCESO\",\"IDENTIFICADOR CENTRO TRABAJO EMPLEADO_RAW\":\"4000\",\"CENTRO TRABAJO EMPLEADO\":\"SAN MATEO-ALUTUB\",\"JEFE INMEDIATO EMPLEADO\":\"OMAR ANTONIO CASTAÑEDA JIMENEZ\",\"SALARIO DIARIO EMPLEADO\":4981.3900000000003274180926382541656494140625,\"SALARIO MENSUAL EMPLEADO\":149445.42000000001280568540096282958984375}', 'update', 'OK', '2025-12-22 13:34:31');
INSERT INTO `nomina_import_detalle` VALUES (826, 66, '0395', 'SAMK930306', '{\"NOMBRE DE EMPRESA\":\"ALUTUB S.A. DE C.V.\",\"NUMERO EMPLEADO\":\"0395\",\"APELLIDO PATERNO EMPLEADO\":\"SAMPERIO\",\"APELLIDO MATERNO EMPLEADO\":\"MALDONADO\",\"NOMBRES DEL EMPLEADO\":\"KELVIN ULISES\",\"RFC EMPLEADO_RAW\":\"SAMK-930306-3I2\",\"RFC_BASE\":\"SAMK930306\",\"NO. CURP EMPLEADO\":\"SAMK930306HMCMLL05\",\"ES ACTIVO_RAW\":\"ACTIVO\",\"ES ACTIVO\":1,\"FECHA INGRESO DEL EMPLEADO\":\"2023-03-01\",\"FECHA BAJA\":null,\"TIPO EMPLEADO ID_RAW\":\"2\",\"TIPO EMPLEADO\":\"INDETERMINADO\",\"DEPARTAMENTO ID_RAW\":\"AL13\",\"DEPARTAMENTO EMPLEADO\":\"CONTROL ESTADISTICO DE LA CALIDAD\",\"PUESTO DEL EMPLEADO ID_RAW\":\"AL29\",\"PUESTO DEL EMPLEADO\":\"REVISADOR DE PROCESO\",\"IDENTIFICADOR CENTRO TRABAJO EMPLEADO_RAW\":\"4000\",\"CENTRO TRABAJO EMPLEADO\":\"SAN MATEO-ALUTUB\",\"JEFE INMEDIATO EMPLEADO\":\"OMAR ANTONIO CASTAÑEDA JIMENEZ\",\"SALARIO DIARIO EMPLEADO\":4981.3900000000003274180926382541656494140625,\"SALARIO MENSUAL EMPLEADO\":149445.42000000001280568540096282958984375}', 'update', 'OK', '2025-12-22 13:34:31');
INSERT INTO `nomina_import_detalle` VALUES (827, 66, '0404', 'REBA790322', '{\"NOMBRE DE EMPRESA\":\"ALUTUB S.A. DE C.V.\",\"NUMERO EMPLEADO\":\"0404\",\"APELLIDO PATERNO EMPLEADO\":\"REYES\",\"APELLIDO MATERNO EMPLEADO\":\"BARRETERO\",\"NOMBRES DEL EMPLEADO\":\"JOSE ANGEL\",\"RFC EMPLEADO_RAW\":\"REBA-790322-FP2\",\"RFC_BASE\":\"REBA790322\",\"NO. CURP EMPLEADO\":\"REBA790322HDFYRN03\",\"ES ACTIVO_RAW\":\"ACTIVO\",\"ES ACTIVO\":1,\"FECHA INGRESO DEL EMPLEADO\":\"2023-04-12\",\"FECHA BAJA\":null,\"TIPO EMPLEADO ID_RAW\":\"2\",\"TIPO EMPLEADO\":\"INDETERMINADO\",\"DEPARTAMENTO ID_RAW\":\"AL16\",\"DEPARTAMENTO EMPLEADO\":\"PLANEACION\",\"PUESTO DEL EMPLEADO ID_RAW\":\"AL39\",\"PUESTO DEL EMPLEADO\":\"JEFE DE PLANEACION\",\"IDENTIFICADOR CENTRO TRABAJO EMPLEADO_RAW\":\"4000\",\"CENTRO TRABAJO EMPLEADO\":\"SAN MATEO-ALUTUB\",\"JEFE INMEDIATO EMPLEADO\":\"JUAN CARLOS REYES BARRETERO\",\"SALARIO DIARIO EMPLEADO\":4981.3900000000003274180926382541656494140625,\"SALARIO MENSUAL EMPLEADO\":149445.42000000001280568540096282958984375}', 'update', 'OK', '2025-12-22 13:34:31');
INSERT INTO `nomina_import_detalle` VALUES (828, 66, '0001', 'GOGC681014', '{\"NOMBRE DE EMPRESA\":\"FARMACEUTICA HISPANOAMERICANA S.A. DE C.V.\",\"NUMERO EMPLEADO\":\"0001\",\"APELLIDO PATERNO EMPLEADO\":\"GOMEZ\",\"APELLIDO MATERNO EMPLEADO\":\"GONZALEZ\",\"NOMBRES DEL EMPLEADO\":\"CEFERINO\",\"RFC EMPLEADO_RAW\":\"GOGC-681014-RX9\",\"RFC_BASE\":\"GOGC681014\",\"NO. CURP EMPLEADO\":\"GOGC681014HJCMNF07\",\"ES ACTIVO_RAW\":\"ACTIVO\",\"ES ACTIVO\":1,\"FECHA INGRESO DEL EMPLEADO\":\"2006-06-04\",\"FECHA BAJA\":null,\"TIPO EMPLEADO ID_RAW\":\"2\",\"TIPO EMPLEADO\":\"INDETERMINADO\",\"DEPARTAMENTO ID_RAW\":\"1\",\"DEPARTAMENTO EMPLEADO\":\"ADMINISTRACION\",\"PUESTO DEL EMPLEADO ID_RAW\":\"55\",\"PUESTO DEL EMPLEADO\":\"DIRECTOR DE FINANZAS\",\"IDENTIFICADOR CENTRO TRABAJO EMPLEADO_RAW\":\"1009\",\"CENTRO TRABAJO EMPLEADO\":\"FH CORPORATIVO DESP. 702\",\"JEFE INMEDIATO EMPLEADO\":\"\",\"SALARIO DIARIO EMPLEADO\":4981.4399999999995998223312199115753173828125,\"SALARIO MENSUAL EMPLEADO\":149445.48000000001047737896442413330078125}', 'update', 'OK', '2025-12-22 13:34:31');
INSERT INTO `nomina_import_detalle` VALUES (829, 66, '0002', 'GOFF711124', '{\"NOMBRE DE EMPRESA\":\"FARMACEUTICA HISPANOAMERICANA S.A. DE C.V.\",\"NUMERO EMPLEADO\":\"0002\",\"APELLIDO PATERNO EMPLEADO\":\"GONZALEZ\",\"APELLIDO MATERNO EMPLEADO\":\"FERNANDEZ\",\"NOMBRES DEL EMPLEADO\":\"FELIPE\",\"RFC EMPLEADO_RAW\":\"GOFF-711124-UH7\",\"RFC_BASE\":\"GOFF711124\",\"NO. CURP EMPLEADO\":\"GOFF711124HTSNRL02\",\"ES ACTIVO_RAW\":\"ACTIVO\",\"ES ACTIVO\":1,\"FECHA INGRESO DEL EMPLEADO\":\"2013-09-17\",\"FECHA BAJA\":null,\"TIPO EMPLEADO ID_RAW\":\"2\",\"TIPO EMPLEADO\":\"INDETERMINADO\",\"DEPARTAMENTO ID_RAW\":\"1\",\"DEPARTAMENTO EMPLEADO\":\"ADMINISTRACION\",\"PUESTO DEL EMPLEADO ID_RAW\":\"52\",\"PUESTO DEL EMPLEADO\":\"DIRECTOR DE ADMINISTRACION\",\"IDENTIFICADOR CENTRO TRABAJO EMPLEADO_RAW\":\"1009\",\"CENTRO TRABAJO EMPLEADO\":\"FH CORPORATIVO DESP. 702\",\"JEFE INMEDIATO EMPLEADO\":\"\",\"SALARIO DIARIO EMPLEADO\":4981.4399999999995998223312199115753173828125,\"SALARIO MENSUAL EMPLEADO\":149445.48000000001047737896442413330078125}', 'update', 'OK', '2025-12-22 13:34:31');
INSERT INTO `nomina_import_detalle` VALUES (830, 66, '0003', 'LOGE680207', '{\"NOMBRE DE EMPRESA\":\"FARMACEUTICA HISPANOAMERICANA S.A. DE C.V.\",\"NUMERO EMPLEADO\":\"0003\",\"APELLIDO PATERNO EMPLEADO\":\"LOPEZ\",\"APELLIDO MATERNO EMPLEADO\":\"GUTIERREZ\",\"NOMBRES DEL EMPLEADO\":\"MARIA ENRIQUETA\",\"RFC EMPLEADO_RAW\":\"LOGE-680207-NE0\",\"RFC_BASE\":\"LOGE680207\",\"NO. CURP EMPLEADO\":\"LOGE680207MDFPTN02\",\"ES ACTIVO_RAW\":\"ACTIVO\",\"ES ACTIVO\":1,\"FECHA INGRESO DEL EMPLEADO\":\"2013-09-17\",\"FECHA BAJA\":null,\"TIPO EMPLEADO ID_RAW\":\"2\",\"TIPO EMPLEADO\":\"INDETERMINADO\",\"DEPARTAMENTO ID_RAW\":\"1\",\"DEPARTAMENTO EMPLEADO\":\"ADMINISTRACION\",\"PUESTO DEL EMPLEADO ID_RAW\":\"54\",\"PUESTO DEL EMPLEADO\":\"DIRECTOR DE CONTRALORIA\",\"IDENTIFICADOR CENTRO TRABAJO EMPLEADO_RAW\":\"1009\",\"CENTRO TRABAJO EMPLEADO\":\"FH CORPORATIVO DESP. 702\",\"JEFE INMEDIATO EMPLEADO\":\"\",\"SALARIO DIARIO EMPLEADO\":4981.4399999999995998223312199115753173828125,\"SALARIO MENSUAL EMPLEADO\":149445.48000000001047737896442413330078125}', 'update', 'OK', '2025-12-22 13:34:31');
INSERT INTO `nomina_import_detalle` VALUES (831, 66, '0004', 'SABG810320', '{\"NOMBRE DE EMPRESA\":\"FARMACEUTICA HISPANOAMERICANA S.A. DE C.V.\",\"NUMERO EMPLEADO\":\"0004\",\"APELLIDO PATERNO EMPLEADO\":\"SARMIENTO\",\"APELLIDO MATERNO EMPLEADO\":\"BONARDEL\",\"NOMBRES DEL EMPLEADO\":\"GINETTE\",\"RFC EMPLEADO_RAW\":\"SABG-810320-BX3\",\"RFC_BASE\":\"SABG810320\",\"NO. CURP EMPLEADO\":\"SABG810320MSRRNN06\",\"ES ACTIVO_RAW\":\"ACTIVO\",\"ES ACTIVO\":1,\"FECHA INGRESO DEL EMPLEADO\":\"2007-10-01\",\"FECHA BAJA\":null,\"TIPO EMPLEADO ID_RAW\":\"2\",\"TIPO EMPLEADO\":\"INDETERMINADO\",\"DEPARTAMENTO ID_RAW\":\"1\",\"DEPARTAMENTO EMPLEADO\":\"ADMINISTRACION\",\"PUESTO DEL EMPLEADO ID_RAW\":\"57\",\"PUESTO DEL EMPLEADO\":\"DIRECTOR DE TESORERIA\",\"IDENTIFICADOR CENTRO TRABAJO EMPLEADO_RAW\":\"1009\",\"CENTRO TRABAJO EMPLEADO\":\"FH CORPORATIVO DESP. 702\",\"JEFE INMEDIATO EMPLEADO\":\"\",\"SALARIO DIARIO EMPLEADO\":4981.4399999999995998223312199115753173828125,\"SALARIO MENSUAL EMPLEADO\":149445.48000000001047737896442413330078125}', 'update', 'OK', '2025-12-22 13:34:31');
INSERT INTO `nomina_import_detalle` VALUES (832, 66, '1001', 'DEMA871022', '{\"NOMBRE DE EMPRESA\":\"FARMACEUTICA HISPANOAMERICANA S.A. DE C.V.\",\"NUMERO EMPLEADO\":\"1001\",\"APELLIDO PATERNO EMPLEADO\":\"DELGADILLO\",\"APELLIDO MATERNO EMPLEADO\":\"MANRIQUEZ\",\"NOMBRES DEL EMPLEADO\":\"ARELI\",\"RFC EMPLEADO_RAW\":\"DEMA-871022-K34\",\"RFC_BASE\":\"DEMA871022\",\"NO. CURP EMPLEADO\":\"DEMA871022MDFLNR05\",\"ES ACTIVO_RAW\":\"ACTIVO\",\"ES ACTIVO\":1,\"FECHA INGRESO DEL EMPLEADO\":\"2012-10-15\",\"FECHA BAJA\":null,\"TIPO EMPLEADO ID_RAW\":\"2\",\"TIPO EMPLEADO\":\"INDETERMINADO\",\"DEPARTAMENTO ID_RAW\":\"5\",\"DEPARTAMENTO EMPLEADO\":\"ASEGURAMIENTO DE CALIDAD\",\"PUESTO DEL EMPLEADO ID_RAW\":\"210\",\"PUESTO DEL EMPLEADO\":\"SUBGERENTE DE ASEGURAMIENTO DE CALIDAD\",\"IDENTIFICADOR CENTRO TRABAJO EMPLEADO_RAW\":\"1001\",\"CENTRO TRABAJO EMPLEADO\":\"FH LAGO ISEO 184\",\"JEFE INMEDIATO EMPLEADO\":\"SERGIO RODRIGUEZ CAMPOS\",\"SALARIO DIARIO EMPLEADO\":4981.4499999999998181010596454143524169921875,\"SALARIO MENSUAL EMPLEADO\":149445.48000000001047737896442413330078125}', 'update', 'OK', '2025-12-22 13:34:32');
INSERT INTO `nomina_import_detalle` VALUES (833, 66, '1002', 'ROCS691121', '{\"NOMBRE DE EMPRESA\":\"FARMACEUTICA HISPANOAMERICANA S.A. DE C.V.\",\"NUMERO EMPLEADO\":\"1002\",\"APELLIDO PATERNO EMPLEADO\":\"RODRIGUEZ\",\"APELLIDO MATERNO EMPLEADO\":\"CAMPOS\",\"NOMBRES DEL EMPLEADO\":\"SERGIO\",\"RFC EMPLEADO_RAW\":\"ROCS-691121-RQ9\",\"RFC_BASE\":\"ROCS691121\",\"NO. CURP EMPLEADO\":\"ROCS691121HDFDMR07\",\"ES ACTIVO_RAW\":\"ACTIVO\",\"ES ACTIVO\":1,\"FECHA INGRESO DEL EMPLEADO\":\"2011-12-19\",\"FECHA BAJA\":null,\"TIPO EMPLEADO ID_RAW\":\"2\",\"TIPO EMPLEADO\":\"INDETERMINADO\",\"DEPARTAMENTO ID_RAW\":\"5\",\"DEPARTAMENTO EMPLEADO\":\"ASEGURAMIENTO DE CALIDAD\",\"PUESTO DEL EMPLEADO ID_RAW\":\"80\",\"PUESTO DEL EMPLEADO\":\"GERENTE DE UNIDAD DE CALIDAD RESPONSABLE SANITARIO\",\"IDENTIFICADOR CENTRO TRABAJO EMPLEADO_RAW\":\"1001\",\"CENTRO TRABAJO EMPLEADO\":\"FH LAGO ISEO 184\",\"JEFE INMEDIATO EMPLEADO\":\"ANGEL ALBARRAN MARTINEZ\",\"SALARIO DIARIO EMPLEADO\":4981.4499999999998181010596454143524169921875,\"SALARIO MENSUAL EMPLEADO\":149445.48000000001047737896442413330078125}', 'update', 'OK', '2025-12-22 13:34:32');
INSERT INTO `nomina_import_detalle` VALUES (834, 66, '1005', 'PETR910312', '{\"NOMBRE DE EMPRESA\":\"FARMACEUTICA HISPANOAMERICANA S.A. DE C.V.\",\"NUMERO EMPLEADO\":\"1005\",\"APELLIDO PATERNO EMPLEADO\":\"PEREZ\",\"APELLIDO MATERNO EMPLEADO\":\"TECALCO\",\"NOMBRES DEL EMPLEADO\":\"REBECA ITZEL\",\"RFC EMPLEADO_RAW\":\"PETR-910312-6D7\",\"RFC_BASE\":\"PETR910312\",\"NO. CURP EMPLEADO\":\"PETR910312MDFRCB06\",\"ES ACTIVO_RAW\":\"ACTIVO\",\"ES ACTIVO\":1,\"FECHA INGRESO DEL EMPLEADO\":\"2019-07-25\",\"FECHA BAJA\":null,\"TIPO EMPLEADO ID_RAW\":\"2\",\"TIPO EMPLEADO\":\"INDETERMINADO\",\"DEPARTAMENTO ID_RAW\":\"10\",\"DEPARTAMENTO EMPLEADO\":\"CONTRALORIA GENERAL\",\"PUESTO DEL EMPLEADO ID_RAW\":\"173\",\"PUESTO DEL EMPLEADO\":\"CONTADOR FISCAL\",\"IDENTIFICADOR CENTRO TRABAJO EMPLEADO_RAW\":\"1008\",\"CENTRO TRABAJO EMPLEADO\":\"FH CORPORATIVO DESP 701\",\"JEFE INMEDIATO EMPLEADO\":\"AGUSTIN MATA HERNANDEZ\",\"SALARIO DIARIO EMPLEADO\":4981.4499999999998181010596454143524169921875,\"SALARIO MENSUAL EMPLEADO\":149445.48000000001047737896442413330078125}', 'update', 'OK', '2025-12-22 13:34:32');
INSERT INTO `nomina_import_detalle` VALUES (835, 66, '1006', 'MAHA740828', '{\"NOMBRE DE EMPRESA\":\"FARMACEUTICA HISPANOAMERICANA S.A. DE C.V.\",\"NUMERO EMPLEADO\":\"1006\",\"APELLIDO PATERNO EMPLEADO\":\"MATA\",\"APELLIDO MATERNO EMPLEADO\":\"HERNANDEZ\",\"NOMBRES DEL EMPLEADO\":\"AGUSTIN\",\"RFC EMPLEADO_RAW\":\"MAHA-740828-J94\",\"RFC_BASE\":\"MAHA740828\",\"NO. CURP EMPLEADO\":\"MAHA740828HDFTRG05\",\"ES ACTIVO_RAW\":\"ACTIVO\",\"ES ACTIVO\":1,\"FECHA INGRESO DEL EMPLEADO\":\"2018-03-20\",\"FECHA BAJA\":null,\"TIPO EMPLEADO ID_RAW\":\"2\",\"TIPO EMPLEADO\":\"INDETERMINADO\",\"DEPARTAMENTO ID_RAW\":\"10\",\"DEPARTAMENTO EMPLEADO\":\"CONTRALORIA GENERAL\",\"PUESTO DEL EMPLEADO ID_RAW\":\"33\",\"PUESTO DEL EMPLEADO\":\"CONTRALOR GENERAL\",\"IDENTIFICADOR CENTRO TRABAJO EMPLEADO_RAW\":\"1008\",\"CENTRO TRABAJO EMPLEADO\":\"FH CORPORATIVO DESP 701\",\"JEFE INMEDIATO EMPLEADO\":\"CARLOS ALBERTO AGUILAR PERALTA\",\"SALARIO DIARIO EMPLEADO\":4981.4499999999998181010596454143524169921875,\"SALARIO MENSUAL EMPLEADO\":149445.48000000001047737896442413330078125}', 'update', 'OK', '2025-12-22 13:34:32');
INSERT INTO `nomina_import_detalle` VALUES (836, 66, '1007', 'LOPL790524', '{\"NOMBRE DE EMPRESA\":\"FARMACEUTICA HISPANOAMERICANA S.A. DE C.V.\",\"NUMERO EMPLEADO\":\"1007\",\"APELLIDO PATERNO EMPLEADO\":\"LOZANO\",\"APELLIDO MATERNO EMPLEADO\":\"PEREZ\",\"NOMBRES DEL EMPLEADO\":\"LORENA ADRIANA\",\"RFC EMPLEADO_RAW\":\"LOPL-790524-R92\",\"RFC_BASE\":\"LOPL790524\",\"NO. CURP EMPLEADO\":\"LOPL790524MDFZRR07\",\"ES ACTIVO_RAW\":\"ACTIVO\",\"ES ACTIVO\":1,\"FECHA INGRESO DEL EMPLEADO\":\"2011-02-16\",\"FECHA BAJA\":null,\"TIPO EMPLEADO ID_RAW\":\"2\",\"TIPO EMPLEADO\":\"INDETERMINADO\",\"DEPARTAMENTO ID_RAW\":\"15\",\"DEPARTAMENTO EMPLEADO\":\"DIRECCION DE NUEVOS NEGOCIOS\",\"PUESTO DEL EMPLEADO ID_RAW\":\"56\",\"PUESTO DEL EMPLEADO\":\"DIRECTOR DE NUEVOS NEGOCIOS\",\"IDENTIFICADOR CENTRO TRABAJO EMPLEADO_RAW\":\"1008\",\"CENTRO TRABAJO EMPLEADO\":\"FH CORPORATIVO DESP 701\",\"JEFE INMEDIATO EMPLEADO\":\"ANGEL ALBARRAN MARTINEZ\",\"SALARIO DIARIO EMPLEADO\":4981.4499999999998181010596454143524169921875,\"SALARIO MENSUAL EMPLEADO\":149445.48999999999068677425384521484375}', 'update', 'OK', '2025-12-22 13:34:32');
INSERT INTO `nomina_import_detalle` VALUES (837, 66, '1008', 'MUGL911206', '{\"NOMBRE DE EMPRESA\":\"FARMACEUTICA HISPANOAMERICANA S.A. DE C.V.\",\"NUMERO EMPLEADO\":\"1008\",\"APELLIDO PATERNO EMPLEADO\":\"MUÑOZ\",\"APELLIDO MATERNO EMPLEADO\":\"GARCIA\",\"NOMBRES DEL EMPLEADO\":\"LESLIE JHOANA\",\"RFC EMPLEADO_RAW\":\"MUGL-911206-QD4\",\"RFC_BASE\":\"MUGL911206\",\"NO. CURP EMPLEADO\":\"MUGL911206MDFXRS03\",\"ES ACTIVO_RAW\":\"ACTIVO\",\"ES ACTIVO\":1,\"FECHA INGRESO DEL EMPLEADO\":\"2019-01-02\",\"FECHA BAJA\":null,\"TIPO EMPLEADO ID_RAW\":\"2\",\"TIPO EMPLEADO\":\"INDETERMINADO\",\"DEPARTAMENTO ID_RAW\":\"15\",\"DEPARTAMENTO EMPLEADO\":\"DIRECCION DE NUEVOS NEGOCIOS\",\"PUESTO DEL EMPLEADO ID_RAW\":\"252\",\"PUESTO DEL EMPLEADO\":\"GERENTE CORPORATIVO DE NUEVOS NEGOCIOS\",\"IDENTIFICADOR CENTRO TRABAJO EMPLEADO_RAW\":\"1008\",\"CENTRO TRABAJO EMPLEADO\":\"FH CORPORATIVO DESP 701\",\"JEFE INMEDIATO EMPLEADO\":\"LORENA ADRIANA LOZANO PEREZ\",\"SALARIO DIARIO EMPLEADO\":4981.4499999999998181010596454143524169921875,\"SALARIO MENSUAL EMPLEADO\":149445.48999999999068677425384521484375}', 'update', 'OK', '2025-12-22 13:34:32');
INSERT INTO `nomina_import_detalle` VALUES (838, 66, '1009', 'AUPC720331', '{\"NOMBRE DE EMPRESA\":\"FARMACEUTICA HISPANOAMERICANA S.A. DE C.V.\",\"NUMERO EMPLEADO\":\"1009\",\"APELLIDO PATERNO EMPLEADO\":\"AGUILAR\",\"APELLIDO MATERNO EMPLEADO\":\"PERALTA\",\"NOMBRES DEL EMPLEADO\":\"CARLOS ALBERTO\",\"RFC EMPLEADO_RAW\":\"AUPC-720331-MS7\",\"RFC_BASE\":\"AUPC720331\",\"NO. CURP EMPLEADO\":\"AUPC720331HDFGRR08\",\"ES ACTIVO_RAW\":\"ACTIVO\",\"ES ACTIVO\":1,\"FECHA INGRESO DEL EMPLEADO\":\"2019-06-26\",\"FECHA BAJA\":null,\"TIPO EMPLEADO ID_RAW\":\"2\",\"TIPO EMPLEADO\":\"INDETERMINADO\",\"DEPARTAMENTO ID_RAW\":\"14\",\"DEPARTAMENTO EMPLEADO\":\"DIRECCION DE ADMINISTRACION Y FINANZAS\",\"PUESTO DEL EMPLEADO ID_RAW\":\"53\",\"PUESTO DEL EMPLEADO\":\"DIRECTOR DE ADMINISTRACION Y FINANZAS\",\"IDENTIFICADOR CENTRO TRABAJO EMPLEADO_RAW\":\"1008\",\"CENTRO TRABAJO EMPLEADO\":\"FH CORPORATIVO DESP 701\",\"JEFE INMEDIATO EMPLEADO\":\"\",\"SALARIO DIARIO EMPLEADO\":4981.4499999999998181010596454143524169921875,\"SALARIO MENSUAL EMPLEADO\":149445.48999999999068677425384521484375}', 'update', 'OK', '2025-12-22 13:34:32');
INSERT INTO `nomina_import_detalle` VALUES (839, 66, '1011', 'AAMA620506', '{\"NOMBRE DE EMPRESA\":\"FARMACEUTICA HISPANOAMERICANA S.A. DE C.V.\",\"NUMERO EMPLEADO\":\"1011\",\"APELLIDO PATERNO EMPLEADO\":\"ALBARRAN\",\"APELLIDO MATERNO EMPLEADO\":\"MARTINEZ\",\"NOMBRES DEL EMPLEADO\":\"ANGEL\",\"RFC EMPLEADO_RAW\":\"AAMA-620506-P41\",\"RFC_BASE\":\"AAMA620506\",\"NO. CURP EMPLEADO\":\"AAMA620506HDFLRN06\",\"ES ACTIVO_RAW\":\"ACTIVO\",\"ES ACTIVO\":1,\"FECHA INGRESO DEL EMPLEADO\":\"2009-06-15\",\"FECHA BAJA\":null,\"TIPO EMPLEADO ID_RAW\":\"2\",\"TIPO EMPLEADO\":\"INDETERMINADO\",\"DEPARTAMENTO ID_RAW\":\"17\",\"DEPARTAMENTO EMPLEADO\":\"DIRECCION GENERAL\",\"PUESTO DEL EMPLEADO ID_RAW\":\"58\",\"PUESTO DEL EMPLEADO\":\"DIRECTOR GENERAL\",\"IDENTIFICADOR CENTRO TRABAJO EMPLEADO_RAW\":\"1008\",\"CENTRO TRABAJO EMPLEADO\":\"FH CORPORATIVO DESP 701\",\"JEFE INMEDIATO EMPLEADO\":\"\",\"SALARIO DIARIO EMPLEADO\":4981.4499999999998181010596454143524169921875,\"SALARIO MENSUAL EMPLEADO\":149445.48999999999068677425384521484375}', 'update', 'OK', '2025-12-22 13:34:32');
INSERT INTO `nomina_import_detalle` VALUES (840, 66, '1014', 'SAGE600411', '{\"NOMBRE DE EMPRESA\":\"FARMACEUTICA HISPANOAMERICANA S.A. DE C.V.\",\"NUMERO EMPLEADO\":\"1014\",\"APELLIDO PATERNO EMPLEADO\":\"SANTILLAN\",\"APELLIDO MATERNO EMPLEADO\":\"GUTIERREZ\",\"NOMBRES DEL EMPLEADO\":\"EDGAR\",\"RFC EMPLEADO_RAW\":\"SAGE-600411-HF9\",\"RFC_BASE\":\"SAGE600411\",\"NO. CURP EMPLEADO\":\"SAGE600411HDFNTD04\",\"ES ACTIVO_RAW\":\"ACTIVO\",\"ES ACTIVO\":1,\"FECHA INGRESO DEL EMPLEADO\":\"2011-12-20\",\"FECHA BAJA\":null,\"TIPO EMPLEADO ID_RAW\":\"2\",\"TIPO EMPLEADO\":\"INDETERMINADO\",\"DEPARTAMENTO ID_RAW\":\"23\",\"DEPARTAMENTO EMPLEADO\":\"PRODUCCION AEROSOLES\",\"PUESTO DEL EMPLEADO ID_RAW\":\"251\",\"PUESTO DEL EMPLEADO\":\"GERENTE DE PLANTA\",\"IDENTIFICADOR CENTRO TRABAJO EMPLEADO_RAW\":\"1001\",\"CENTRO TRABAJO EMPLEADO\":\"FH LAGO ISEO 184\",\"JEFE INMEDIATO EMPLEADO\":\"MISAEL MENDOZA HERNANDEZ\",\"SALARIO DIARIO EMPLEADO\":4981.4499999999998181010596454143524169921875,\"SALARIO MENSUAL EMPLEADO\":149445.48999999999068677425384521484375}', 'update', 'OK', '2025-12-22 13:34:32');
INSERT INTO `nomina_import_detalle` VALUES (841, 66, '1019', 'RORL750102', '{\"NOMBRE DE EMPRESA\":\"FARMACEUTICA HISPANOAMERICANA S.A. DE C.V.\",\"NUMERO EMPLEADO\":\"1019\",\"APELLIDO PATERNO EMPLEADO\":\"ROJO\",\"APELLIDO MATERNO EMPLEADO\":\"ROMERO\",\"NOMBRES DEL EMPLEADO\":\"LUISA GABRIELA\",\"RFC EMPLEADO_RAW\":\"RORL-750102-KB5\",\"RFC_BASE\":\"RORL750102\",\"NO. CURP EMPLEADO\":\"RORL750102MDFJMS09\",\"ES ACTIVO_RAW\":\"ACTIVO\",\"ES ACTIVO\":1,\"FECHA INGRESO DEL EMPLEADO\":\"2019-07-03\",\"FECHA BAJA\":null,\"TIPO EMPLEADO ID_RAW\":\"2\",\"TIPO EMPLEADO\":\"INDETERMINADO\",\"DEPARTAMENTO ID_RAW\":\"28\",\"DEPARTAMENTO EMPLEADO\":\"TESORERIA\",\"PUESTO DEL EMPLEADO ID_RAW\":\"79\",\"PUESTO DEL EMPLEADO\":\"GERENTE DE TESORERIA\",\"IDENTIFICADOR CENTRO TRABAJO EMPLEADO_RAW\":\"1008\",\"CENTRO TRABAJO EMPLEADO\":\"FH CORPORATIVO DESP 701\",\"JEFE INMEDIATO EMPLEADO\":\"LUISA GABRIELA ROJO ROMERO\",\"SALARIO DIARIO EMPLEADO\":4981.4499999999998181010596454143524169921875,\"SALARIO MENSUAL EMPLEADO\":149445.48999999999068677425384521484375}', 'update', 'OK', '2025-12-22 13:34:33');
INSERT INTO `nomina_import_detalle` VALUES (842, 66, '1020', 'GOHA810522', '{\"NOMBRE DE EMPRESA\":\"FARMACEUTICA HISPANOAMERICANA S.A. DE C.V.\",\"NUMERO EMPLEADO\":\"1020\",\"APELLIDO PATERNO EMPLEADO\":\"GODINEZ\",\"APELLIDO MATERNO EMPLEADO\":\"HERRERA\",\"NOMBRES DEL EMPLEADO\":\"ALBA MARIANA\",\"RFC EMPLEADO_RAW\":\"GOHA-810522-JWA\",\"RFC_BASE\":\"GOHA810522\",\"NO. CURP EMPLEADO\":\"GOHA810522MDFDRL00\",\"ES ACTIVO_RAW\":\"ACTIVO\",\"ES ACTIVO\":1,\"FECHA INGRESO DEL EMPLEADO\":\"2016-10-26\",\"FECHA BAJA\":null,\"TIPO EMPLEADO ID_RAW\":\"2\",\"TIPO EMPLEADO\":\"INDETERMINADO\",\"DEPARTAMENTO ID_RAW\":\"28\",\"DEPARTAMENTO EMPLEADO\":\"TESORERIA\",\"PUESTO DEL EMPLEADO ID_RAW\":\"220\",\"PUESTO DEL EMPLEADO\":\"JEFE DE TESORERIA\",\"IDENTIFICADOR CENTRO TRABAJO EMPLEADO_RAW\":\"1008\",\"CENTRO TRABAJO EMPLEADO\":\"FH CORPORATIVO DESP 701\",\"JEFE INMEDIATO EMPLEADO\":\"LUISA GABRIELA ROJO ROMERO\",\"SALARIO DIARIO EMPLEADO\":4981.4600000000000363797880709171295166015625,\"SALARIO MENSUAL EMPLEADO\":149445.48999999999068677425384521484375}', 'update', 'OK', '2025-12-22 13:34:33');
INSERT INTO `nomina_import_detalle` VALUES (843, 66, '1021', 'LOBJ850604', '{\"NOMBRE DE EMPRESA\":\"FARMACEUTICA HISPANOAMERICANA S.A. DE C.V.\",\"NUMERO EMPLEADO\":\"1021\",\"APELLIDO PATERNO EMPLEADO\":\"LOPEZ\",\"APELLIDO MATERNO EMPLEADO\":\"BARRIOS\",\"NOMBRES DEL EMPLEADO\":\"JOSCELYN VICTORIA\",\"RFC EMPLEADO_RAW\":\"LOBJ-850604-3U3\",\"RFC_BASE\":\"LOBJ850604\",\"NO. CURP EMPLEADO\":\"LOBJ850604MDFPRS01\",\"ES ACTIVO_RAW\":\"ACTIVO\",\"ES ACTIVO\":1,\"FECHA INGRESO DEL EMPLEADO\":\"2014-01-02\",\"FECHA BAJA\":null,\"TIPO EMPLEADO ID_RAW\":\"2\",\"TIPO EMPLEADO\":\"INDETERMINADO\",\"DEPARTAMENTO ID_RAW\":\"30\",\"DEPARTAMENTO EMPLEADO\":\"VENTAS GOBIERNO\",\"PUESTO DEL EMPLEADO ID_RAW\":\"207\",\"PUESTO DEL EMPLEADO\":\"DIRECTOR NACIONAL DE VENTAS\",\"IDENTIFICADOR CENTRO TRABAJO EMPLEADO_RAW\":\"1008\",\"CENTRO TRABAJO EMPLEADO\":\"FH CORPORATIVO DESP 701\",\"JEFE INMEDIATO EMPLEADO\":\"\",\"SALARIO DIARIO EMPLEADO\":4981.4600000000000363797880709171295166015625,\"SALARIO MENSUAL EMPLEADO\":149445.48999999999068677425384521484375}', 'update', 'OK', '2025-12-22 13:34:33');
INSERT INTO `nomina_import_detalle` VALUES (844, 66, '1022', 'EICV730315', '{\"NOMBRE DE EMPRESA\":\"FARMACEUTICA HISPANOAMERICANA S.A. DE C.V.\",\"NUMERO EMPLEADO\":\"1022\",\"APELLIDO PATERNO EMPLEADO\":\"ESPINOSA DE LOS MONTEROS\",\"APELLIDO MATERNO EMPLEADO\":\"CALDERON\",\"NOMBRES DEL EMPLEADO\":\"VERONICA\",\"RFC EMPLEADO_RAW\":\"EICV-730315-8B8\",\"RFC_BASE\":\"EICV730315\",\"NO. CURP EMPLEADO\":\"EICV730315MDFSLR05\",\"ES ACTIVO_RAW\":\"ACTIVO\",\"ES ACTIVO\":1,\"FECHA INGRESO DEL EMPLEADO\":\"2016-12-19\",\"FECHA BAJA\":null,\"TIPO EMPLEADO ID_RAW\":\"2\",\"TIPO EMPLEADO\":\"INDETERMINADO\",\"DEPARTAMENTO ID_RAW\":\"30\",\"DEPARTAMENTO EMPLEADO\":\"VENTAS GOBIERNO\",\"PUESTO DEL EMPLEADO ID_RAW\":\"81\",\"PUESTO DEL EMPLEADO\":\"GERENTE DE VENTAS GOBIERNO\",\"IDENTIFICADOR CENTRO TRABAJO EMPLEADO_RAW\":\"1008\",\"CENTRO TRABAJO EMPLEADO\":\"FH CORPORATIVO DESP 701\",\"JEFE INMEDIATO EMPLEADO\":\"JOSCELYN VICTORIA LOPEZ BARRIOS\",\"SALARIO DIARIO EMPLEADO\":4981.4600000000000363797880709171295166015625,\"SALARIO MENSUAL EMPLEADO\":149445.48999999999068677425384521484375}', 'update', 'OK', '2025-12-22 13:34:33');
INSERT INTO `nomina_import_detalle` VALUES (845, 66, '2008', 'PACE770419', '{\"NOMBRE DE EMPRESA\":\"FARMACEUTICA HISPANOAMERICANA S.A. DE C.V.\",\"NUMERO EMPLEADO\":\"2008\",\"APELLIDO PATERNO EMPLEADO\":\"PANIAGUA\",\"APELLIDO MATERNO EMPLEADO\":\"CALDERON\",\"NOMBRES DEL EMPLEADO\":\"EDGAR\",\"RFC EMPLEADO_RAW\":\"PACE-770419-AM2\",\"RFC_BASE\":\"PACE770419\",\"NO. CURP EMPLEADO\":\"PACE770419HDFNLD01\",\"ES ACTIVO_RAW\":\"ACTIVO\",\"ES ACTIVO\":1,\"FECHA INGRESO DEL EMPLEADO\":\"2019-08-21\",\"FECHA BAJA\":null,\"TIPO EMPLEADO ID_RAW\":\"2\",\"TIPO EMPLEADO\":\"INDETERMINADO\",\"DEPARTAMENTO ID_RAW\":\"3\",\"DEPARTAMENTO EMPLEADO\":\"ALMACEN DE PRODUCTO TERMINADO\",\"PUESTO DEL EMPLEADO ID_RAW\":\"30\",\"PUESTO DEL EMPLEADO\":\"CHOFER\",\"IDENTIFICADOR CENTRO TRABAJO EMPLEADO_RAW\":\"1006\",\"CENTRO TRABAJO EMPLEADO\":\"FH ALMACEN PINO\",\"JEFE INMEDIATO EMPLEADO\":\"LIDIA CARRILLO AVILA\",\"SALARIO DIARIO EMPLEADO\":4981.4600000000000363797880709171295166015625,\"SALARIO MENSUAL EMPLEADO\":149445.48999999999068677425384521484375}', 'update', 'OK', '2025-12-22 13:34:33');
INSERT INTO `nomina_import_detalle` VALUES (846, 66, '2015', 'TEGM781124', '{\"NOMBRE DE EMPRESA\":\"FARMACEUTICA HISPANOAMERICANA S.A. DE C.V.\",\"NUMERO EMPLEADO\":\"2015\",\"APELLIDO PATERNO EMPLEADO\":\"TREJO\",\"APELLIDO MATERNO EMPLEADO\":\"GONZALEZ\",\"NOMBRES DEL EMPLEADO\":\"MIGUEL ENRIQUE\",\"RFC EMPLEADO_RAW\":\"TEGM-781124-SI0\",\"RFC_BASE\":\"TEGM781124\",\"NO. CURP EMPLEADO\":\"TEGM781124HJCRNG04\",\"ES ACTIVO_RAW\":\"ACTIVO\",\"ES ACTIVO\":1,\"FECHA INGRESO DEL EMPLEADO\":\"2018-08-29\",\"FECHA BAJA\":null,\"TIPO EMPLEADO ID_RAW\":\"2\",\"TIPO EMPLEADO\":\"INDETERMINADO\",\"DEPARTAMENTO ID_RAW\":\"2\",\"DEPARTAMENTO EMPLEADO\":\"ALMACEN DE INSUMOS\",\"PUESTO DEL EMPLEADO ID_RAW\":\"104\",\"PUESTO DEL EMPLEADO\":\"MONTACARGUISTA\",\"IDENTIFICADOR CENTRO TRABAJO EMPLEADO_RAW\":\"1005\",\"CENTRO TRABAJO EMPLEADO\":\"FH ALMACEN AZAHARES\",\"JEFE INMEDIATO EMPLEADO\":\"LIDIA CARRILLO AVILA\",\"SALARIO DIARIO EMPLEADO\":4981.4600000000000363797880709171295166015625,\"SALARIO MENSUAL EMPLEADO\":149445.5}', 'update', 'OK', '2025-12-22 13:34:33');
INSERT INTO `nomina_import_detalle` VALUES (847, 66, '2016', 'LOMM670330', '{\"NOMBRE DE EMPRESA\":\"FARMACEUTICA HISPANOAMERICANA S.A. DE C.V.\",\"NUMERO EMPLEADO\":\"2016\",\"APELLIDO PATERNO EMPLEADO\":\"LOPEZ\",\"APELLIDO MATERNO EMPLEADO\":\"MARTINEZ\",\"NOMBRES DEL EMPLEADO\":\"MIGUEL JAIME\",\"RFC EMPLEADO_RAW\":\"LOMM-670330-1G8\",\"RFC_BASE\":\"LOMM670330\",\"NO. CURP EMPLEADO\":\"LOMM670330HDFPRG00\",\"ES ACTIVO_RAW\":\"ACTIVO\",\"ES ACTIVO\":1,\"FECHA INGRESO DEL EMPLEADO\":\"2019-01-21\",\"FECHA BAJA\":null,\"TIPO EMPLEADO ID_RAW\":\"2\",\"TIPO EMPLEADO\":\"INDETERMINADO\",\"DEPARTAMENTO ID_RAW\":\"2\",\"DEPARTAMENTO EMPLEADO\":\"ALMACEN DE INSUMOS\",\"PUESTO DEL EMPLEADO ID_RAW\":\"28\",\"PUESTO DEL EMPLEADO\":\"AYUDANTE GENERAL\",\"IDENTIFICADOR CENTRO TRABAJO EMPLEADO_RAW\":\"1005\",\"CENTRO TRABAJO EMPLEADO\":\"FH ALMACEN AZAHARES\",\"JEFE INMEDIATO EMPLEADO\":\"ALBERTO HERNANDEZ GONZALEZ\",\"SALARIO DIARIO EMPLEADO\":4981.4600000000000363797880709171295166015625,\"SALARIO MENSUAL EMPLEADO\":149445.5}', 'update', 'OK', '2025-12-22 13:34:33');
INSERT INTO `nomina_import_detalle` VALUES (848, 66, '2017', 'REOC810104', '{\"NOMBRE DE EMPRESA\":\"FARMACEUTICA HISPANOAMERICANA S.A. DE C.V.\",\"NUMERO EMPLEADO\":\"2017\",\"APELLIDO PATERNO EMPLEADO\":\"RENTERIA\",\"APELLIDO MATERNO EMPLEADO\":\"OSORNIO\",\"NOMBRES DEL EMPLEADO\":\"CRISTIAN QUETZALCOATL\",\"RFC EMPLEADO_RAW\":\"REOC-810104-F39\",\"RFC_BASE\":\"REOC810104\",\"NO. CURP EMPLEADO\":\"REOC810104HDFNSR04\",\"ES ACTIVO_RAW\":\"ACTIVO\",\"ES ACTIVO\":1,\"FECHA INGRESO DEL EMPLEADO\":\"2019-02-25\",\"FECHA BAJA\":null,\"TIPO EMPLEADO ID_RAW\":\"2\",\"TIPO EMPLEADO\":\"INDETERMINADO\",\"DEPARTAMENTO ID_RAW\":\"2\",\"DEPARTAMENTO EMPLEADO\":\"ALMACEN DE INSUMOS\",\"PUESTO DEL EMPLEADO ID_RAW\":\"151\",\"PUESTO DEL EMPLEADO\":\"SUPERVISOR DE MATERIALES DE ACONDICIONAMIENTO\",\"IDENTIFICADOR CENTRO TRABAJO EMPLEADO_RAW\":\"1005\",\"CENTRO TRABAJO EMPLEADO\":\"FH ALMACEN AZAHARES\",\"JEFE INMEDIATO EMPLEADO\":\"PORFIRIO OLVERA RODRIGUEZ\",\"SALARIO DIARIO EMPLEADO\":4981.4600000000000363797880709171295166015625,\"SALARIO MENSUAL EMPLEADO\":149445.5}', 'update', 'OK', '2025-12-22 13:34:33');
INSERT INTO `nomina_import_detalle` VALUES (849, 66, '2021', 'PEGA821025', '{\"NOMBRE DE EMPRESA\":\"FARMACEUTICA HISPANOAMERICANA S.A. DE C.V.\",\"NUMERO EMPLEADO\":\"2021\",\"APELLIDO PATERNO EMPLEADO\":\"PERALTA\",\"APELLIDO MATERNO EMPLEADO\":\"GRANADOS\",\"NOMBRES DEL EMPLEADO\":\"ABDIEL\",\"RFC EMPLEADO_RAW\":\"PEGA-821025-790\",\"RFC_BASE\":\"PEGA821025\",\"NO. CURP EMPLEADO\":\"PEGA821025HDFRRB01\",\"ES ACTIVO_RAW\":\"ACTIVO\",\"ES ACTIVO\":1,\"FECHA INGRESO DEL EMPLEADO\":\"2018-04-04\",\"FECHA BAJA\":null,\"TIPO EMPLEADO ID_RAW\":\"2\",\"TIPO EMPLEADO\":\"INDETERMINADO\",\"DEPARTAMENTO ID_RAW\":\"24\",\"DEPARTAMENTO EMPLEADO\":\"PRODUCCION FARMA\",\"PUESTO DEL EMPLEADO ID_RAW\":\"233\",\"PUESTO DEL EMPLEADO\":\"OPERADOR C\",\"IDENTIFICADOR CENTRO TRABAJO EMPLEADO_RAW\":\"1001\",\"CENTRO TRABAJO EMPLEADO\":\"FH LAGO ISEO 184\",\"JEFE INMEDIATO EMPLEADO\":\"ANA ITZEL CORDOVA MARTINEZ\",\"SALARIO DIARIO EMPLEADO\":4981.4600000000000363797880709171295166015625,\"SALARIO MENSUAL EMPLEADO\":149445.5}', 'update', 'OK', '2025-12-22 13:34:33');
INSERT INTO `nomina_import_detalle` VALUES (850, 66, '2027', 'VEBP851219', '{\"NOMBRE DE EMPRESA\":\"FARMACEUTICA HISPANOAMERICANA S.A. DE C.V.\",\"NUMERO EMPLEADO\":\"2027\",\"APELLIDO PATERNO EMPLEADO\":\"VELAZQUEZ\",\"APELLIDO MATERNO EMPLEADO\":\"BAEZ\",\"NOMBRES DEL EMPLEADO\":\"MARIA DEL PILAR\",\"RFC EMPLEADO_RAW\":\"VEBP-851219-5E8\",\"RFC_BASE\":\"VEBP851219\",\"NO. CURP EMPLEADO\":\"VEBP851219MDFLZL09\",\"ES ACTIVO_RAW\":\"ACTIVO\",\"ES ACTIVO\":1,\"FECHA INGRESO DEL EMPLEADO\":\"2020-06-01\",\"FECHA BAJA\":null,\"TIPO EMPLEADO ID_RAW\":\"2\",\"TIPO EMPLEADO\":\"INDETERMINADO\",\"DEPARTAMENTO ID_RAW\":\"3\",\"DEPARTAMENTO EMPLEADO\":\"ALMACEN DE PRODUCTO TERMINADO\",\"PUESTO DEL EMPLEADO ID_RAW\":\"241\",\"PUESTO DEL EMPLEADO\":\"JEFE DE EMBARQUES\",\"IDENTIFICADOR CENTRO TRABAJO EMPLEADO_RAW\":\"1006\",\"CENTRO TRABAJO EMPLEADO\":\"FH ALMACEN PINO\",\"JEFE INMEDIATO EMPLEADO\":\"MISAEL MENDOZA HERNANDEZ\",\"SALARIO DIARIO EMPLEADO\":4981.4600000000000363797880709171295166015625,\"SALARIO MENSUAL EMPLEADO\":149445.5}', 'update', 'OK', '2025-12-22 13:34:33');
INSERT INTO `nomina_import_detalle` VALUES (851, 66, '2029', 'MADL830318', '{\"NOMBRE DE EMPRESA\":\"FARMACEUTICA HISPANOAMERICANA S.A. DE C.V.\",\"NUMERO EMPLEADO\":\"2029\",\"APELLIDO PATERNO EMPLEADO\":\"MARTINEZ\",\"APELLIDO MATERNO EMPLEADO\":\"DOMINGUEZ\",\"NOMBRES DEL EMPLEADO\":\"LUIS ALBERTO\",\"RFC EMPLEADO_RAW\":\"MADL-830318-7V6\",\"RFC_BASE\":\"MADL830318\",\"NO. CURP EMPLEADO\":\"MADL830318HDFRMS03\",\"ES ACTIVO_RAW\":\"ACTIVO\",\"ES ACTIVO\":1,\"FECHA INGRESO DEL EMPLEADO\":\"2016-11-18\",\"FECHA BAJA\":null,\"TIPO EMPLEADO ID_RAW\":\"2\",\"TIPO EMPLEADO\":\"INDETERMINADO\",\"DEPARTAMENTO ID_RAW\":\"3\",\"DEPARTAMENTO EMPLEADO\":\"ALMACEN DE PRODUCTO TERMINADO\",\"PUESTO DEL EMPLEADO ID_RAW\":\"30\",\"PUESTO DEL EMPLEADO\":\"CHOFER\",\"IDENTIFICADOR CENTRO TRABAJO EMPLEADO_RAW\":\"1006\",\"CENTRO TRABAJO EMPLEADO\":\"FH ALMACEN PINO\",\"JEFE INMEDIATO EMPLEADO\":\"LIDIA CARRILLO AVILA\",\"SALARIO DIARIO EMPLEADO\":4981.4600000000000363797880709171295166015625,\"SALARIO MENSUAL EMPLEADO\":149445.5}', 'update', 'OK', '2025-12-22 13:34:34');
INSERT INTO `nomina_import_detalle` VALUES (852, 66, '2030', 'DIGC691104', '{\"NOMBRE DE EMPRESA\":\"FARMACEUTICA HISPANOAMERICANA S.A. DE C.V.\",\"NUMERO EMPLEADO\":\"2030\",\"APELLIDO PATERNO EMPLEADO\":\"DIAZ\",\"APELLIDO MATERNO EMPLEADO\":\"GUZMAN\",\"NOMBRES DEL EMPLEADO\":\"CARLOS\",\"RFC EMPLEADO_RAW\":\"DIGC-691104-9J1\",\"RFC_BASE\":\"DIGC691104\",\"NO. CURP EMPLEADO\":\"DIGC691104HDFZZR09\",\"ES ACTIVO_RAW\":\"ACTIVO\",\"ES ACTIVO\":1,\"FECHA INGRESO DEL EMPLEADO\":\"2017-06-15\",\"FECHA BAJA\":null,\"TIPO EMPLEADO ID_RAW\":\"2\",\"TIPO EMPLEADO\":\"INDETERMINADO\",\"DEPARTAMENTO ID_RAW\":\"3\",\"DEPARTAMENTO EMPLEADO\":\"ALMACEN DE PRODUCTO TERMINADO\",\"PUESTO DEL EMPLEADO ID_RAW\":\"104\",\"PUESTO DEL EMPLEADO\":\"MONTACARGUISTA\",\"IDENTIFICADOR CENTRO TRABAJO EMPLEADO_RAW\":\"1006\",\"CENTRO TRABAJO EMPLEADO\":\"FH ALMACEN PINO\",\"JEFE INMEDIATO EMPLEADO\":\"LIDIA CARRILLO AVILA\",\"SALARIO DIARIO EMPLEADO\":4981.4700000000002546585164964199066162109375,\"SALARIO MENSUAL EMPLEADO\":149445.5}', 'update', 'OK', '2025-12-22 13:34:34');
INSERT INTO `nomina_import_detalle` VALUES (853, 66, '2032', 'JIMM791013', '{\"NOMBRE DE EMPRESA\":\"FARMACEUTICA HISPANOAMERICANA S.A. DE C.V.\",\"NUMERO EMPLEADO\":\"2032\",\"APELLIDO PATERNO EMPLEADO\":\"JIMENEZ\",\"APELLIDO MATERNO EMPLEADO\":\"MARTINEZ\",\"NOMBRES DEL EMPLEADO\":\"JOSE MANUEL\",\"RFC EMPLEADO_RAW\":\"JIMM-791013-RK2\",\"RFC_BASE\":\"JIMM791013\",\"NO. CURP EMPLEADO\":\"JIMM791013HDFMRN08\",\"ES ACTIVO_RAW\":\"ACTIVO\",\"ES ACTIVO\":1,\"FECHA INGRESO DEL EMPLEADO\":\"2018-04-26\",\"FECHA BAJA\":null,\"TIPO EMPLEADO ID_RAW\":\"2\",\"TIPO EMPLEADO\":\"INDETERMINADO\",\"DEPARTAMENTO ID_RAW\":\"3\",\"DEPARTAMENTO EMPLEADO\":\"ALMACEN DE PRODUCTO TERMINADO\",\"PUESTO DEL EMPLEADO ID_RAW\":\"237\",\"PUESTO DEL EMPLEADO\":\"AUXILIAR DE INVENTARIOS\",\"IDENTIFICADOR CENTRO TRABAJO EMPLEADO_RAW\":\"1006\",\"CENTRO TRABAJO EMPLEADO\":\"FH ALMACEN PINO\",\"JEFE INMEDIATO EMPLEADO\":\"LIDIA CARRILLO AVILA\",\"SALARIO DIARIO EMPLEADO\":4981.4700000000002546585164964199066162109375,\"SALARIO MENSUAL EMPLEADO\":149445.5}', 'update', 'OK', '2025-12-22 13:34:34');
INSERT INTO `nomina_import_detalle` VALUES (854, 66, '2051', 'RURG820722', '{\"NOMBRE DE EMPRESA\":\"FARMACEUTICA HISPANOAMERICANA S.A. DE C.V.\",\"NUMERO EMPLEADO\":\"2051\",\"APELLIDO PATERNO EMPLEADO\":\"RUIZ\",\"APELLIDO MATERNO EMPLEADO\":\"RODRIGUEZ\",\"NOMBRES DEL EMPLEADO\":\"GUADALUPE\",\"RFC EMPLEADO_RAW\":\"RURG-820722-DT1\",\"RFC_BASE\":\"RURG820722\",\"NO. CURP EMPLEADO\":\"RURG820722MDFZDD00\",\"ES ACTIVO_RAW\":\"ACTIVO\",\"ES ACTIVO\":1,\"FECHA INGRESO DEL EMPLEADO\":\"2017-05-08\",\"FECHA BAJA\":null,\"TIPO EMPLEADO ID_RAW\":\"2\",\"TIPO EMPLEADO\":\"INDETERMINADO\",\"DEPARTAMENTO ID_RAW\":\"5\",\"DEPARTAMENTO EMPLEADO\":\"ASEGURAMIENTO DE CALIDAD\",\"PUESTO DEL EMPLEADO ID_RAW\":\"36\",\"PUESTO DEL EMPLEADO\":\"COORDINADOR DE ASEGURAMIENTO DE CALIDAD DE ALMACEN DE INSUMOS\",\"IDENTIFICADOR CENTRO TRABAJO EMPLEADO_RAW\":\"1005\",\"CENTRO TRABAJO EMPLEADO\":\"FH ALMACEN AZAHARES\",\"JEFE INMEDIATO EMPLEADO\":\"ARELI DELGADILLO MANRIQUEZ\",\"SALARIO DIARIO EMPLEADO\":4981.4700000000002546585164964199066162109375,\"SALARIO MENSUAL EMPLEADO\":149445.5}', 'update', 'OK', '2025-12-22 13:34:34');
INSERT INTO `nomina_import_detalle` VALUES (855, 66, '2052', 'VASJ710527', '{\"NOMBRE DE EMPRESA\":\"FARMACEUTICA HISPANOAMERICANA S.A. DE C.V.\",\"NUMERO EMPLEADO\":\"2052\",\"APELLIDO PATERNO EMPLEADO\":\"VAZQUEZ\",\"APELLIDO MATERNO EMPLEADO\":\"SANCHEZ\",\"NOMBRES DEL EMPLEADO\":\"JORGE\",\"RFC EMPLEADO_RAW\":\"VASJ-710527-6H7\",\"RFC_BASE\":\"VASJ710527\",\"NO. CURP EMPLEADO\":\"VASJ710527HDFZNR03\",\"ES ACTIVO_RAW\":\"ACTIVO\",\"ES ACTIVO\":1,\"FECHA INGRESO DEL EMPLEADO\":\"2019-03-25\",\"FECHA BAJA\":null,\"TIPO EMPLEADO ID_RAW\":\"2\",\"TIPO EMPLEADO\":\"INDETERMINADO\",\"DEPARTAMENTO ID_RAW\":\"5\",\"DEPARTAMENTO EMPLEADO\":\"ASEGURAMIENTO DE CALIDAD\",\"PUESTO DEL EMPLEADO ID_RAW\":\"35\",\"PUESTO DEL EMPLEADO\":\"COORDINADOR DE ASEGURAMIENTO DE CALIDAD\",\"IDENTIFICADOR CENTRO TRABAJO EMPLEADO_RAW\":\"1001\",\"CENTRO TRABAJO EMPLEADO\":\"FH LAGO ISEO 184\",\"JEFE INMEDIATO EMPLEADO\":\"MARIA FERNANDA CASTAÑEDA MOGUEL\",\"SALARIO DIARIO EMPLEADO\":4981.4700000000002546585164964199066162109375,\"SALARIO MENSUAL EMPLEADO\":149445.5}', 'update', 'OK', '2025-12-22 13:34:34');
INSERT INTO `nomina_import_detalle` VALUES (856, 66, '2053', 'CAPA901227', '{\"NOMBRE DE EMPRESA\":\"FARMACEUTICA HISPANOAMERICANA S.A. DE C.V.\",\"NUMERO EMPLEADO\":\"2053\",\"APELLIDO PATERNO EMPLEADO\":\"CASTILLO\",\"APELLIDO MATERNO EMPLEADO\":\"PLATA\",\"NOMBRES DEL EMPLEADO\":\"ALEJANDRA IVONNE\",\"RFC EMPLEADO_RAW\":\"CAPA-901227-B11\",\"RFC_BASE\":\"CAPA901227\",\"NO. CURP EMPLEADO\":\"CAPA901227MDFSLL06\",\"ES ACTIVO_RAW\":\"ACTIVO\",\"ES ACTIVO\":1,\"FECHA INGRESO DEL EMPLEADO\":\"2014-10-31\",\"FECHA BAJA\":null,\"TIPO EMPLEADO ID_RAW\":\"2\",\"TIPO EMPLEADO\":\"INDETERMINADO\",\"DEPARTAMENTO ID_RAW\":\"19\",\"DEPARTAMENTO EMPLEADO\":\"MARKETING\",\"PUESTO DEL EMPLEADO ID_RAW\":\"74\",\"PUESTO DEL EMPLEADO\":\"GERENTE DE MARKETING\",\"IDENTIFICADOR CENTRO TRABAJO EMPLEADO_RAW\":\"1012\",\"CENTRO TRABAJO EMPLEADO\":\"FH SHAKESPEARE\",\"JEFE INMEDIATO EMPLEADO\":\"ALEJANDRA IVONNE CASTILLO PLATA\",\"SALARIO DIARIO EMPLEADO\":4981.4700000000002546585164964199066162109375,\"SALARIO MENSUAL EMPLEADO\":149445.51000000000931322574615478515625}', 'update', 'OK', '2025-12-22 13:34:34');
INSERT INTO `nomina_import_detalle` VALUES (857, 66, '2055', 'OELD890504', '{\"NOMBRE DE EMPRESA\":\"FARMACEUTICA HISPANOAMERICANA S.A. DE C.V.\",\"NUMERO EMPLEADO\":\"2055\",\"APELLIDO PATERNO EMPLEADO\":\"OBREGON\",\"APELLIDO MATERNO EMPLEADO\":\"LUNA\",\"NOMBRES DEL EMPLEADO\":\"DIANA ESLI\",\"RFC EMPLEADO_RAW\":\"OELD-890504-77A\",\"RFC_BASE\":\"OELD890504\",\"NO. CURP EMPLEADO\":\"OELD890504MDFBNN08\",\"ES ACTIVO_RAW\":\"ACTIVO\",\"ES ACTIVO\":1,\"FECHA INGRESO DEL EMPLEADO\":\"2017-09-26\",\"FECHA BAJA\":null,\"TIPO EMPLEADO ID_RAW\":\"2\",\"TIPO EMPLEADO\":\"INDETERMINADO\",\"DEPARTAMENTO ID_RAW\":\"5\",\"DEPARTAMENTO EMPLEADO\":\"ASEGURAMIENTO DE CALIDAD\",\"PUESTO DEL EMPLEADO ID_RAW\":\"122\",\"PUESTO DEL EMPLEADO\":\"QUIMICO DE ASEGURAMIENTO DE CALIDAD\",\"IDENTIFICADOR CENTRO TRABAJO EMPLEADO_RAW\":\"1001\",\"CENTRO TRABAJO EMPLEADO\":\"FH LAGO ISEO 184\",\"JEFE INMEDIATO EMPLEADO\":\"MARIA FERNANDA CASTAÑEDA MOGUEL\",\"SALARIO DIARIO EMPLEADO\":4981.4700000000002546585164964199066162109375,\"SALARIO MENSUAL EMPLEADO\":149445.51000000000931322574615478515625}', 'update', 'OK', '2025-12-22 13:34:34');
INSERT INTO `nomina_import_detalle` VALUES (858, 66, '2071', 'ZALL861025', '{\"NOMBRE DE EMPRESA\":\"FARMACEUTICA HISPANOAMERICANA S.A. DE C.V.\",\"NUMERO EMPLEADO\":\"2071\",\"APELLIDO PATERNO EMPLEADO\":\"ZAPATA\",\"APELLIDO MATERNO EMPLEADO\":\"LOPEZ\",\"NOMBRES DEL EMPLEADO\":\"LILIA\",\"RFC EMPLEADO_RAW\":\"ZALL-861025-1X8\",\"RFC_BASE\":\"ZALL861025\",\"NO. CURP EMPLEADO\":\"ZALL861025MMCPPL05\",\"ES ACTIVO_RAW\":\"ACTIVO\",\"ES ACTIVO\":1,\"FECHA INGRESO DEL EMPLEADO\":\"2024-07-08\",\"FECHA BAJA\":null,\"TIPO EMPLEADO ID_RAW\":\"2\",\"TIPO EMPLEADO\":\"INDETERMINADO\",\"DEPARTAMENTO ID_RAW\":\"6\",\"DEPARTAMENTO EMPLEADO\":\"ASUNTOS REGULATORIOS\",\"PUESTO DEL EMPLEADO ID_RAW\":\"201\",\"PUESTO DEL EMPLEADO\":\"ESPECIALISTA DE ASUNTOS REGULATORIOS LATAM\",\"IDENTIFICADOR CENTRO TRABAJO EMPLEADO_RAW\":\"1008\",\"CENTRO TRABAJO EMPLEADO\":\"FH CORPORATIVO DESP 701\",\"JEFE INMEDIATO EMPLEADO\":\"MIGUEL ANGEL NUÑEZ ALMANZA\",\"SALARIO DIARIO EMPLEADO\":4981.4700000000002546585164964199066162109375,\"SALARIO MENSUAL EMPLEADO\":149445.51000000000931322574615478515625}', 'update', 'OK', '2025-12-22 13:34:34');
INSERT INTO `nomina_import_detalle` VALUES (859, 66, '2079', 'GAMA870618', '{\"NOMBRE DE EMPRESA\":\"FARMACEUTICA HISPANOAMERICANA S.A. DE C.V.\",\"NUMERO EMPLEADO\":\"2079\",\"APELLIDO PATERNO EMPLEADO\":\"GARCIA\",\"APELLIDO MATERNO EMPLEADO\":\"MORA\",\"NOMBRES DEL EMPLEADO\":\"ANGELICA\",\"RFC EMPLEADO_RAW\":\"GAMA-870618-NQ7\",\"RFC_BASE\":\"GAMA870618\",\"NO. CURP EMPLEADO\":\"GAMA870618MDFRNN01\",\"ES ACTIVO_RAW\":\"ACTIVO\",\"ES ACTIVO\":1,\"FECHA INGRESO DEL EMPLEADO\":\"2014-08-06\",\"FECHA BAJA\":null,\"TIPO EMPLEADO ID_RAW\":\"2\",\"TIPO EMPLEADO\":\"INDETERMINADO\",\"DEPARTAMENTO ID_RAW\":\"9\",\"DEPARTAMENTO EMPLEADO\":\"CONTABILIDAD\",\"PUESTO DEL EMPLEADO ID_RAW\":\"32\",\"PUESTO DEL EMPLEADO\":\"CONTADOR GENERAL\",\"IDENTIFICADOR CENTRO TRABAJO EMPLEADO_RAW\":\"1008\",\"CENTRO TRABAJO EMPLEADO\":\"FH CORPORATIVO DESP 701\",\"JEFE INMEDIATO EMPLEADO\":\"AGUSTIN MATA HERNANDEZ\",\"SALARIO DIARIO EMPLEADO\":4981.4700000000002546585164964199066162109375,\"SALARIO MENSUAL EMPLEADO\":149445.51000000000931322574615478515625}', 'update', 'OK', '2025-12-22 13:34:34');
INSERT INTO `nomina_import_detalle` VALUES (860, 66, '2081', 'CESN860521', '{\"NOMBRE DE EMPRESA\":\"FARMACEUTICA HISPANOAMERICANA S.A. DE C.V.\",\"NUMERO EMPLEADO\":\"2081\",\"APELLIDO PATERNO EMPLEADO\":\"CEBALLOS\",\"APELLIDO MATERNO EMPLEADO\":\"SILVA\",\"NOMBRES DEL EMPLEADO\":\"MARIA NALLELY\",\"RFC EMPLEADO_RAW\":\"CESN-860521-LS8\",\"RFC_BASE\":\"CESN860521\",\"NO. CURP EMPLEADO\":\"CESN860521MDFBLL04\",\"ES ACTIVO_RAW\":\"ACTIVO\",\"ES ACTIVO\":1,\"FECHA INGRESO DEL EMPLEADO\":\"2020-06-17\",\"FECHA BAJA\":null,\"TIPO EMPLEADO ID_RAW\":\"2\",\"TIPO EMPLEADO\":\"INDETERMINADO\",\"DEPARTAMENTO ID_RAW\":\"10\",\"DEPARTAMENTO EMPLEADO\":\"CONTRALORIA GENERAL\",\"PUESTO DEL EMPLEADO ID_RAW\":\"27\",\"PUESTO DEL EMPLEADO\":\"AUXILIAR FISCAL\",\"IDENTIFICADOR CENTRO TRABAJO EMPLEADO_RAW\":\"1008\",\"CENTRO TRABAJO EMPLEADO\":\"FH CORPORATIVO DESP 701\",\"JEFE INMEDIATO EMPLEADO\":\"REBECA ITZEL PEREZ TECALCO\",\"SALARIO DIARIO EMPLEADO\":4981.4700000000002546585164964199066162109375,\"SALARIO MENSUAL EMPLEADO\":149445.51000000000931322574615478515625}', 'update', 'OK', '2025-12-22 13:34:35');
INSERT INTO `nomina_import_detalle` VALUES (861, 66, '2083', 'GOGA930917', '{\"NOMBRE DE EMPRESA\":\"FARMACEUTICA HISPANOAMERICANA S.A. DE C.V.\",\"NUMERO EMPLEADO\":\"2083\",\"APELLIDO PATERNO EMPLEADO\":\"GOMEZ\",\"APELLIDO MATERNO EMPLEADO\":\"GUERRERO\",\"NOMBRES DEL EMPLEADO\":\"AXEL\",\"RFC EMPLEADO_RAW\":\"GOGA-930917-5X8\",\"RFC_BASE\":\"GOGA930917\",\"NO. CURP EMPLEADO\":\"GOGA930917HDFMRX03\",\"ES ACTIVO_RAW\":\"ACTIVO\",\"ES ACTIVO\":1,\"FECHA INGRESO DEL EMPLEADO\":\"2016-06-13\",\"FECHA BAJA\":null,\"TIPO EMPLEADO ID_RAW\":\"2\",\"TIPO EMPLEADO\":\"INDETERMINADO\",\"DEPARTAMENTO ID_RAW\":\"10\",\"DEPARTAMENTO EMPLEADO\":\"CONTRALORIA GENERAL\",\"PUESTO DEL EMPLEADO ID_RAW\":\"98\",\"PUESTO DEL EMPLEADO\":\"JEFE DE PRESUPUESTOS\",\"IDENTIFICADOR CENTRO TRABAJO EMPLEADO_RAW\":\"1008\",\"CENTRO TRABAJO EMPLEADO\":\"FH CORPORATIVO DESP 701\",\"JEFE INMEDIATO EMPLEADO\":\"AGUSTIN MATA HERNANDEZ\",\"SALARIO DIARIO EMPLEADO\":4981.4700000000002546585164964199066162109375,\"SALARIO MENSUAL EMPLEADO\":149445.51000000000931322574615478515625}', 'update', 'OK', '2025-12-22 13:34:35');
INSERT INTO `nomina_import_detalle` VALUES (862, 66, '2094', 'AAOJ790623', '{\"NOMBRE DE EMPRESA\":\"FARMACEUTICA HISPANOAMERICANA S.A. DE C.V.\",\"NUMERO EMPLEADO\":\"2094\",\"APELLIDO PATERNO EMPLEADO\":\"ANDRACA\",\"APELLIDO MATERNO EMPLEADO\":\"OSORNIO\",\"NOMBRES DEL EMPLEADO\":\"JESSICA\",\"RFC EMPLEADO_RAW\":\"AAOJ-790623-FX2\",\"RFC_BASE\":\"AAOJ790623\",\"NO. CURP EMPLEADO\":\"AAOJ790623MDFNSS02\",\"ES ACTIVO_RAW\":\"ACTIVO\",\"ES ACTIVO\":1,\"FECHA INGRESO DEL EMPLEADO\":\"2020-12-02\",\"FECHA BAJA\":null,\"TIPO EMPLEADO ID_RAW\":\"2\",\"TIPO EMPLEADO\":\"INDETERMINADO\",\"DEPARTAMENTO ID_RAW\":\"11\",\"DEPARTAMENTO EMPLEADO\":\"CONTROL ANALITICO\",\"PUESTO DEL EMPLEADO ID_RAW\":\"121\",\"PUESTO DEL EMPLEADO\":\"QUIMICO ANALISTA FISICOQUIMICO\",\"IDENTIFICADOR CENTRO TRABAJO EMPLEADO_RAW\":\"1001\",\"CENTRO TRABAJO EMPLEADO\":\"FH LAGO ISEO 184\",\"JEFE INMEDIATO EMPLEADO\":\"SUSANA HARUMY AGUILAR ARIAS\",\"SALARIO DIARIO EMPLEADO\":4981.47999999999956344254314899444580078125,\"SALARIO MENSUAL EMPLEADO\":149445.51000000000931322574615478515625}', 'update', 'OK', '2025-12-22 13:34:35');
INSERT INTO `nomina_import_detalle` VALUES (863, 66, '2096', 'BASF641120', '{\"NOMBRE DE EMPRESA\":\"FARMACEUTICA HISPANOAMERICANA S.A. DE C.V.\",\"NUMERO EMPLEADO\":\"2096\",\"APELLIDO PATERNO EMPLEADO\":\"BAENA\",\"APELLIDO MATERNO EMPLEADO\":\"SILVA\",\"NOMBRES DEL EMPLEADO\":\"FELISA\",\"RFC EMPLEADO_RAW\":\"BASF-641120-8Z9\",\"RFC_BASE\":\"BASF641120\",\"NO. CURP EMPLEADO\":\"BASF641120MDFNLL05\",\"ES ACTIVO_RAW\":\"ACTIVO\",\"ES ACTIVO\":1,\"FECHA INGRESO DEL EMPLEADO\":\"2011-09-01\",\"FECHA BAJA\":null,\"TIPO EMPLEADO ID_RAW\":\"2\",\"TIPO EMPLEADO\":\"INDETERMINADO\",\"DEPARTAMENTO ID_RAW\":\"12\",\"DEPARTAMENTO EMPLEADO\":\"CONTROL DE CALIDAD\",\"PUESTO DEL EMPLEADO ID_RAW\":\"91\",\"PUESTO DEL EMPLEADO\":\"JEFE DE CONTROL DE CALIDAD\",\"IDENTIFICADOR CENTRO TRABAJO EMPLEADO_RAW\":\"1001\",\"CENTRO TRABAJO EMPLEADO\":\"FH LAGO ISEO 184\",\"JEFE INMEDIATO EMPLEADO\":\"SERGIO RODRIGUEZ CAMPOS\",\"SALARIO DIARIO EMPLEADO\":4981.47999999999956344254314899444580078125,\"SALARIO MENSUAL EMPLEADO\":149445.51000000000931322574615478515625}', 'update', 'OK', '2025-12-22 13:34:35');
INSERT INTO `nomina_import_detalle` VALUES (864, 66, '2098', 'CAAY870523', '{\"NOMBRE DE EMPRESA\":\"FARMACEUTICA HISPANOAMERICANA S.A. DE C.V.\",\"NUMERO EMPLEADO\":\"2098\",\"APELLIDO PATERNO EMPLEADO\":\"CALIFORNIA\",\"APELLIDO MATERNO EMPLEADO\":\"ACOSTA\",\"NOMBRES DEL EMPLEADO\":\"YANIN\",\"RFC EMPLEADO_RAW\":\"CAAY-870523-LD7\",\"RFC_BASE\":\"CAAY870523\",\"NO. CURP EMPLEADO\":\"CAAY870523MMCLCN00\",\"ES ACTIVO_RAW\":\"ACTIVO\",\"ES ACTIVO\":1,\"FECHA INGRESO DEL EMPLEADO\":\"2017-06-26\",\"FECHA BAJA\":null,\"TIPO EMPLEADO ID_RAW\":\"2\",\"TIPO EMPLEADO\":\"INDETERMINADO\",\"DEPARTAMENTO ID_RAW\":\"11\",\"DEPARTAMENTO EMPLEADO\":\"CONTROL ANALITICO\",\"PUESTO DEL EMPLEADO ID_RAW\":\"189\",\"PUESTO DEL EMPLEADO\":\"QUIMICO ANALISTA FISICOQUIMICO SENIOR\",\"IDENTIFICADOR CENTRO TRABAJO EMPLEADO_RAW\":\"1001\",\"CENTRO TRABAJO EMPLEADO\":\"FH LAGO ISEO 184\",\"JEFE INMEDIATO EMPLEADO\":\"SUSANA HARUMY AGUILAR ARIAS\",\"SALARIO DIARIO EMPLEADO\":4981.47999999999956344254314899444580078125,\"SALARIO MENSUAL EMPLEADO\":149445.51000000000931322574615478515625}', 'update', 'OK', '2025-12-22 13:34:35');
INSERT INTO `nomina_import_detalle` VALUES (865, 66, '2101', 'NESS930224', '{\"NOMBRE DE EMPRESA\":\"FARMACEUTICA HISPANOAMERICANA S.A. DE C.V.\",\"NUMERO EMPLEADO\":\"2101\",\"APELLIDO PATERNO EMPLEADO\":\"NERI\",\"APELLIDO MATERNO EMPLEADO\":\"SANCHEZ\",\"NOMBRES DEL EMPLEADO\":\"SHINE MARIE\",\"RFC EMPLEADO_RAW\":\"NESS-930224-R81\",\"RFC_BASE\":\"NESS930224\",\"NO. CURP EMPLEADO\":\"NESS930224MDFRNH06\",\"ES ACTIVO_RAW\":\"ACTIVO\",\"ES ACTIVO\":1,\"FECHA INGRESO DEL EMPLEADO\":\"2020-08-05\",\"FECHA BAJA\":null,\"TIPO EMPLEADO ID_RAW\":\"2\",\"TIPO EMPLEADO\":\"INDETERMINADO\",\"DEPARTAMENTO ID_RAW\":\"5\",\"DEPARTAMENTO EMPLEADO\":\"ASEGURAMIENTO DE CALIDAD\",\"PUESTO DEL EMPLEADO ID_RAW\":\"132\",\"PUESTO DEL EMPLEADO\":\"QUIMICO DE SISTEMAS DE CALIDAD\",\"IDENTIFICADOR CENTRO TRABAJO EMPLEADO_RAW\":\"1001\",\"CENTRO TRABAJO EMPLEADO\":\"FH LAGO ISEO 184\",\"JEFE INMEDIATO EMPLEADO\":\"MARIA FERNANDA CASTAÑEDA MOGUEL\",\"SALARIO DIARIO EMPLEADO\":4981.47999999999956344254314899444580078125,\"SALARIO MENSUAL EMPLEADO\":149445.51000000000931322574615478515625}', 'update', 'OK', '2025-12-22 13:34:35');
INSERT INTO `nomina_import_detalle` VALUES (866, 66, '2102', 'AUAS940319', '{\"NOMBRE DE EMPRESA\":\"FARMACEUTICA HISPANOAMERICANA S.A. DE C.V.\",\"NUMERO EMPLEADO\":\"2102\",\"APELLIDO PATERNO EMPLEADO\":\"AGUILAR\",\"APELLIDO MATERNO EMPLEADO\":\"ARIAS\",\"NOMBRES DEL EMPLEADO\":\"SUSANA HARUMY\",\"RFC EMPLEADO_RAW\":\"AUAS-940319-AC5\",\"RFC_BASE\":\"AUAS940319\",\"NO. CURP EMPLEADO\":\"AUAS940319MDFGRS00\",\"ES ACTIVO_RAW\":\"ACTIVO\",\"ES ACTIVO\":1,\"FECHA INGRESO DEL EMPLEADO\":\"2018-02-13\",\"FECHA BAJA\":null,\"TIPO EMPLEADO ID_RAW\":\"2\",\"TIPO EMPLEADO\":\"INDETERMINADO\",\"DEPARTAMENTO ID_RAW\":\"11\",\"DEPARTAMENTO EMPLEADO\":\"CONTROL ANALITICO\",\"PUESTO DEL EMPLEADO ID_RAW\":\"217\",\"PUESTO DEL EMPLEADO\":\"JEFE DE CONTROL ANALITICO\",\"IDENTIFICADOR CENTRO TRABAJO EMPLEADO_RAW\":\"1001\",\"CENTRO TRABAJO EMPLEADO\":\"FH LAGO ISEO 184\",\"JEFE INMEDIATO EMPLEADO\":\"SERGIO RODRIGUEZ CAMPOS\",\"SALARIO DIARIO EMPLEADO\":4981.47999999999956344254314899444580078125,\"SALARIO MENSUAL EMPLEADO\":149445.51999999998952262103557586669921875}', 'update', 'OK', '2025-12-22 13:34:35');
INSERT INTO `nomina_import_detalle` VALUES (867, 66, '2114', 'VAHS870928', '{\"NOMBRE DE EMPRESA\":\"FARMACEUTICA HISPANOAMERICANA S.A. DE C.V.\",\"NUMERO EMPLEADO\":\"2114\",\"APELLIDO PATERNO EMPLEADO\":\"VALERO\",\"APELLIDO MATERNO EMPLEADO\":\"HERNANDEZ\",\"NOMBRES DEL EMPLEADO\":\"SANDRA STEPHANY\",\"RFC EMPLEADO_RAW\":\"VAHS-870928-DU4\",\"RFC_BASE\":\"VAHS870928\",\"NO. CURP EMPLEADO\":\"VAHS870928MMCLRN05\",\"ES ACTIVO_RAW\":\"ACTIVO\",\"ES ACTIVO\":1,\"FECHA INGRESO DEL EMPLEADO\":\"2019-02-18\",\"FECHA BAJA\":null,\"TIPO EMPLEADO ID_RAW\":\"2\",\"TIPO EMPLEADO\":\"INDETERMINADO\",\"DEPARTAMENTO ID_RAW\":\"13\",\"DEPARTAMENTO EMPLEADO\":\"DESARROLLO\",\"PUESTO DEL EMPLEADO ID_RAW\":\"177\",\"PUESTO DEL EMPLEADO\":\"COORDINADOR DE TRANSFERENCIAS\",\"IDENTIFICADOR CENTRO TRABAJO EMPLEADO_RAW\":\"1004\",\"CENTRO TRABAJO EMPLEADO\":\"FH CANTABRICO\",\"JEFE INMEDIATO EMPLEADO\":\"ALEJANDRA MONTES LUNA\",\"SALARIO DIARIO EMPLEADO\":4981.47999999999956344254314899444580078125,\"SALARIO MENSUAL EMPLEADO\":149445.51999999998952262103557586669921875}', 'update', 'OK', '2025-12-22 13:34:35');
INSERT INTO `nomina_import_detalle` VALUES (868, 66, '2121', 'AIGL930802', '{\"NOMBRE DE EMPRESA\":\"FARMACEUTICA HISPANOAMERICANA S.A. DE C.V.\",\"NUMERO EMPLEADO\":\"2121\",\"APELLIDO PATERNO EMPLEADO\":\"AVILES\",\"APELLIDO MATERNO EMPLEADO\":\"GARCIA\",\"NOMBRES DEL EMPLEADO\":\"LUIS ALBERTO\",\"RFC EMPLEADO_RAW\":\"AIGL-930802-1Z0\",\"RFC_BASE\":\"AIGL930802\",\"NO. CURP EMPLEADO\":\"AIGL930802HMCVRS01\",\"ES ACTIVO_RAW\":\"ACTIVO\",\"ES ACTIVO\":1,\"FECHA INGRESO DEL EMPLEADO\":\"2016-04-04\",\"FECHA BAJA\":null,\"TIPO EMPLEADO ID_RAW\":\"2\",\"TIPO EMPLEADO\":\"INDETERMINADO\",\"DEPARTAMENTO ID_RAW\":\"12\",\"DEPARTAMENTO EMPLEADO\":\"CONTROL DE CALIDAD\",\"PUESTO DEL EMPLEADO ID_RAW\":\"23\",\"PUESTO DEL EMPLEADO\":\"AUXILIAR DE LABORATORIO\",\"IDENTIFICADOR CENTRO TRABAJO EMPLEADO_RAW\":\"1004\",\"CENTRO TRABAJO EMPLEADO\":\"FH CANTABRICO\",\"JEFE INMEDIATO EMPLEADO\":\"SUSANA HARUMY AGUILAR ARIAS\",\"SALARIO DIARIO EMPLEADO\":4981.47999999999956344254314899444580078125,\"SALARIO MENSUAL EMPLEADO\":149445.51999999998952262103557586669921875}', 'update', 'OK', '2025-12-22 13:34:36');
INSERT INTO `nomina_import_detalle` VALUES (869, 66, '2124', 'GUOM720405', '{\"NOMBRE DE EMPRESA\":\"FARMACEUTICA HISPANOAMERICANA S.A. DE C.V.\",\"NUMERO EMPLEADO\":\"2124\",\"APELLIDO PATERNO EMPLEADO\":\"GUEVARA\",\"APELLIDO MATERNO EMPLEADO\":\"OCEGUERA\",\"NOMBRES DEL EMPLEADO\":\"MIRIAM\",\"RFC EMPLEADO_RAW\":\"GUOM-720405-3M3\",\"RFC_BASE\":\"GUOM720405\",\"NO. CURP EMPLEADO\":\"GUOM720405MDFVCR03\",\"ES ACTIVO_RAW\":\"ACTIVO\",\"ES ACTIVO\":1,\"FECHA INGRESO DEL EMPLEADO\":\"2014-07-07\",\"FECHA BAJA\":null,\"TIPO EMPLEADO ID_RAW\":\"2\",\"TIPO EMPLEADO\":\"INDETERMINADO\",\"DEPARTAMENTO ID_RAW\":\"15\",\"DEPARTAMENTO EMPLEADO\":\"DIRECCION DE NUEVOS NEGOCIOS\",\"PUESTO DEL EMPLEADO ID_RAW\":\"1\",\"PUESTO DEL EMPLEADO\":\"ADMINISTRACION DE NUEVOS NEGOCIOS Y DIRECCION GENERAL\",\"IDENTIFICADOR CENTRO TRABAJO EMPLEADO_RAW\":\"1008\",\"CENTRO TRABAJO EMPLEADO\":\"FH CORPORATIVO DESP 701\",\"JEFE INMEDIATO EMPLEADO\":\"LORENA ADRIANA LOZANO PEREZ\",\"SALARIO DIARIO EMPLEADO\":4981.47999999999956344254314899444580078125,\"SALARIO MENSUAL EMPLEADO\":149445.51999999998952262103557586669921875}', 'update', 'OK', '2025-12-22 13:34:36');
INSERT INTO `nomina_import_detalle` VALUES (870, 66, '2131', 'RAMA720114', '{\"NOMBRE DE EMPRESA\":\"FARMACEUTICA HISPANOAMERICANA S.A. DE C.V.\",\"NUMERO EMPLEADO\":\"2131\",\"APELLIDO PATERNO EMPLEADO\":\"RAMIREZ\",\"APELLIDO MATERNO EMPLEADO\":\"MARTINEZ\",\"NOMBRES DEL EMPLEADO\":\"ANDRES ROGELIO\",\"RFC EMPLEADO_RAW\":\"RAMA-720114-DN6\",\"RFC_BASE\":\"RAMA720114\",\"NO. CURP EMPLEADO\":\"RAMA720114HOCMRN09\",\"ES ACTIVO_RAW\":\"ACTIVO\",\"ES ACTIVO\":1,\"FECHA INGRESO DEL EMPLEADO\":\"2018-03-05\",\"FECHA BAJA\":null,\"TIPO EMPLEADO ID_RAW\":\"2\",\"TIPO EMPLEADO\":\"INDETERMINADO\",\"DEPARTAMENTO ID_RAW\":\"18\",\"DEPARTAMENTO EMPLEADO\":\"INGENIERIA Y MANTENIMIENTO\",\"PUESTO DEL EMPLEADO ID_RAW\":\"73\",\"PUESTO DEL EMPLEADO\":\"GERENTE DE INGENIERIA Y MANTENIMIENTO\",\"IDENTIFICADOR CENTRO TRABAJO EMPLEADO_RAW\":\"1001\",\"CENTRO TRABAJO EMPLEADO\":\"FH LAGO ISEO 184\",\"JEFE INMEDIATO EMPLEADO\":\"ANGEL ALBARRAN MARTINEZ\",\"SALARIO DIARIO EMPLEADO\":4981.47999999999956344254314899444580078125,\"SALARIO MENSUAL EMPLEADO\":149445.51999999998952262103557586669921875}', 'update', 'OK', '2025-12-22 13:34:36');
INSERT INTO `nomina_import_detalle` VALUES (871, 66, '2134', 'CARA900628', '{\"NOMBRE DE EMPRESA\":\"FARMACEUTICA HISPANOAMERICANA S.A. DE C.V.\",\"NUMERO EMPLEADO\":\"2134\",\"APELLIDO PATERNO EMPLEADO\":\"CABALLERO\",\"APELLIDO MATERNO EMPLEADO\":\"ROMO\",\"NOMBRES DEL EMPLEADO\":\"ALAN ENRIQUE\",\"RFC EMPLEADO_RAW\":\"CARA-900628-CF4\",\"RFC_BASE\":\"CARA900628\",\"NO. CURP EMPLEADO\":\"CARA900628HDFBML09\",\"ES ACTIVO_RAW\":\"ACTIVO\",\"ES ACTIVO\":1,\"FECHA INGRESO DEL EMPLEADO\":\"2018-11-26\",\"FECHA BAJA\":null,\"TIPO EMPLEADO ID_RAW\":\"2\",\"TIPO EMPLEADO\":\"INDETERMINADO\",\"DEPARTAMENTO ID_RAW\":\"18\",\"DEPARTAMENTO EMPLEADO\":\"INGENIERIA Y MANTENIMIENTO\",\"PUESTO DEL EMPLEADO ID_RAW\":\"95\",\"PUESTO DEL EMPLEADO\":\"JEFE DE MANTENIMIENTO\",\"IDENTIFICADOR CENTRO TRABAJO EMPLEADO_RAW\":\"1001\",\"CENTRO TRABAJO EMPLEADO\":\"FH LAGO ISEO 184\",\"JEFE INMEDIATO EMPLEADO\":\"ANDRES ROGELIO RAMIREZ MARTINEZ\",\"SALARIO DIARIO EMPLEADO\":4981.47999999999956344254314899444580078125,\"SALARIO MENSUAL EMPLEADO\":149445.51999999998952262103557586669921875}', 'update', 'OK', '2025-12-22 13:34:36');
INSERT INTO `nomina_import_detalle` VALUES (872, 66, '2136', 'GOMH610919', '{\"NOMBRE DE EMPRESA\":\"FARMACEUTICA HISPANOAMERICANA S.A. DE C.V.\",\"NUMERO EMPLEADO\":\"2136\",\"APELLIDO PATERNO EMPLEADO\":\"GONZALEZ\",\"APELLIDO MATERNO EMPLEADO\":\"MORA\",\"NOMBRES DEL EMPLEADO\":\"HECTOR\",\"RFC EMPLEADO_RAW\":\"GOMH-610919-1C7\",\"RFC_BASE\":\"GOMH610919\",\"NO. CURP EMPLEADO\":\"GOMH610919HTSNRC00\",\"ES ACTIVO_RAW\":\"ACTIVO\",\"ES ACTIVO\":1,\"FECHA INGRESO DEL EMPLEADO\":\"2018-04-17\",\"FECHA BAJA\":null,\"TIPO EMPLEADO ID_RAW\":\"2\",\"TIPO EMPLEADO\":\"INDETERMINADO\",\"DEPARTAMENTO ID_RAW\":\"18\",\"DEPARTAMENTO EMPLEADO\":\"INGENIERIA Y MANTENIMIENTO\",\"PUESTO DEL EMPLEADO ID_RAW\":\"159\",\"PUESTO DEL EMPLEADO\":\"TECNICO ESPECIALIZADO\",\"IDENTIFICADOR CENTRO TRABAJO EMPLEADO_RAW\":\"1001\",\"CENTRO TRABAJO EMPLEADO\":\"FH LAGO ISEO 184\",\"JEFE INMEDIATO EMPLEADO\":\"ALAN ENRIQUE CABALLERO ROMO\",\"SALARIO DIARIO EMPLEADO\":4981.489999999999781721271574497222900390625,\"SALARIO MENSUAL EMPLEADO\":149445.51999999998952262103557586669921875}', 'update', 'OK', '2025-12-22 13:34:36');
INSERT INTO `nomina_import_detalle` VALUES (873, 66, '2164', 'MOOD910518', '{\"NOMBRE DE EMPRESA\":\"FARMACEUTICA HISPANOAMERICANA S.A. DE C.V.\",\"NUMERO EMPLEADO\":\"2164\",\"APELLIDO PATERNO EMPLEADO\":\"MOTA\",\"APELLIDO MATERNO EMPLEADO\":\"OCHOA\",\"NOMBRES DEL EMPLEADO\":\"DIANA CAROLINA\",\"RFC EMPLEADO_RAW\":\"MOOD-910518-H95\",\"RFC_BASE\":\"MOOD910518\",\"NO. CURP EMPLEADO\":\"MOOD910518MDFTCN04\",\"ES ACTIVO_RAW\":\"ACTIVO\",\"ES ACTIVO\":1,\"FECHA INGRESO DEL EMPLEADO\":\"2017-10-30\",\"FECHA BAJA\":null,\"TIPO EMPLEADO ID_RAW\":\"2\",\"TIPO EMPLEADO\":\"INDETERMINADO\",\"DEPARTAMENTO ID_RAW\":\"24\",\"DEPARTAMENTO EMPLEADO\":\"PRODUCCION FARMA\",\"PUESTO DEL EMPLEADO ID_RAW\":\"234\",\"PUESTO DEL EMPLEADO\":\"OPERADOR D\",\"IDENTIFICADOR CENTRO TRABAJO EMPLEADO_RAW\":\"1002\",\"CENTRO TRABAJO EMPLEADO\":\"FH LAGO ISEO 186\",\"JEFE INMEDIATO EMPLEADO\":\"ANA ITZEL CORDOVA MARTINEZ\",\"SALARIO DIARIO EMPLEADO\":4981.489999999999781721271574497222900390625,\"SALARIO MENSUAL EMPLEADO\":149445.51999999998952262103557586669921875}', 'update', 'OK', '2025-12-22 13:34:36');
INSERT INTO `nomina_import_detalle` VALUES (874, 66, '2165', 'HEMR631116', '{\"NOMBRE DE EMPRESA\":\"FARMACEUTICA HISPANOAMERICANA S.A. DE C.V.\",\"NUMERO EMPLEADO\":\"2165\",\"APELLIDO PATERNO EMPLEADO\":\"HERNANDEZ\",\"APELLIDO MATERNO EMPLEADO\":\"MARTINEZ\",\"NOMBRES DEL EMPLEADO\":\"RAYMUNDO PEDRO\",\"RFC EMPLEADO_RAW\":\"HEMR-631116-PM2\",\"RFC_BASE\":\"HEMR631116\",\"NO. CURP EMPLEADO\":\"HEMR631116HDFRRY00\",\"ES ACTIVO_RAW\":\"ACTIVO\",\"ES ACTIVO\":1,\"FECHA INGRESO DEL EMPLEADO\":\"2015-11-04\",\"FECHA BAJA\":null,\"TIPO EMPLEADO ID_RAW\":\"2\",\"TIPO EMPLEADO\":\"INDETERMINADO\",\"DEPARTAMENTO ID_RAW\":\"24\",\"DEPARTAMENTO EMPLEADO\":\"PRODUCCION FARMA\",\"PUESTO DEL EMPLEADO ID_RAW\":\"234\",\"PUESTO DEL EMPLEADO\":\"OPERADOR D\",\"IDENTIFICADOR CENTRO TRABAJO EMPLEADO_RAW\":\"1002\",\"CENTRO TRABAJO EMPLEADO\":\"FH LAGO ISEO 186\",\"JEFE INMEDIATO EMPLEADO\":\"ANA ITZEL CORDOVA MARTINEZ\",\"SALARIO DIARIO EMPLEADO\":4981.489999999999781721271574497222900390625,\"SALARIO MENSUAL EMPLEADO\":149445.51999999998952262103557586669921875}', 'update', 'OK', '2025-12-22 13:34:36');
INSERT INTO `nomina_import_detalle` VALUES (875, 66, '2167', 'TERI790101', '{\"NOMBRE DE EMPRESA\":\"FARMACEUTICA HISPANOAMERICANA S.A. DE C.V.\",\"NUMERO EMPLEADO\":\"2167\",\"APELLIDO PATERNO EMPLEADO\":\"TREJO\",\"APELLIDO MATERNO EMPLEADO\":\"RAZO\",\"NOMBRES DEL EMPLEADO\":\"IVAN\",\"RFC EMPLEADO_RAW\":\"TERI-790101-QN2\",\"RFC_BASE\":\"TERI790101\",\"NO. CURP EMPLEADO\":\"TERI790101HDFRZV02\",\"ES ACTIVO_RAW\":\"ACTIVO\",\"ES ACTIVO\":1,\"FECHA INGRESO DEL EMPLEADO\":\"2016-08-09\",\"FECHA BAJA\":null,\"TIPO EMPLEADO ID_RAW\":\"2\",\"TIPO EMPLEADO\":\"INDETERMINADO\",\"DEPARTAMENTO ID_RAW\":\"24\",\"DEPARTAMENTO EMPLEADO\":\"PRODUCCION FARMA\",\"PUESTO DEL EMPLEADO ID_RAW\":\"235\",\"PUESTO DEL EMPLEADO\":\"OPERADOR E\",\"IDENTIFICADOR CENTRO TRABAJO EMPLEADO_RAW\":\"1002\",\"CENTRO TRABAJO EMPLEADO\":\"FH LAGO ISEO 186\",\"JEFE INMEDIATO EMPLEADO\":\"ANA ITZEL CORDOVA MARTINEZ\",\"SALARIO DIARIO EMPLEADO\":4981.489999999999781721271574497222900390625,\"SALARIO MENSUAL EMPLEADO\":149445.51999999998952262103557586669921875}', 'update', 'OK', '2025-12-22 13:34:36');
INSERT INTO `nomina_import_detalle` VALUES (876, 66, '2169', 'CAMC730716', '{\"NOMBRE DE EMPRESA\":\"FARMACEUTICA HISPANOAMERICANA S.A. DE C.V.\",\"NUMERO EMPLEADO\":\"2169\",\"APELLIDO PATERNO EMPLEADO\":\"CARRETERO\",\"APELLIDO MATERNO EMPLEADO\":\"MEJIA\",\"NOMBRES DEL EMPLEADO\":\"JOSE CARMELO\",\"RFC EMPLEADO_RAW\":\"CAMC-730716-C98\",\"RFC_BASE\":\"CAMC730716\",\"NO. CURP EMPLEADO\":\"CAMC730716HDFRJR07\",\"ES ACTIVO_RAW\":\"ACTIVO\",\"ES ACTIVO\":1,\"FECHA INGRESO DEL EMPLEADO\":\"2017-07-05\",\"FECHA BAJA\":null,\"TIPO EMPLEADO ID_RAW\":\"2\",\"TIPO EMPLEADO\":\"INDETERMINADO\",\"DEPARTAMENTO ID_RAW\":\"24\",\"DEPARTAMENTO EMPLEADO\":\"PRODUCCION FARMA\",\"PUESTO DEL EMPLEADO ID_RAW\":\"233\",\"PUESTO DEL EMPLEADO\":\"OPERADOR C\",\"IDENTIFICADOR CENTRO TRABAJO EMPLEADO_RAW\":\"1002\",\"CENTRO TRABAJO EMPLEADO\":\"FH LAGO ISEO 186\",\"JEFE INMEDIATO EMPLEADO\":\"ANA ITZEL CORDOVA MARTINEZ\",\"SALARIO DIARIO EMPLEADO\":4981.489999999999781721271574497222900390625,\"SALARIO MENSUAL EMPLEADO\":149445.52999999999883584678173065185546875}', 'update', 'OK', '2025-12-22 13:34:36');
INSERT INTO `nomina_import_detalle` VALUES (877, 66, '2171', 'GOZB820715', '{\"NOMBRE DE EMPRESA\":\"FARMACEUTICA HISPANOAMERICANA S.A. DE C.V.\",\"NUMERO EMPLEADO\":\"2171\",\"APELLIDO PATERNO EMPLEADO\":\"GONZALEZ\",\"APELLIDO MATERNO EMPLEADO\":\"ZUÑIGA\",\"NOMBRES DEL EMPLEADO\":\"BRENDA SELENE\",\"RFC EMPLEADO_RAW\":\"GOZB-820715-3Q0\",\"RFC_BASE\":\"GOZB820715\",\"NO. CURP EMPLEADO\":\"GOZB820715MDFNXR04\",\"ES ACTIVO_RAW\":\"ACTIVO\",\"ES ACTIVO\":1,\"FECHA INGRESO DEL EMPLEADO\":\"2017-09-25\",\"FECHA BAJA\":null,\"TIPO EMPLEADO ID_RAW\":\"2\",\"TIPO EMPLEADO\":\"INDETERMINADO\",\"DEPARTAMENTO ID_RAW\":\"24\",\"DEPARTAMENTO EMPLEADO\":\"PRODUCCION FARMA\",\"PUESTO DEL EMPLEADO ID_RAW\":\"232\",\"PUESTO DEL EMPLEADO\":\"OPERADOR B\",\"IDENTIFICADOR CENTRO TRABAJO EMPLEADO_RAW\":\"1002\",\"CENTRO TRABAJO EMPLEADO\":\"FH LAGO ISEO 186\",\"JEFE INMEDIATO EMPLEADO\":\"ANA ITZEL CORDOVA MARTINEZ\",\"SALARIO DIARIO EMPLEADO\":4981.489999999999781721271574497222900390625,\"SALARIO MENSUAL EMPLEADO\":149445.52999999999883584678173065185546875}', 'update', 'OK', '2025-12-22 13:34:37');
INSERT INTO `nomina_import_detalle` VALUES (878, 66, '2533', 'PASF601209', '{\"NOMBRE DE EMPRESA\":\"HISPANAT S.A. DE C.V.\",\"NUMERO EMPLEADO\":\"2533\",\"APELLIDO PATERNO EMPLEADO\":\"PABLO\",\"APELLIDO MATERNO EMPLEADO\":\"SANTIAGO\",\"NOMBRES DEL EMPLEADO\":\"FLORENTINO\",\"RFC EMPLEADO_RAW\":\"PASF-601209-750\",\"RFC_BASE\":\"PASF601209\",\"NO. CURP EMPLEADO\":\"PASF601209HOCBNL01\",\"ES ACTIVO_RAW\":\"ACTIVO\",\"ES ACTIVO\":1,\"FECHA INGRESO DEL EMPLEADO\":\"2024-06-01\",\"FECHA BAJA\":null,\"TIPO EMPLEADO ID_RAW\":\"4\",\"TIPO EMPLEADO\":\"ASIMILADOS\",\"DEPARTAMENTO ID_RAW\":\"34\",\"DEPARTAMENTO EMPLEADO\":\"ASIMILADOS\",\"PUESTO DEL EMPLEADO ID_RAW\":\"ASIM\",\"PUESTO DEL EMPLEADO\":\"ASIMILADOS\",\"IDENTIFICADOR CENTRO TRABAJO EMPLEADO_RAW\":\"9999\",\"CENTRO TRABAJO EMPLEADO\":\"ASIMILADOS\",\"JEFE INMEDIATO EMPLEADO\":\"\",\"SALARIO DIARIO EMPLEADO\":4981.9499999999998181010596454143524169921875,\"SALARIO MENSUAL EMPLEADO\":149445.98000000001047737896442413330078125}', 'update', 'OK', '2025-12-22 13:34:37');
INSERT INTO `nomina_import_detalle` VALUES (879, 66, '2541', 'EOGA010828', '{\"NOMBRE DE EMPRESA\":\"HISPANAT S.A. DE C.V.\",\"NUMERO EMPLEADO\":\"2541\",\"APELLIDO PATERNO EMPLEADO\":\"ESCOBAR\",\"APELLIDO MATERNO EMPLEADO\":\"GUERRERO\",\"NOMBRES DEL EMPLEADO\":\"ARTURO IVAN\",\"RFC EMPLEADO_RAW\":\"EOGA-010828-L64\",\"RFC_BASE\":\"EOGA010828\",\"NO. CURP EMPLEADO\":\"EOGA010828HGRSRRA7\",\"ES ACTIVO_RAW\":\"ACTIVO\",\"ES ACTIVO\":1,\"FECHA INGRESO DEL EMPLEADO\":\"2025-03-03\",\"FECHA BAJA\":null,\"TIPO EMPLEADO ID_RAW\":\"4\",\"TIPO EMPLEADO\":\"ASIMILADOS\",\"DEPARTAMENTO ID_RAW\":\"ASIM\",\"DEPARTAMENTO EMPLEADO\":\"ASIMILADOS\",\"PUESTO DEL EMPLEADO ID_RAW\":\"ASIM\",\"PUESTO DEL EMPLEADO\":\"ASIMILADOS\",\"IDENTIFICADOR CENTRO TRABAJO EMPLEADO_RAW\":\"9999\",\"CENTRO TRABAJO EMPLEADO\":\"ASIMILADOS\",\"JEFE INMEDIATO EMPLEADO\":\"\",\"SALARIO DIARIO EMPLEADO\":4981.9499999999998181010596454143524169921875,\"SALARIO MENSUAL EMPLEADO\":149445.98000000001047737896442413330078125}', 'update', 'OK', '2025-12-22 13:34:37');
INSERT INTO `nomina_import_detalle` VALUES (880, 66, '2543', 'LOHG050214', '{\"NOMBRE DE EMPRESA\":\"HISPANAT S.A. DE C.V.\",\"NUMERO EMPLEADO\":\"2543\",\"APELLIDO PATERNO EMPLEADO\":\"LOPEZ\",\"APELLIDO MATERNO EMPLEADO\":\"HERNANDEZ\",\"NOMBRES DEL EMPLEADO\":\"GEOVANNI ALEXANDER\",\"RFC EMPLEADO_RAW\":\"LOHG-050214-6CA\",\"RFC_BASE\":\"LOHG050214\",\"NO. CURP EMPLEADO\":\"LOHG050214HMCPRVA2\",\"ES ACTIVO_RAW\":\"ACTIVO\",\"ES ACTIVO\":1,\"FECHA INGRESO DEL EMPLEADO\":\"2025-04-14\",\"FECHA BAJA\":null,\"TIPO EMPLEADO ID_RAW\":\"4\",\"TIPO EMPLEADO\":\"ASIMILADOS\",\"DEPARTAMENTO ID_RAW\":\"ASIM\",\"DEPARTAMENTO EMPLEADO\":\"ASIMILADOS\",\"PUESTO DEL EMPLEADO ID_RAW\":\"ASIM\",\"PUESTO DEL EMPLEADO\":\"ASIMILADOS\",\"IDENTIFICADOR CENTRO TRABAJO EMPLEADO_RAW\":\"9999\",\"CENTRO TRABAJO EMPLEADO\":\"ASIMILADOS\",\"JEFE INMEDIATO EMPLEADO\":\"\",\"SALARIO DIARIO EMPLEADO\":4981.9499999999998181010596454143524169921875,\"SALARIO MENSUAL EMPLEADO\":149445.98000000001047737896442413330078125}', 'update', 'OK', '2025-12-22 13:34:37');
INSERT INTO `nomina_import_detalle` VALUES (881, 66, '2544', 'RIJA021118', '{\"NOMBRE DE EMPRESA\":\"HISPANAT S.A. DE C.V.\",\"NUMERO EMPLEADO\":\"2544\",\"APELLIDO PATERNO EMPLEADO\":\"RIVERA\",\"APELLIDO MATERNO EMPLEADO\":\"JIMENEZ\",\"NOMBRES DEL EMPLEADO\":\"ALAN ALFONSO\",\"RFC EMPLEADO_RAW\":\"RIJA-021118-GD5\",\"RFC_BASE\":\"RIJA021118\",\"NO. CURP EMPLEADO\":\"RIJA021118HMCVMLA2\",\"ES ACTIVO_RAW\":\"ACTIVO\",\"ES ACTIVO\":1,\"FECHA INGRESO DEL EMPLEADO\":\"2025-05-28\",\"FECHA BAJA\":null,\"TIPO EMPLEADO ID_RAW\":\"4\",\"TIPO EMPLEADO\":\"ASIMILADOS\",\"DEPARTAMENTO ID_RAW\":\"ASIM\",\"DEPARTAMENTO EMPLEADO\":\"ASIMILADOS\",\"PUESTO DEL EMPLEADO ID_RAW\":\"ASIM\",\"PUESTO DEL EMPLEADO\":\"ASIMILADOS\",\"IDENTIFICADOR CENTRO TRABAJO EMPLEADO_RAW\":\"9999\",\"CENTRO TRABAJO EMPLEADO\":\"ASIMILADOS\",\"JEFE INMEDIATO EMPLEADO\":\"\",\"SALARIO DIARIO EMPLEADO\":4981.9499999999998181010596454143524169921875,\"SALARIO MENSUAL EMPLEADO\":149445.98999999999068677425384521484375}', 'update', 'OK', '2025-12-22 13:34:37');
INSERT INTO `nomina_import_detalle` VALUES (882, 66, '2545', 'GAMA010301', '{\"NOMBRE DE EMPRESA\":\"HISPANAT S.A. DE C.V.\",\"NUMERO EMPLEADO\":\"2545\",\"APELLIDO PATERNO EMPLEADO\":\"GARCIA\",\"APELLIDO MATERNO EMPLEADO\":\"MARTINEZ\",\"NOMBRES DEL EMPLEADO\":\"ALEXIS YAIR\",\"RFC EMPLEADO_RAW\":\"GAMA-010301-4T9\",\"RFC_BASE\":\"GAMA010301\",\"NO. CURP EMPLEADO\":\"GAMA010301HMCRRLA8\",\"ES ACTIVO_RAW\":\"ACTIVO\",\"ES ACTIVO\":1,\"FECHA INGRESO DEL EMPLEADO\":\"2025-05-28\",\"FECHA BAJA\":null,\"TIPO EMPLEADO ID_RAW\":\"4\",\"TIPO EMPLEADO\":\"ASIMILADOS\",\"DEPARTAMENTO ID_RAW\":\"ASIM\",\"DEPARTAMENTO EMPLEADO\":\"ASIMILADOS\",\"PUESTO DEL EMPLEADO ID_RAW\":\"ASIM\",\"PUESTO DEL EMPLEADO\":\"ASIMILADOS\",\"IDENTIFICADOR CENTRO TRABAJO EMPLEADO_RAW\":\"9999\",\"CENTRO TRABAJO EMPLEADO\":\"ASIMILADOS\",\"JEFE INMEDIATO EMPLEADO\":\"\",\"SALARIO DIARIO EMPLEADO\":4981.9499999999998181010596454143524169921875,\"SALARIO MENSUAL EMPLEADO\":149445.98999999999068677425384521484375}', 'update', 'OK', '2025-12-22 13:34:37');
INSERT INTO `nomina_import_detalle` VALUES (883, 66, '9012', 'OAAE000930', '{\"NOMBRE DE EMPRESA\":\"HISPANAT S.A. DE C.V.\",\"NUMERO EMPLEADO\":\"9012\",\"APELLIDO PATERNO EMPLEADO\":\"OCAMPO\",\"APELLIDO MATERNO EMPLEADO\":\"ALONSO\",\"NOMBRES DEL EMPLEADO\":\"EVELIN JHOANNA\",\"RFC EMPLEADO_RAW\":\"OAAE-000930-7L9\",\"RFC_BASE\":\"OAAE000930\",\"NO. CURP EMPLEADO\":\"OAAE000930MMCCLVA9\",\"ES ACTIVO_RAW\":\"ACTIVO\",\"ES ACTIVO\":1,\"FECHA INGRESO DEL EMPLEADO\":\"2025-07-09\",\"FECHA BAJA\":null,\"TIPO EMPLEADO ID_RAW\":\"4\",\"TIPO EMPLEADO\":\"ASIMILADOS\",\"DEPARTAMENTO ID_RAW\":\"ASIM\",\"DEPARTAMENTO EMPLEADO\":\"ASIMILADOS\",\"PUESTO DEL EMPLEADO ID_RAW\":\"ASIM\",\"PUESTO DEL EMPLEADO\":\"ASIMILADOS\",\"IDENTIFICADOR CENTRO TRABAJO EMPLEADO_RAW\":\"9999\",\"CENTRO TRABAJO EMPLEADO\":\"ASIMILADOS\",\"JEFE INMEDIATO EMPLEADO\":\"\",\"SALARIO DIARIO EMPLEADO\":4981.9499999999998181010596454143524169921875,\"SALARIO MENSUAL EMPLEADO\":149445.98999999999068677425384521484375}', 'update', 'OK', '2025-12-22 13:34:37');
INSERT INTO `nomina_import_detalle` VALUES (884, 66, '9014', 'GOLE021018', '{\"NOMBRE DE EMPRESA\":\"HISPANAT S.A. DE C.V.\",\"NUMERO EMPLEADO\":\"9014\",\"APELLIDO PATERNO EMPLEADO\":\"GOMEZ\",\"APELLIDO MATERNO EMPLEADO\":\"LOPEZ\",\"NOMBRES DEL EMPLEADO\":\"MARIA ENRIQUETA\",\"RFC EMPLEADO_RAW\":\"GOLE-021018-EU2\",\"RFC_BASE\":\"GOLE021018\",\"NO. CURP EMPLEADO\":\"GOLE021018MMCMPNA6\",\"ES ACTIVO_RAW\":\"ACTIVO\",\"ES ACTIVO\":1,\"FECHA INGRESO DEL EMPLEADO\":\"2025-09-02\",\"FECHA BAJA\":null,\"TIPO EMPLEADO ID_RAW\":\"4\",\"TIPO EMPLEADO\":\"ASIMILADOS\",\"DEPARTAMENTO ID_RAW\":\"ASIM\",\"DEPARTAMENTO EMPLEADO\":\"ASIMILADOS\",\"PUESTO DEL EMPLEADO ID_RAW\":\"ASIM\",\"PUESTO DEL EMPLEADO\":\"ASIMILADOS\",\"IDENTIFICADOR CENTRO TRABAJO EMPLEADO_RAW\":\"9999\",\"CENTRO TRABAJO EMPLEADO\":\"ASIMILADOS\",\"JEFE INMEDIATO EMPLEADO\":\"\",\"SALARIO DIARIO EMPLEADO\":4981.9499999999998181010596454143524169921875,\"SALARIO MENSUAL EMPLEADO\":149445.98999999999068677425384521484375}', 'update', 'OK', '2025-12-22 13:34:37');
INSERT INTO `nomina_import_detalle` VALUES (885, 66, '2549', 'SOPJ790110', '{\"NOMBRE DE EMPRESA\":\"HISPANAT S.A. DE C.V.\",\"NUMERO EMPLEADO\":\"2549\",\"APELLIDO PATERNO EMPLEADO\":\"SOLORIO\",\"APELLIDO MATERNO EMPLEADO\":\"PAVON\",\"NOMBRES DEL EMPLEADO\":\"JUAN GABRIEL\",\"RFC EMPLEADO_RAW\":\"SOPJ-790110-7C9\",\"RFC_BASE\":\"SOPJ790110\",\"NO. CURP EMPLEADO\":\"SOPJ790110HDFLVN07\",\"ES ACTIVO_RAW\":\"ACTIVO\",\"ES ACTIVO\":1,\"FECHA INGRESO DEL EMPLEADO\":\"2025-11-14\",\"FECHA BAJA\":null,\"TIPO EMPLEADO ID_RAW\":\"1\",\"TIPO EMPLEADO\":\"DETERMINADO\",\"DEPARTAMENTO ID_RAW\":\"28\",\"DEPARTAMENTO EMPLEADO\":\"TESORERIA\",\"PUESTO DEL EMPLEADO ID_RAW\":\"63\",\"PUESTO DEL EMPLEADO\":\"ENCARGADO DE PAGOS\",\"IDENTIFICADOR CENTRO TRABAJO EMPLEADO_RAW\":\"2008\",\"CENTRO TRABAJO EMPLEADO\":\"HN CORPORATIVO DESP 701\",\"JEFE INMEDIATO EMPLEADO\":\"\",\"SALARIO DIARIO EMPLEADO\":4981.9499999999998181010596454143524169921875,\"SALARIO MENSUAL EMPLEADO\":149445.98999999999068677425384521484375}', 'update', 'OK', '2025-12-22 13:34:38');
INSERT INTO `nomina_import_detalle` VALUES (886, 66, '2529', 'GAFL510207', '{\"NOMBRE DE EMPRESA\":\"HISPANAT S.A. DE C.V.\",\"NUMERO EMPLEADO\":\"2529\",\"APELLIDO PATERNO EMPLEADO\":\"GARCIA\",\"APELLIDO MATERNO EMPLEADO\":\"FLORES\",\"NOMBRES DEL EMPLEADO\":\"JOSE LUIS\",\"RFC EMPLEADO_RAW\":\"GAFL-510207-JB5\",\"RFC_BASE\":\"GAFL510207\",\"NO. CURP EMPLEADO\":\"GAFL510207HNLRLS05\",\"ES ACTIVO_RAW\":\"ACTIVO\",\"ES ACTIVO\":1,\"FECHA INGRESO DEL EMPLEADO\":\"2024-03-01\",\"FECHA BAJA\":null,\"TIPO EMPLEADO ID_RAW\":\"4\",\"TIPO EMPLEADO\":\"ASIMILADOS\",\"DEPARTAMENTO ID_RAW\":\"34\",\"DEPARTAMENTO EMPLEADO\":\"ASIMILADOS\",\"PUESTO DEL EMPLEADO ID_RAW\":\"ASIM\",\"PUESTO DEL EMPLEADO\":\"ASIMILADOS\",\"IDENTIFICADOR CENTRO TRABAJO EMPLEADO_RAW\":\"9999\",\"CENTRO TRABAJO EMPLEADO\":\"ASIMILADOS\",\"JEFE INMEDIATO EMPLEADO\":\"\",\"SALARIO DIARIO EMPLEADO\":4981.9499999999998181010596454143524169921875,\"SALARIO MENSUAL EMPLEADO\":149445.98999999999068677425384521484375}', 'update', 'OK', '2025-12-22 13:34:38');
INSERT INTO `nomina_import_detalle` VALUES (887, 66, '2003', 'VAVA800525', '{\"NOMBRE DE EMPRESA\":\"HISPANAT S.A. DE C.V.\",\"NUMERO EMPLEADO\":\"2003\",\"APELLIDO PATERNO EMPLEADO\":\"VAZQUEZ\",\"APELLIDO MATERNO EMPLEADO\":\"VALENCIA\",\"NOMBRES DEL EMPLEADO\":\"ANDRES\",\"RFC EMPLEADO_RAW\":\"VAVA-800525-4P4\",\"RFC_BASE\":\"VAVA800525\",\"NO. CURP EMPLEADO\":\"VAVA800525HDFZLN00\",\"ES ACTIVO_RAW\":\"ACTIVO\",\"ES ACTIVO\":1,\"FECHA INGRESO DEL EMPLEADO\":\"2016-04-18\",\"FECHA BAJA\":null,\"TIPO EMPLEADO ID_RAW\":\"2\",\"TIPO EMPLEADO\":\"INDETERMINADO\",\"DEPARTAMENTO ID_RAW\":\"1\",\"DEPARTAMENTO EMPLEADO\":\"ADMINISTRACION\",\"PUESTO DEL EMPLEADO ID_RAW\":\"183\",\"PUESTO DEL EMPLEADO\":\"CHOFER EJECUTIVO\",\"IDENTIFICADOR CENTRO TRABAJO EMPLEADO_RAW\":\"2013\",\"CENTRO TRABAJO EMPLEADO\":\"HN SOCIOS\",\"JEFE INMEDIATO EMPLEADO\":\"\",\"SALARIO DIARIO EMPLEADO\":4981.9600000000000363797880709171295166015625,\"SALARIO MENSUAL EMPLEADO\":149445.98999999999068677425384521484375}', 'update', 'OK', '2025-12-22 13:34:38');
INSERT INTO `nomina_import_detalle` VALUES (888, 66, '2004', 'MEMS801119', '{\"NOMBRE DE EMPRESA\":\"HISPANAT S.A. DE C.V.\",\"NUMERO EMPLEADO\":\"2004\",\"APELLIDO PATERNO EMPLEADO\":\"MEJIA\",\"APELLIDO MATERNO EMPLEADO\":\"MARTINEZ\",\"NOMBRES DEL EMPLEADO\":\"SALVADOR\",\"RFC EMPLEADO_RAW\":\"MEMS-801119-PX7\",\"RFC_BASE\":\"MEMS801119\",\"NO. CURP EMPLEADO\":\"MEMS801119HDFJRL06\",\"ES ACTIVO_RAW\":\"ACTIVO\",\"ES ACTIVO\":1,\"FECHA INGRESO DEL EMPLEADO\":\"2018-06-18\",\"FECHA BAJA\":null,\"TIPO EMPLEADO ID_RAW\":\"2\",\"TIPO EMPLEADO\":\"INDETERMINADO\",\"DEPARTAMENTO ID_RAW\":\"1\",\"DEPARTAMENTO EMPLEADO\":\"ADMINISTRACION\",\"PUESTO DEL EMPLEADO ID_RAW\":\"183\",\"PUESTO DEL EMPLEADO\":\"CHOFER EJECUTIVO\",\"IDENTIFICADOR CENTRO TRABAJO EMPLEADO_RAW\":\"2013\",\"CENTRO TRABAJO EMPLEADO\":\"HN SOCIOS\",\"JEFE INMEDIATO EMPLEADO\":\"\",\"SALARIO DIARIO EMPLEADO\":4981.9600000000000363797880709171295166015625,\"SALARIO MENSUAL EMPLEADO\":149445.98999999999068677425384521484375}', 'update', 'OK', '2025-12-22 13:34:38');
INSERT INTO `nomina_import_detalle` VALUES (889, 66, '2128', 'CAGM960120', '{\"NOMBRE DE EMPRESA\":\"HISPANAT S.A. DE C.V.\",\"NUMERO EMPLEADO\":\"2128\",\"APELLIDO PATERNO EMPLEADO\":\"CASADOS\",\"APELLIDO MATERNO EMPLEADO\":\"GONZALEZ\",\"NOMBRES DEL EMPLEADO\":\"JOSE MANUEL\",\"RFC EMPLEADO_RAW\":\"CAGM-960120-733\",\"RFC_BASE\":\"CAGM960120\",\"NO. CURP EMPLEADO\":\"CAGM960120HTSSNN07\",\"ES ACTIVO_RAW\":\"ACTIVO\",\"ES ACTIVO\":1,\"FECHA INGRESO DEL EMPLEADO\":\"2019-09-23\",\"FECHA BAJA\":null,\"TIPO EMPLEADO ID_RAW\":\"2\",\"TIPO EMPLEADO\":\"INDETERMINADO\",\"DEPARTAMENTO ID_RAW\":\"1\",\"DEPARTAMENTO EMPLEADO\":\"ADMINISTRACION\",\"PUESTO DEL EMPLEADO ID_RAW\":\"13\",\"PUESTO DEL EMPLEADO\":\"AUDITOR FINANCIERO CORPORATIVO\",\"IDENTIFICADOR CENTRO TRABAJO EMPLEADO_RAW\":\"2008\",\"CENTRO TRABAJO EMPLEADO\":\"HN CORPORATIVO DESP 701\",\"JEFE INMEDIATO EMPLEADO\":\"\",\"SALARIO DIARIO EMPLEADO\":4981.9600000000000363797880709171295166015625,\"SALARIO MENSUAL EMPLEADO\":149445.98999999999068677425384521484375}', 'update', 'OK', '2025-12-22 13:34:38');
INSERT INTO `nomina_import_detalle` VALUES (890, 66, '2262', 'GOFL650715', '{\"NOMBRE DE EMPRESA\":\"HISPANAT S.A. DE C.V.\",\"NUMERO EMPLEADO\":\"2262\",\"APELLIDO PATERNO EMPLEADO\":\"GONZALEZ\",\"APELLIDO MATERNO EMPLEADO\":\"FERNANDEZ\",\"NOMBRES DEL EMPLEADO\":\"MARIA DE LA LUZ\",\"RFC EMPLEADO_RAW\":\"GOFL-650715-M52\",\"RFC_BASE\":\"GOFL650715\",\"NO. CURP EMPLEADO\":\"GOFL650715MTSNRZ06\",\"ES ACTIVO_RAW\":\"ACTIVO\",\"ES ACTIVO\":1,\"FECHA INGRESO DEL EMPLEADO\":\"2019-10-28\",\"FECHA BAJA\":null,\"TIPO EMPLEADO ID_RAW\":\"2\",\"TIPO EMPLEADO\":\"INDETERMINADO\",\"DEPARTAMENTO ID_RAW\":\"1\",\"DEPARTAMENTO EMPLEADO\":\"ADMINISTRACION\",\"PUESTO DEL EMPLEADO ID_RAW\":\"186\",\"PUESTO DEL EMPLEADO\":\"GERENTE DE FACTURACION\",\"IDENTIFICADOR CENTRO TRABAJO EMPLEADO_RAW\":\"2013\",\"CENTRO TRABAJO EMPLEADO\":\"HN SOCIOS\",\"JEFE INMEDIATO EMPLEADO\":\"\",\"SALARIO DIARIO EMPLEADO\":4981.9600000000000363797880709171295166015625,\"SALARIO MENSUAL EMPLEADO\":149445.98999999999068677425384521484375}', 'update', 'OK', '2025-12-22 13:34:38');
INSERT INTO `nomina_import_detalle` VALUES (891, 66, '2542', 'VIOA890303', '{\"NOMBRE DE EMPRESA\":\"HISPANAT S.A. DE C.V.\",\"NUMERO EMPLEADO\":\"2542\",\"APELLIDO PATERNO EMPLEADO\":\"VIGUERAS\",\"APELLIDO MATERNO EMPLEADO\":\"OCAMPO\",\"NOMBRES DEL EMPLEADO\":\"ABDHUL\",\"RFC EMPLEADO_RAW\":\"VIOA-890303-FP9\",\"RFC_BASE\":\"VIOA890303\",\"NO. CURP EMPLEADO\":\"VIOA890303HDFGCB19\",\"ES ACTIVO_RAW\":\"ACTIVO\",\"ES ACTIVO\":1,\"FECHA INGRESO DEL EMPLEADO\":\"2025-03-28\",\"FECHA BAJA\":null,\"TIPO EMPLEADO ID_RAW\":\"2\",\"TIPO EMPLEADO\":\"INDETERMINADO\",\"DEPARTAMENTO ID_RAW\":\"1\",\"DEPARTAMENTO EMPLEADO\":\"ADMINISTRACION\",\"PUESTO DEL EMPLEADO ID_RAW\":\"183\",\"PUESTO DEL EMPLEADO\":\"CHOFER EJECUTIVO\",\"IDENTIFICADOR CENTRO TRABAJO EMPLEADO_RAW\":\"2013\",\"CENTRO TRABAJO EMPLEADO\":\"HN SOCIOS\",\"JEFE INMEDIATO EMPLEADO\":\"\",\"SALARIO DIARIO EMPLEADO\":4981.9600000000000363797880709171295166015625,\"SALARIO MENSUAL EMPLEADO\":149446}', 'update', 'OK', '2025-12-22 13:34:38');
INSERT INTO `nomina_import_detalle` VALUES (892, 66, '2546', 'HETC860528', '{\"NOMBRE DE EMPRESA\":\"HISPANAT S.A. DE C.V.\",\"NUMERO EMPLEADO\":\"2546\",\"APELLIDO PATERNO EMPLEADO\":\"HERNANDEZ\",\"APELLIDO MATERNO EMPLEADO\":\"TELLEZ\",\"NOMBRES DEL EMPLEADO\":\"MARIA DEL CARMEN\",\"RFC EMPLEADO_RAW\":\"HETC-860528-6Q8\",\"RFC_BASE\":\"HETC860528\",\"NO. CURP EMPLEADO\":\"HETC860528MDFRLR04\",\"ES ACTIVO_RAW\":\"ACTIVO\",\"ES ACTIVO\":1,\"FECHA INGRESO DEL EMPLEADO\":\"2025-06-04\",\"FECHA BAJA\":null,\"TIPO EMPLEADO ID_RAW\":\"2\",\"TIPO EMPLEADO\":\"INDETERMINADO\",\"DEPARTAMENTO ID_RAW\":\"1\",\"DEPARTAMENTO EMPLEADO\":\"ADMINISTRACION\",\"PUESTO DEL EMPLEADO ID_RAW\":\"10\",\"PUESTO DEL EMPLEADO\":\"ASISTENTE ADMINISTRATIVO\",\"IDENTIFICADOR CENTRO TRABAJO EMPLEADO_RAW\":\"2008\",\"CENTRO TRABAJO EMPLEADO\":\"HN CORPORATIVO DESP 701\",\"JEFE INMEDIATO EMPLEADO\":\"\",\"SALARIO DIARIO EMPLEADO\":4981.9600000000000363797880709171295166015625,\"SALARIO MENSUAL EMPLEADO\":149446}', 'update', 'OK', '2025-12-22 13:34:38');
INSERT INTO `nomina_import_detalle` VALUES (893, 66, '5378', 'VEON890104', '{\"NOMBRE DE EMPRESA\":\"HISPANAT S.A. DE C.V.\",\"NUMERO EMPLEADO\":\"5378\",\"APELLIDO PATERNO EMPLEADO\":\"VELAZQUEZ\",\"APELLIDO MATERNO EMPLEADO\":\"OJEDA\",\"NOMBRES DEL EMPLEADO\":\"NANCY\",\"RFC EMPLEADO_RAW\":\"VEON-890104-M42\",\"RFC_BASE\":\"VEON890104\",\"NO. CURP EMPLEADO\":\"VEON890104MMCLJN03\",\"ES ACTIVO_RAW\":\"ACTIVO\",\"ES ACTIVO\":1,\"FECHA INGRESO DEL EMPLEADO\":\"2021-07-07\",\"FECHA BAJA\":null,\"TIPO EMPLEADO ID_RAW\":\"2\",\"TIPO EMPLEADO\":\"INDETERMINADO\",\"DEPARTAMENTO ID_RAW\":\"15\",\"DEPARTAMENTO EMPLEADO\":\"DIRECCION DE NUEVOS NEGOCIOS\",\"PUESTO DEL EMPLEADO ID_RAW\":\"173\",\"PUESTO DEL EMPLEADO\":\"REPRESENTANTE DE VENTAS KAM DE PROYECTOS ESPECIALES\",\"IDENTIFICADOR CENTRO TRABAJO EMPLEADO_RAW\":\"2008\",\"CENTRO TRABAJO EMPLEADO\":\"HN CORPORATIVO DESP 701\",\"JEFE INMEDIATO EMPLEADO\":\"\",\"SALARIO DIARIO EMPLEADO\":4981.9600000000000363797880709171295166015625,\"SALARIO MENSUAL EMPLEADO\":149446}', 'update', 'OK', '2025-12-22 13:34:38');
INSERT INTO `nomina_import_detalle` VALUES (894, 66, '2441', 'OERP681118', '{\"NOMBRE DE EMPRESA\":\"HISPANAT S.A. DE C.V.\",\"NUMERO EMPLEADO\":\"2441\",\"APELLIDO PATERNO EMPLEADO\":\"OLVERA\",\"APELLIDO MATERNO EMPLEADO\":\"RODRIGUEZ\",\"NOMBRES DEL EMPLEADO\":\"PORFIRIO\",\"RFC EMPLEADO_RAW\":\"OERP-681118-3H4\",\"RFC_BASE\":\"OERP681118\",\"NO. CURP EMPLEADO\":\"OERP681118HDFLDR03\",\"ES ACTIVO_RAW\":\"ACTIVO\",\"ES ACTIVO\":1,\"FECHA INGRESO DEL EMPLEADO\":\"2025-03-18\",\"FECHA BAJA\":null,\"TIPO EMPLEADO ID_RAW\":\"4\",\"TIPO EMPLEADO\":\"ASIMILADOS\",\"DEPARTAMENTO ID_RAW\":\"ASIM\",\"DEPARTAMENTO EMPLEADO\":\"ASIMILADOS\",\"PUESTO DEL EMPLEADO ID_RAW\":\"ASIM\",\"PUESTO DEL EMPLEADO\":\"ASIMILADOS\",\"IDENTIFICADOR CENTRO TRABAJO EMPLEADO_RAW\":\"9999\",\"CENTRO TRABAJO EMPLEADO\":\"ASIMILADOS\",\"JEFE INMEDIATO EMPLEADO\":\"\",\"SALARIO DIARIO EMPLEADO\":4981.9600000000000363797880709171295166015625,\"SALARIO MENSUAL EMPLEADO\":149446}', 'update', 'OK', '2025-12-22 13:34:39');
INSERT INTO `nomina_import_detalle` VALUES (895, 67, '3298', 'MEMM991009', '{\"NOMBRE DE EMPRESA\":\"HEPTAPHARMA S.A. DE C.V.\",\"NUMERO EMPLEADO\":\"3298\",\"APELLIDO PATERNO EMPLEADO\":\"MEJIA\",\"APELLIDO MATERNO EMPLEADO\":\"MONROY\",\"NOMBRES DEL EMPLEADO\":\"MITZY YAHEL\",\"RFC EMPLEADO_RAW\":\"MEMM-991009-1Q8\",\"RFC_BASE\":\"MEMM991009\",\"NO. CURP EMPLEADO\":\"MEMM991009MMCJNT09\",\"ES ACTIVO_RAW\":\"ACTIVO\",\"ES ACTIVO\":1,\"FECHA INGRESO DEL EMPLEADO\":\"2024-01-15\",\"FECHA BAJA\":\"2024-01-17\",\"TIPO EMPLEADO ID_RAW\":\"2\",\"TIPO EMPLEADO\":\"INDETERMINADO\",\"DEPARTAMENTO ID_RAW\":\"HP6\",\"DEPARTAMENTO EMPLEADO\":\"VALIDACION\",\"PUESTO DEL EMPLEADO ID_RAW\":\"HP9\",\"PUESTO DEL EMPLEADO\":\"ANALISTA DE VALIDACION\",\"IDENTIFICADOR CENTRO TRABAJO EMPLEADO_RAW\":\"3000\",\"CENTRO TRABAJO EMPLEADO\":\"SAN MATEO-HEPTAPHARMA\",\"JEFE INMEDIATO EMPLEADO\":\"VIOLETA RAMIREZ TREJO\",\"SALARIO DIARIO EMPLEADO\":4981.1099999999996725819073617458343505859375,\"SALARIO MENSUAL EMPLEADO\":149445.14999999999417923390865325927734375}', 'update', 'OK', '2025-12-23 15:54:22');
INSERT INTO `nomina_import_detalle` VALUES (896, 67, '3301', 'EUBJ010804', '{\"NOMBRE DE EMPRESA\":\"HEPTAPHARMA S.A. DE C.V.\",\"NUMERO EMPLEADO\":\"3301\",\"APELLIDO PATERNO EMPLEADO\":\"EDUARDO\",\"APELLIDO MATERNO EMPLEADO\":\"BORBOLLON\",\"NOMBRES DEL EMPLEADO\":\"JUAN CARLOS\",\"RFC EMPLEADO_RAW\":\"EUBJ-010804-CD2\",\"RFC_BASE\":\"EUBJ010804\",\"NO. CURP EMPLEADO\":\"EUBJ010804HMCDRNA5\",\"ES ACTIVO_RAW\":\"ACTIVO\",\"ES ACTIVO\":1,\"FECHA INGRESO DEL EMPLEADO\":\"2024-01-17\",\"FECHA BAJA\":null,\"TIPO EMPLEADO ID_RAW\":\"2\",\"TIPO EMPLEADO\":\"INDETERMINADO\",\"DEPARTAMENTO ID_RAW\":\"HP7\",\"DEPARTAMENTO EMPLEADO\":\"MANTENIMIENTO\",\"PUESTO DEL EMPLEADO ID_RAW\":\"HP46\",\"PUESTO DEL EMPLEADO\":\"TECNICO ELECTROMECANICO\",\"IDENTIFICADOR CENTRO TRABAJO EMPLEADO_RAW\":\"3000\",\"CENTRO TRABAJO EMPLEADO\":\"SAN MATEO-HEPTAPHARMA\",\"JEFE INMEDIATO EMPLEADO\":\"EDUARDO RODRIGUEZ RAYON\",\"SALARIO DIARIO EMPLEADO\":4981.1099999999996725819073617458343505859375,\"SALARIO MENSUAL EMPLEADO\":149445.14999999999417923390865325927734375}', 'update', 'OK', '2025-12-23 15:54:22');
INSERT INTO `nomina_import_detalle` VALUES (897, 67, '3310', 'FOLO690620', '{\"NOMBRE DE EMPRESA\":\"HEPTAPHARMA S.A. DE C.V.\",\"NUMERO EMPLEADO\":\"3310\",\"APELLIDO PATERNO EMPLEADO\":\"FLORES\",\"APELLIDO MATERNO EMPLEADO\":\"LISARRAGA\",\"NOMBRES DEL EMPLEADO\":\"OTILIO\",\"RFC EMPLEADO_RAW\":\"FOLO-690620-DG2\",\"RFC_BASE\":\"FOLO690620\",\"NO. CURP EMPLEADO\":\"FOLO690620HDGLST03\",\"ES ACTIVO_RAW\":\"ACTIVO\",\"ES ACTIVO\":1,\"FECHA INGRESO DEL EMPLEADO\":\"2024-01-29\",\"FECHA BAJA\":null,\"TIPO EMPLEADO ID_RAW\":\"2\",\"TIPO EMPLEADO\":\"INDETERMINADO\",\"DEPARTAMENTO ID_RAW\":\"HP4\",\"DEPARTAMENTO EMPLEADO\":\"ASEGURAMIENTO DE CALIDAD\",\"PUESTO DEL EMPLEADO ID_RAW\":\"HP25\",\"PUESTO DEL EMPLEADO\":\"INSPECTOR DE ASEGURAMIENTO DE CALIDAD\",\"IDENTIFICADOR CENTRO TRABAJO EMPLEADO_RAW\":\"3000\",\"CENTRO TRABAJO EMPLEADO\":\"SAN MATEO-HEPTAPHARMA\",\"JEFE INMEDIATO EMPLEADO\":\"FATIMA PATRICIA SIMG MENDOZA\",\"SALARIO DIARIO EMPLEADO\":4981.1099999999996725819073617458343505859375,\"SALARIO MENSUAL EMPLEADO\":149445.14999999999417923390865325927734375}', 'update', 'OK', '2025-12-23 15:54:22');
INSERT INTO `nomina_import_detalle` VALUES (898, 67, '3315', 'SAAR970815', '{\"NOMBRE DE EMPRESA\":\"HEPTAPHARMA S.A. DE C.V.\",\"NUMERO EMPLEADO\":\"3315\",\"APELLIDO PATERNO EMPLEADO\":\"SANCHEZ\",\"APELLIDO MATERNO EMPLEADO\":\"ALMEYDA\",\"NOMBRES DEL EMPLEADO\":\"ROCIO\",\"RFC EMPLEADO_RAW\":\"SAAR-970815-EP8\",\"RFC_BASE\":\"SAAR970815\",\"NO. CURP EMPLEADO\":\"SAAR970815MMCNLC01\",\"ES ACTIVO_RAW\":\"ACTIVO\",\"ES ACTIVO\":1,\"FECHA INGRESO DEL EMPLEADO\":\"2024-02-06\",\"FECHA BAJA\":null,\"TIPO EMPLEADO ID_RAW\":\"2\",\"TIPO EMPLEADO\":\"INDETERMINADO\",\"DEPARTAMENTO ID_RAW\":\"HP6\",\"DEPARTAMENTO EMPLEADO\":\"VALIDACION\",\"PUESTO DEL EMPLEADO ID_RAW\":\"HP9\",\"PUESTO DEL EMPLEADO\":\"ANALISTA DE VALIDACION\",\"IDENTIFICADOR CENTRO TRABAJO EMPLEADO_RAW\":\"3000\",\"CENTRO TRABAJO EMPLEADO\":\"SAN MATEO-HEPTAPHARMA\",\"JEFE INMEDIATO EMPLEADO\":\"VIOLETA RAMIREZ TREJO\",\"SALARIO DIARIO EMPLEADO\":4981.1099999999996725819073617458343505859375,\"SALARIO MENSUAL EMPLEADO\":149445.14999999999417923390865325927734375}', 'update', 'OK', '2025-12-23 15:54:22');
INSERT INTO `nomina_import_detalle` VALUES (899, 67, '3320', 'GAOA770108', '{\"NOMBRE DE EMPRESA\":\"HEPTAPHARMA S.A. DE C.V.\",\"NUMERO EMPLEADO\":\"3320\",\"APELLIDO PATERNO EMPLEADO\":\"GARCIA\",\"APELLIDO MATERNO EMPLEADO\":\"ORTIZ\",\"NOMBRES DEL EMPLEADO\":\"AZUCENA\",\"RFC EMPLEADO_RAW\":\"GAOA-770108-UJA\",\"RFC_BASE\":\"GAOA770108\",\"NO. CURP EMPLEADO\":\"GAOA770108MMCRRZ08\",\"ES ACTIVO_RAW\":\"ACTIVO\",\"ES ACTIVO\":1,\"FECHA INGRESO DEL EMPLEADO\":\"2024-02-08\",\"FECHA BAJA\":null,\"TIPO EMPLEADO ID_RAW\":\"2\",\"TIPO EMPLEADO\":\"INDETERMINADO\",\"DEPARTAMENTO ID_RAW\":\"HP9\",\"DEPARTAMENTO EMPLEADO\":\"FABRICACION\",\"PUESTO DEL EMPLEADO ID_RAW\":\"HP84\",\"PUESTO DEL EMPLEADO\":\"OPERADOR C\",\"IDENTIFICADOR CENTRO TRABAJO EMPLEADO_RAW\":\"3000\",\"CENTRO TRABAJO EMPLEADO\":\"SAN MATEO-HEPTAPHARMA\",\"JEFE INMEDIATO EMPLEADO\":\"SALVADOR MELO REYES\",\"SALARIO DIARIO EMPLEADO\":4981.1099999999996725819073617458343505859375,\"SALARIO MENSUAL EMPLEADO\":149445.14999999999417923390865325927734375}', 'update', 'OK', '2025-12-23 15:54:23');
INSERT INTO `nomina_import_detalle` VALUES (900, 67, '3324', 'MOMG640819', '{\"NOMBRE DE EMPRESA\":\"HEPTAPHARMA S.A. DE C.V.\",\"NUMERO EMPLEADO\":\"3324\",\"APELLIDO PATERNO EMPLEADO\":\"MORELOS\",\"APELLIDO MATERNO EMPLEADO\":\"MARTINEZ\",\"NOMBRES DEL EMPLEADO\":\"GUADALUPE\",\"RFC EMPLEADO_RAW\":\"MOMG-640819-S98\",\"RFC_BASE\":\"MOMG640819\",\"NO. CURP EMPLEADO\":\"MOMG640819MDFRRD04\",\"ES ACTIVO_RAW\":\"ACTIVO\",\"ES ACTIVO\":1,\"FECHA INGRESO DEL EMPLEADO\":\"2024-03-04\",\"FECHA BAJA\":null,\"TIPO EMPLEADO ID_RAW\":\"2\",\"TIPO EMPLEADO\":\"INDETERMINADO\",\"DEPARTAMENTO ID_RAW\":\"HP9\",\"DEPARTAMENTO EMPLEADO\":\"FABRICACION\",\"PUESTO DEL EMPLEADO ID_RAW\":\"HP81\",\"PUESTO DEL EMPLEADO\":\"AYUDANTE GENERAL\",\"IDENTIFICADOR CENTRO TRABAJO EMPLEADO_RAW\":\"3000\",\"CENTRO TRABAJO EMPLEADO\":\"SAN MATEO-HEPTAPHARMA\",\"JEFE INMEDIATO EMPLEADO\":\"SALVADOR MELO REYES\",\"SALARIO DIARIO EMPLEADO\":4981.1199999999998908606357872486114501953125,\"SALARIO MENSUAL EMPLEADO\":149445.14999999999417923390865325927734375}', 'update', 'OK', '2025-12-23 15:54:23');
INSERT INTO `nomina_import_detalle` VALUES (901, 67, '3326', 'GARC000716', '{\"NOMBRE DE EMPRESA\":\"HEPTAPHARMA S.A. DE C.V.\",\"NUMERO EMPLEADO\":\"3326\",\"APELLIDO PATERNO EMPLEADO\":\"GARCES\",\"APELLIDO MATERNO EMPLEADO\":\"ROSALES\",\"NOMBRES DEL EMPLEADO\":\"CARMEN ANDREA\",\"RFC EMPLEADO_RAW\":\"GARC-000716-3P3\",\"RFC_BASE\":\"GARC000716\",\"NO. CURP EMPLEADO\":\"GARC000716MMCRSRA1\",\"ES ACTIVO_RAW\":\"ACTIVO\",\"ES ACTIVO\":1,\"FECHA INGRESO DEL EMPLEADO\":\"2024-10-11\",\"FECHA BAJA\":null,\"TIPO EMPLEADO ID_RAW\":\"2\",\"TIPO EMPLEADO\":\"INDETERMINADO\",\"DEPARTAMENTO ID_RAW\":\"HP5\",\"DEPARTAMENTO EMPLEADO\":\"CONTROL DE CALIDAD\",\"PUESTO DEL EMPLEADO ID_RAW\":\"HP3\",\"PUESTO DEL EMPLEADO\":\"ANALISTA DE CONTROL MICROBIOLOGICO\",\"IDENTIFICADOR CENTRO TRABAJO EMPLEADO_RAW\":\"3000\",\"CENTRO TRABAJO EMPLEADO\":\"SAN MATEO-HEPTAPHARMA\",\"JEFE INMEDIATO EMPLEADO\":\"VIOLETA RAMIREZ TREJO\",\"SALARIO DIARIO EMPLEADO\":4981.1199999999998908606357872486114501953125,\"SALARIO MENSUAL EMPLEADO\":149445.14999999999417923390865325927734375}', 'update', 'OK', '2025-12-23 15:54:23');
INSERT INTO `nomina_import_detalle` VALUES (902, 67, '3333', 'CAAN970205', '{\"NOMBRE DE EMPRESA\":\"HEPTAPHARMA S.A. DE C.V.\",\"NUMERO EMPLEADO\":\"3333\",\"APELLIDO PATERNO EMPLEADO\":\"CHAVEZ\",\"APELLIDO MATERNO EMPLEADO\":\"ANZALDO\",\"NOMBRES DEL EMPLEADO\":\"NANCY CECILIA\",\"RFC EMPLEADO_RAW\":\"CAAN-970205-694\",\"RFC_BASE\":\"CAAN970205\",\"NO. CURP EMPLEADO\":\"CAAN970205MMCHNN07\",\"ES ACTIVO_RAW\":\"ACTIVO\",\"ES ACTIVO\":1,\"FECHA INGRESO DEL EMPLEADO\":\"2024-03-19\",\"FECHA BAJA\":null,\"TIPO EMPLEADO ID_RAW\":\"2\",\"TIPO EMPLEADO\":\"INDETERMINADO\",\"DEPARTAMENTO ID_RAW\":\"HP9\",\"DEPARTAMENTO EMPLEADO\":\"FABRICACION\",\"PUESTO DEL EMPLEADO ID_RAW\":\"HP83\",\"PUESTO DEL EMPLEADO\":\"OPERADOR B\",\"IDENTIFICADOR CENTRO TRABAJO EMPLEADO_RAW\":\"3000\",\"CENTRO TRABAJO EMPLEADO\":\"SAN MATEO-HEPTAPHARMA\",\"JEFE INMEDIATO EMPLEADO\":\"SALVADOR MELO REYES\",\"SALARIO DIARIO EMPLEADO\":4981.1199999999998908606357872486114501953125,\"SALARIO MENSUAL EMPLEADO\":149445.14999999999417923390865325927734375}', 'update', 'OK', '2025-12-23 15:54:23');
INSERT INTO `nomina_import_detalle` VALUES (903, 67, '3335', 'MEAD870723', '{\"NOMBRE DE EMPRESA\":\"HEPTAPHARMA S.A. DE C.V.\",\"NUMERO EMPLEADO\":\"3335\",\"APELLIDO PATERNO EMPLEADO\":\"MEJIA\",\"APELLIDO MATERNO EMPLEADO\":\"ALBARRAN\",\"NOMBRES DEL EMPLEADO\":\"DIANA\",\"RFC EMPLEADO_RAW\":\"MEAD-870723-C7A\",\"RFC_BASE\":\"MEAD870723\",\"NO. CURP EMPLEADO\":\"MEAD870723MMCJLN04\",\"ES ACTIVO_RAW\":\"ACTIVO\",\"ES ACTIVO\":1,\"FECHA INGRESO DEL EMPLEADO\":\"2024-03-20\",\"FECHA BAJA\":null,\"TIPO EMPLEADO ID_RAW\":\"2\",\"TIPO EMPLEADO\":\"INDETERMINADO\",\"DEPARTAMENTO ID_RAW\":\"HP9\",\"DEPARTAMENTO EMPLEADO\":\"FABRICACION\",\"PUESTO DEL EMPLEADO ID_RAW\":\"HP85\",\"PUESTO DEL EMPLEADO\":\"OPERADOR D\",\"IDENTIFICADOR CENTRO TRABAJO EMPLEADO_RAW\":\"3000\",\"CENTRO TRABAJO EMPLEADO\":\"SAN MATEO-HEPTAPHARMA\",\"JEFE INMEDIATO EMPLEADO\":\"SALVADOR MELO REYES\",\"SALARIO DIARIO EMPLEADO\":4981.1199999999998908606357872486114501953125,\"SALARIO MENSUAL EMPLEADO\":149445.14999999999417923390865325927734375}', 'update', 'OK', '2025-12-23 15:54:23');
INSERT INTO `nomina_import_detalle` VALUES (904, 67, '3338', 'HEZK011005', '{\"NOMBRE DE EMPRESA\":\"HEPTAPHARMA S.A. DE C.V.\",\"NUMERO EMPLEADO\":\"3338\",\"APELLIDO PATERNO EMPLEADO\":\"HERNANDEZ\",\"APELLIDO MATERNO EMPLEADO\":\"ZARCO\",\"NOMBRES DEL EMPLEADO\":\"KELLY\",\"RFC EMPLEADO_RAW\":\"HEZK-011005-RK0\",\"RFC_BASE\":\"HEZK011005\",\"NO. CURP EMPLEADO\":\"HEZK011005MMCRRLA3\",\"ES ACTIVO_RAW\":\"ACTIVO\",\"ES ACTIVO\":1,\"FECHA INGRESO DEL EMPLEADO\":\"2024-04-01\",\"FECHA BAJA\":null,\"TIPO EMPLEADO ID_RAW\":\"2\",\"TIPO EMPLEADO\":\"INDETERMINADO\",\"DEPARTAMENTO ID_RAW\":\"HP4\",\"DEPARTAMENTO EMPLEADO\":\"ASEGURAMIENTO DE CALIDAD\",\"PUESTO DEL EMPLEADO ID_RAW\":\"HP25\",\"PUESTO DEL EMPLEADO\":\"INSPECTOR DE ASEGURAMIENTO DE CALIDAD\",\"IDENTIFICADOR CENTRO TRABAJO EMPLEADO_RAW\":\"3000\",\"CENTRO TRABAJO EMPLEADO\":\"SAN MATEO-HEPTAPHARMA\",\"JEFE INMEDIATO EMPLEADO\":\"FATIMA PATRICIA SIMG MENDOZA\",\"SALARIO DIARIO EMPLEADO\":4981.1199999999998908606357872486114501953125,\"SALARIO MENSUAL EMPLEADO\":149445.16000000000349245965480804443359375}', 'update', 'OK', '2025-12-23 15:54:23');
INSERT INTO `nomina_import_detalle` VALUES (905, 67, '3342', 'REAA970618', '{\"NOMBRE DE EMPRESA\":\"HEPTAPHARMA S.A. DE C.V.\",\"NUMERO EMPLEADO\":\"3342\",\"APELLIDO PATERNO EMPLEADO\":\"REYES\",\"APELLIDO MATERNO EMPLEADO\":\"ALVARADO\",\"NOMBRES DEL EMPLEADO\":\"ARACELI\",\"RFC EMPLEADO_RAW\":\"REAA-970618-AY4\",\"RFC_BASE\":\"REAA970618\",\"NO. CURP EMPLEADO\":\"REAA970618MMCYLR08\",\"ES ACTIVO_RAW\":\"ACTIVO\",\"ES ACTIVO\":1,\"FECHA INGRESO DEL EMPLEADO\":\"2024-04-17\",\"FECHA BAJA\":null,\"TIPO EMPLEADO ID_RAW\":\"2\",\"TIPO EMPLEADO\":\"INDETERMINADO\",\"DEPARTAMENTO ID_RAW\":\"HP9\",\"DEPARTAMENTO EMPLEADO\":\"FABRICACION\",\"PUESTO DEL EMPLEADO ID_RAW\":\"HP84\",\"PUESTO DEL EMPLEADO\":\"OPERADOR C\",\"IDENTIFICADOR CENTRO TRABAJO EMPLEADO_RAW\":\"3000\",\"CENTRO TRABAJO EMPLEADO\":\"SAN MATEO-HEPTAPHARMA\",\"JEFE INMEDIATO EMPLEADO\":\"SALVADOR MELO REYES\",\"SALARIO DIARIO EMPLEADO\":4981.1199999999998908606357872486114501953125,\"SALARIO MENSUAL EMPLEADO\":149445.16000000000349245965480804443359375}', 'update', 'OK', '2025-12-23 15:54:23');
INSERT INTO `nomina_import_detalle` VALUES (906, 67, '3344', 'RECE970823', '{\"NOMBRE DE EMPRESA\":\"HEPTAPHARMA S.A. DE C.V.\",\"NUMERO EMPLEADO\":\"3344\",\"APELLIDO PATERNO EMPLEADO\":\"REYES\",\"APELLIDO MATERNO EMPLEADO\":\"CLEMENTE\",\"NOMBRES DEL EMPLEADO\":\"ELEAZAR\",\"RFC EMPLEADO_RAW\":\"RECE-970823-KA9\",\"RFC_BASE\":\"RECE970823\",\"NO. CURP EMPLEADO\":\"RECE970823HMCYLL00\",\"ES ACTIVO_RAW\":\"ACTIVO\",\"ES ACTIVO\":1,\"FECHA INGRESO DEL EMPLEADO\":\"2024-04-22\",\"FECHA BAJA\":null,\"TIPO EMPLEADO ID_RAW\":\"2\",\"TIPO EMPLEADO\":\"INDETERMINADO\",\"DEPARTAMENTO ID_RAW\":\"HP6\",\"DEPARTAMENTO EMPLEADO\":\"VALIDACION\",\"PUESTO DEL EMPLEADO ID_RAW\":\"HP9\",\"PUESTO DEL EMPLEADO\":\"ANALISTA DE VALIDACION\",\"IDENTIFICADOR CENTRO TRABAJO EMPLEADO_RAW\":\"3000\",\"CENTRO TRABAJO EMPLEADO\":\"SAN MATEO-HEPTAPHARMA\",\"JEFE INMEDIATO EMPLEADO\":\"VIOLETA RAMIREZ TREJO\",\"SALARIO DIARIO EMPLEADO\":4981.1199999999998908606357872486114501953125,\"SALARIO MENSUAL EMPLEADO\":149445.16000000000349245965480804443359375}', 'update', 'OK', '2025-12-23 15:54:23');
INSERT INTO `nomina_import_detalle` VALUES (907, 67, '3345', 'HEMI050730', '{\"NOMBRE DE EMPRESA\":\"HEPTAPHARMA S.A. DE C.V.\",\"NUMERO EMPLEADO\":\"3345\",\"APELLIDO PATERNO EMPLEADO\":\"HERNANDEZ\",\"APELLIDO MATERNO EMPLEADO\":\"MATIAS\",\"NOMBRES DEL EMPLEADO\":\"ITZEL BETZABE\",\"RFC EMPLEADO_RAW\":\"HEMI-050730-1IA\",\"RFC_BASE\":\"HEMI050730\",\"NO. CURP EMPLEADO\":\"HEMI050730MMCRTTA0\",\"ES ACTIVO_RAW\":\"ACTIVO\",\"ES ACTIVO\":1,\"FECHA INGRESO DEL EMPLEADO\":\"2024-04-24\",\"FECHA BAJA\":null,\"TIPO EMPLEADO ID_RAW\":\"2\",\"TIPO EMPLEADO\":\"INDETERMINADO\",\"DEPARTAMENTO ID_RAW\":\"HP9\",\"DEPARTAMENTO EMPLEADO\":\"FABRICACION\",\"PUESTO DEL EMPLEADO ID_RAW\":\"HP81\",\"PUESTO DEL EMPLEADO\":\"AYUDANTE GENERAL\",\"IDENTIFICADOR CENTRO TRABAJO EMPLEADO_RAW\":\"3000\",\"CENTRO TRABAJO EMPLEADO\":\"SAN MATEO-HEPTAPHARMA\",\"JEFE INMEDIATO EMPLEADO\":\"SALVADOR MELO REYES\",\"SALARIO DIARIO EMPLEADO\":4981.1199999999998908606357872486114501953125,\"SALARIO MENSUAL EMPLEADO\":149445.16000000000349245965480804443359375}', 'update', 'OK', '2025-12-23 15:54:23');
INSERT INTO `nomina_import_detalle` VALUES (908, 67, '3353', 'CESM720722', '{\"NOMBRE DE EMPRESA\":\"HEPTAPHARMA S.A. DE C.V.\",\"NUMERO EMPLEADO\":\"3353\",\"APELLIDO PATERNO EMPLEADO\":\"CEBADA\",\"APELLIDO MATERNO EMPLEADO\":\"SALAMANCA\",\"NOMBRES DEL EMPLEADO\":\"MARIA MAGDALENA\",\"RFC EMPLEADO_RAW\":\"CESM-720722-Q22\",\"RFC_BASE\":\"CESM720722\",\"NO. CURP EMPLEADO\":\"CESM720722MPLBLG02\",\"ES ACTIVO_RAW\":\"ACTIVO\",\"ES ACTIVO\":1,\"FECHA INGRESO DEL EMPLEADO\":\"2024-04-26\",\"FECHA BAJA\":null,\"TIPO EMPLEADO ID_RAW\":\"2\",\"TIPO EMPLEADO\":\"INDETERMINADO\",\"DEPARTAMENTO ID_RAW\":\"HP7\",\"DEPARTAMENTO EMPLEADO\":\"MANTENIMIENTO\",\"PUESTO DEL EMPLEADO ID_RAW\":\"HP15\",\"PUESTO DEL EMPLEADO\":\"AUXILIAR DE LIMPIEZA DE SERVICIOS GENERALES\",\"IDENTIFICADOR CENTRO TRABAJO EMPLEADO_RAW\":\"3000\",\"CENTRO TRABAJO EMPLEADO\":\"SAN MATEO-HEPTAPHARMA\",\"JEFE INMEDIATO EMPLEADO\":\"EDUARDO RODRIGUEZ RAYON\",\"SALARIO DIARIO EMPLEADO\":4981.1199999999998908606357872486114501953125,\"SALARIO MENSUAL EMPLEADO\":149445.16000000000349245965480804443359375}', 'update', 'OK', '2025-12-23 15:54:24');
INSERT INTO `nomina_import_detalle` VALUES (909, 67, '3360', 'MORL950305', '{\"NOMBRE DE EMPRESA\":\"HEPTAPHARMA S.A. DE C.V.\",\"NUMERO EMPLEADO\":\"3360\",\"APELLIDO PATERNO EMPLEADO\":\"MORALES\",\"APELLIDO MATERNO EMPLEADO\":\"ROSAS\",\"NOMBRES DEL EMPLEADO\":\"LILIANA\",\"RFC EMPLEADO_RAW\":\"MORL-950305-9E2\",\"RFC_BASE\":\"MORL950305\",\"NO. CURP EMPLEADO\":\"MORL950305MMCRSL06\",\"ES ACTIVO_RAW\":\"ACTIVO\",\"ES ACTIVO\":1,\"FECHA INGRESO DEL EMPLEADO\":\"2024-05-03\",\"FECHA BAJA\":null,\"TIPO EMPLEADO ID_RAW\":\"2\",\"TIPO EMPLEADO\":\"INDETERMINADO\",\"DEPARTAMENTO ID_RAW\":\"HP4\",\"DEPARTAMENTO EMPLEADO\":\"ASEGURAMIENTO DE CALIDAD\",\"PUESTO DEL EMPLEADO ID_RAW\":\"HP4\",\"PUESTO DEL EMPLEADO\":\"ANALISTA DE DOCUMENTACION\",\"IDENTIFICADOR CENTRO TRABAJO EMPLEADO_RAW\":\"3000\",\"CENTRO TRABAJO EMPLEADO\":\"SAN MATEO-HEPTAPHARMA\",\"JEFE INMEDIATO EMPLEADO\":\"FATIMA PATRICIA SIMG MENDOZA\",\"SALARIO DIARIO EMPLEADO\":4981.1199999999998908606357872486114501953125,\"SALARIO MENSUAL EMPLEADO\":149445.16000000000349245965480804443359375}', 'update', 'OK', '2025-12-23 15:54:24');
INSERT INTO `nomina_import_detalle` VALUES (910, 67, '3364', 'RIAD720909', '{\"NOMBRE DE EMPRESA\":\"HEPTAPHARMA S.A. DE C.V.\",\"NUMERO EMPLEADO\":\"3364\",\"APELLIDO PATERNO EMPLEADO\":\"DEL RIO\",\"APELLIDO MATERNO EMPLEADO\":\"ALBARRAN\",\"NOMBRES DEL EMPLEADO\":\"DOROTEA\",\"RFC EMPLEADO_RAW\":\"RIAD-720909-RF8\",\"RFC_BASE\":\"RIAD720909\",\"NO. CURP EMPLEADO\":\"RIAD720909MMCXLR01\",\"ES ACTIVO_RAW\":\"ACTIVO\",\"ES ACTIVO\":1,\"FECHA INGRESO DEL EMPLEADO\":\"2024-05-06\",\"FECHA BAJA\":null,\"TIPO EMPLEADO ID_RAW\":\"2\",\"TIPO EMPLEADO\":\"INDETERMINADO\",\"DEPARTAMENTO ID_RAW\":\"HP9\",\"DEPARTAMENTO EMPLEADO\":\"FABRICACION\",\"PUESTO DEL EMPLEADO ID_RAW\":\"HP81\",\"PUESTO DEL EMPLEADO\":\"AYUDANTE GENERAL\",\"IDENTIFICADOR CENTRO TRABAJO EMPLEADO_RAW\":\"3000\",\"CENTRO TRABAJO EMPLEADO\":\"SAN MATEO-HEPTAPHARMA\",\"JEFE INMEDIATO EMPLEADO\":\"SALVADOR MELO REYES\",\"SALARIO DIARIO EMPLEADO\":4981.1300000000001091393642127513885498046875,\"SALARIO MENSUAL EMPLEADO\":149445.16000000000349245965480804443359375}', 'update', 'OK', '2025-12-23 15:54:24');
INSERT INTO `nomina_import_detalle` VALUES (911, 67, '3366', 'DIEM801122', '{\"NOMBRE DE EMPRESA\":\"HEPTAPHARMA S.A. DE C.V.\",\"NUMERO EMPLEADO\":\"3366\",\"APELLIDO PATERNO EMPLEADO\":\"DIOSDADO\",\"APELLIDO MATERNO EMPLEADO\":\"ENRIQUEZ\",\"NOMBRES DEL EMPLEADO\":\"MINERVA\",\"RFC EMPLEADO_RAW\":\"DIEM-801122-961\",\"RFC_BASE\":\"DIEM801122\",\"NO. CURP EMPLEADO\":\"DIEM801122MMCSNN05\",\"ES ACTIVO_RAW\":\"ACTIVO\",\"ES ACTIVO\":1,\"FECHA INGRESO DEL EMPLEADO\":\"2024-05-08\",\"FECHA BAJA\":null,\"TIPO EMPLEADO ID_RAW\":\"2\",\"TIPO EMPLEADO\":\"INDETERMINADO\",\"DEPARTAMENTO ID_RAW\":\"HP9\",\"DEPARTAMENTO EMPLEADO\":\"FABRICACION\",\"PUESTO DEL EMPLEADO ID_RAW\":\"HP83\",\"PUESTO DEL EMPLEADO\":\"OPERADOR B\",\"IDENTIFICADOR CENTRO TRABAJO EMPLEADO_RAW\":\"3000\",\"CENTRO TRABAJO EMPLEADO\":\"SAN MATEO-HEPTAPHARMA\",\"JEFE INMEDIATO EMPLEADO\":\"SALVADOR MELO REYES\",\"SALARIO DIARIO EMPLEADO\":4981.1300000000001091393642127513885498046875,\"SALARIO MENSUAL EMPLEADO\":149445.16000000000349245965480804443359375}', 'update', 'OK', '2025-12-23 15:54:24');
INSERT INTO `nomina_import_detalle` VALUES (912, 67, '3367', 'POVE701225', '{\"NOMBRE DE EMPRESA\":\"HEPTAPHARMA S.A. DE C.V.\",\"NUMERO EMPLEADO\":\"3367\",\"APELLIDO PATERNO EMPLEADO\":\"PORCAYO\",\"APELLIDO MATERNO EMPLEADO\":\"VALENCIA\",\"NOMBRES DEL EMPLEADO\":\"EVANGELINA\",\"RFC EMPLEADO_RAW\":\"POVE-701225-EN1\",\"RFC_BASE\":\"POVE701225\",\"NO. CURP EMPLEADO\":\"POVE701225MMCRLV06\",\"ES ACTIVO_RAW\":\"ACTIVO\",\"ES ACTIVO\":1,\"FECHA INGRESO DEL EMPLEADO\":\"2024-05-08\",\"FECHA BAJA\":null,\"TIPO EMPLEADO ID_RAW\":\"2\",\"TIPO EMPLEADO\":\"INDETERMINADO\",\"DEPARTAMENTO ID_RAW\":\"HP9\",\"DEPARTAMENTO EMPLEADO\":\"FABRICACION\",\"PUESTO DEL EMPLEADO ID_RAW\":\"HP81\",\"PUESTO DEL EMPLEADO\":\"AYUDANTE GENERAL\",\"IDENTIFICADOR CENTRO TRABAJO EMPLEADO_RAW\":\"3000\",\"CENTRO TRABAJO EMPLEADO\":\"SAN MATEO-HEPTAPHARMA\",\"JEFE INMEDIATO EMPLEADO\":\"SALVADOR MELO REYES\",\"SALARIO DIARIO EMPLEADO\":4981.1300000000001091393642127513885498046875,\"SALARIO MENSUAL EMPLEADO\":149445.16000000000349245965480804443359375}', 'update', 'OK', '2025-12-23 15:54:24');
INSERT INTO `nomina_import_detalle` VALUES (913, 67, '3371', 'GOVJ960423', '{\"NOMBRE DE EMPRESA\":\"HEPTAPHARMA S.A. DE C.V.\",\"NUMERO EMPLEADO\":\"3371\",\"APELLIDO PATERNO EMPLEADO\":\"GONZALEZ\",\"APELLIDO MATERNO EMPLEADO\":\"VALENCIA\",\"NOMBRES DEL EMPLEADO\":\"JORGE LUIS\",\"RFC EMPLEADO_RAW\":\"GOVJ-960423-RI8\",\"RFC_BASE\":\"GOVJ960423\",\"NO. CURP EMPLEADO\":\"GOVJ960423HMCNLR00\",\"ES ACTIVO_RAW\":\"ACTIVO\",\"ES ACTIVO\":1,\"FECHA INGRESO DEL EMPLEADO\":\"2024-05-09\",\"FECHA BAJA\":null,\"TIPO EMPLEADO ID_RAW\":\"2\",\"TIPO EMPLEADO\":\"INDETERMINADO\",\"DEPARTAMENTO ID_RAW\":\"HP9\",\"DEPARTAMENTO EMPLEADO\":\"FABRICACION\",\"PUESTO DEL EMPLEADO ID_RAW\":\"HP85\",\"PUESTO DEL EMPLEADO\":\"OPERADOR D\",\"IDENTIFICADOR CENTRO TRABAJO EMPLEADO_RAW\":\"3000\",\"CENTRO TRABAJO EMPLEADO\":\"SAN MATEO-HEPTAPHARMA\",\"JEFE INMEDIATO EMPLEADO\":\"SALVADOR MELO REYES\",\"SALARIO DIARIO EMPLEADO\":4981.1300000000001091393642127513885498046875,\"SALARIO MENSUAL EMPLEADO\":149445.16000000000349245965480804443359375}', 'update', 'OK', '2025-12-23 15:54:24');
INSERT INTO `nomina_import_detalle` VALUES (914, 67, '3372', 'AAGA990318', '{\"NOMBRE DE EMPRESA\":\"HEPTAPHARMA S.A. DE C.V.\",\"NUMERO EMPLEADO\":\"3372\",\"APELLIDO PATERNO EMPLEADO\":\"ALVA\",\"APELLIDO MATERNO EMPLEADO\":\"GUADARRAMA\",\"NOMBRES DEL EMPLEADO\":\"ALDAIR\",\"RFC EMPLEADO_RAW\":\"AAGA-990318-UB9\",\"RFC_BASE\":\"AAGA990318\",\"NO. CURP EMPLEADO\":\"AAGA990318HMCLDL04\",\"ES ACTIVO_RAW\":\"ACTIVO\",\"ES ACTIVO\":1,\"FECHA INGRESO DEL EMPLEADO\":\"2024-05-13\",\"FECHA BAJA\":null,\"TIPO EMPLEADO ID_RAW\":\"2\",\"TIPO EMPLEADO\":\"INDETERMINADO\",\"DEPARTAMENTO ID_RAW\":\"HP9\",\"DEPARTAMENTO EMPLEADO\":\"FABRICACION\",\"PUESTO DEL EMPLEADO ID_RAW\":\"HP84\",\"PUESTO DEL EMPLEADO\":\"OPERADOR C\",\"IDENTIFICADOR CENTRO TRABAJO EMPLEADO_RAW\":\"3000\",\"CENTRO TRABAJO EMPLEADO\":\"SAN MATEO-HEPTAPHARMA\",\"JEFE INMEDIATO EMPLEADO\":\"SALVADOR MELO REYES\",\"SALARIO DIARIO EMPLEADO\":4981.1300000000001091393642127513885498046875,\"SALARIO MENSUAL EMPLEADO\":149445.17000000001280568540096282958984375}', 'update', 'OK', '2025-12-23 15:54:24');
INSERT INTO `nomina_import_detalle` VALUES (915, 67, '3373', 'COSR870522', '{\"NOMBRE DE EMPRESA\":\"HEPTAPHARMA S.A. DE C.V.\",\"NUMERO EMPLEADO\":\"3373\",\"APELLIDO PATERNO EMPLEADO\":\"CORTEZ\",\"APELLIDO MATERNO EMPLEADO\":\"SALAS\",\"NOMBRES DEL EMPLEADO\":\"RITA\",\"RFC EMPLEADO_RAW\":\"COSR-870522-TC8\",\"RFC_BASE\":\"COSR870522\",\"NO. CURP EMPLEADO\":\"COSR870522MGRRLT09\",\"ES ACTIVO_RAW\":\"ACTIVO\",\"ES ACTIVO\":1,\"FECHA INGRESO DEL EMPLEADO\":\"2024-05-13\",\"FECHA BAJA\":null,\"TIPO EMPLEADO ID_RAW\":\"2\",\"TIPO EMPLEADO\":\"INDETERMINADO\",\"DEPARTAMENTO ID_RAW\":\"HP9\",\"DEPARTAMENTO EMPLEADO\":\"FABRICACION\",\"PUESTO DEL EMPLEADO ID_RAW\":\"HP81\",\"PUESTO DEL EMPLEADO\":\"AYUDANTE GENERAL\",\"IDENTIFICADOR CENTRO TRABAJO EMPLEADO_RAW\":\"3000\",\"CENTRO TRABAJO EMPLEADO\":\"SAN MATEO-HEPTAPHARMA\",\"JEFE INMEDIATO EMPLEADO\":\"SALVADOR MELO REYES\",\"SALARIO DIARIO EMPLEADO\":4981.1300000000001091393642127513885498046875,\"SALARIO MENSUAL EMPLEADO\":149445.17000000001280568540096282958984375}', 'update', 'OK', '2025-12-23 15:54:24');
INSERT INTO `nomina_import_detalle` VALUES (916, 67, '3382', 'VIRR041020', '{\"NOMBRE DE EMPRESA\":\"HEPTAPHARMA S.A. DE C.V.\",\"NUMERO EMPLEADO\":\"3382\",\"APELLIDO PATERNO EMPLEADO\":\"VILLEGAS\",\"APELLIDO MATERNO EMPLEADO\":\"REYES\",\"NOMBRES DEL EMPLEADO\":\"RUTH JAZMIN\",\"RFC EMPLEADO_RAW\":\"VIRR-041020-QX1\",\"RFC_BASE\":\"VIRR041020\",\"NO. CURP EMPLEADO\":\"VIRR041020MMCLYTA9\",\"ES ACTIVO_RAW\":\"ACTIVO\",\"ES ACTIVO\":1,\"FECHA INGRESO DEL EMPLEADO\":\"2024-05-20\",\"FECHA BAJA\":null,\"TIPO EMPLEADO ID_RAW\":\"2\",\"TIPO EMPLEADO\":\"INDETERMINADO\",\"DEPARTAMENTO ID_RAW\":\"HP9\",\"DEPARTAMENTO EMPLEADO\":\"FABRICACION\",\"PUESTO DEL EMPLEADO ID_RAW\":\"HP81\",\"PUESTO DEL EMPLEADO\":\"AYUDANTE GENERAL\",\"IDENTIFICADOR CENTRO TRABAJO EMPLEADO_RAW\":\"3000\",\"CENTRO TRABAJO EMPLEADO\":\"SAN MATEO-HEPTAPHARMA\",\"JEFE INMEDIATO EMPLEADO\":\"SALVADOR MELO REYES\",\"SALARIO DIARIO EMPLEADO\":4981.1300000000001091393642127513885498046875,\"SALARIO MENSUAL EMPLEADO\":149445.17000000001280568540096282958984375}', 'update', 'OK', '2025-12-23 15:54:25');
INSERT INTO `nomina_import_detalle` VALUES (917, 67, '3383', 'CADS991211', '{\"NOMBRE DE EMPRESA\":\"HEPTAPHARMA S.A. DE C.V.\",\"NUMERO EMPLEADO\":\"3383\",\"APELLIDO PATERNO EMPLEADO\":\"CASIMIRO\",\"APELLIDO MATERNO EMPLEADO\":\"DIAZ\",\"NOMBRES DEL EMPLEADO\":\"SANDRA GUADALUPE\",\"RFC EMPLEADO_RAW\":\"CADS-991211-J50\",\"RFC_BASE\":\"CADS991211\",\"NO. CURP EMPLEADO\":\"CADS991211MMCSZN05\",\"ES ACTIVO_RAW\":\"ACTIVO\",\"ES ACTIVO\":1,\"FECHA INGRESO DEL EMPLEADO\":\"2024-05-24\",\"FECHA BAJA\":null,\"TIPO EMPLEADO ID_RAW\":\"2\",\"TIPO EMPLEADO\":\"INDETERMINADO\",\"DEPARTAMENTO ID_RAW\":\"HP9\",\"DEPARTAMENTO EMPLEADO\":\"FABRICACION\",\"PUESTO DEL EMPLEADO ID_RAW\":\"HP81\",\"PUESTO DEL EMPLEADO\":\"AYUDANTE GENERAL\",\"IDENTIFICADOR CENTRO TRABAJO EMPLEADO_RAW\":\"3000\",\"CENTRO TRABAJO EMPLEADO\":\"SAN MATEO-HEPTAPHARMA\",\"JEFE INMEDIATO EMPLEADO\":\"SALVADOR MELO REYES\",\"SALARIO DIARIO EMPLEADO\":4981.1300000000001091393642127513885498046875,\"SALARIO MENSUAL EMPLEADO\":149445.17000000001280568540096282958984375}', 'update', 'OK', '2025-12-23 15:54:25');
INSERT INTO `nomina_import_detalle` VALUES (918, 67, '3384', 'DANJ990227', '{\"NOMBRE DE EMPRESA\":\"HEPTAPHARMA S.A. DE C.V.\",\"NUMERO EMPLEADO\":\"3384\",\"APELLIDO PATERNO EMPLEADO\":\"DAVILA\",\"APELLIDO MATERNO EMPLEADO\":\"NAVA\",\"NOMBRES DEL EMPLEADO\":\"JORGE\",\"RFC EMPLEADO_RAW\":\"DANJ-990227-8GA\",\"RFC_BASE\":\"DANJ990227\",\"NO. CURP EMPLEADO\":\"DANJ990227HMCVVR01\",\"ES ACTIVO_RAW\":\"ACTIVO\",\"ES ACTIVO\":1,\"FECHA INGRESO DEL EMPLEADO\":\"2025-10-07\",\"FECHA BAJA\":null,\"TIPO EMPLEADO ID_RAW\":\"1\",\"TIPO EMPLEADO\":\"DETERMINADO\",\"DEPARTAMENTO ID_RAW\":\"HP12\",\"DEPARTAMENTO EMPLEADO\":\"METROLOGIA\",\"PUESTO DEL EMPLEADO ID_RAW\":\"HP73\",\"PUESTO DEL EMPLEADO\":\"QUIMICO DE METROLOGIA\",\"IDENTIFICADOR CENTRO TRABAJO EMPLEADO_RAW\":\"3000\",\"CENTRO TRABAJO EMPLEADO\":\"SAN MATEO-HEPTAPHARMA\",\"JEFE INMEDIATO EMPLEADO\":\"\",\"SALARIO DIARIO EMPLEADO\":4981.1300000000001091393642127513885498046875,\"SALARIO MENSUAL EMPLEADO\":149445.17000000001280568540096282958984375}', 'update', 'OK', '2025-12-23 15:54:25');
INSERT INTO `nomina_import_detalle` VALUES (919, 67, '3386', 'ZAPK890303', '{\"NOMBRE DE EMPRESA\":\"HEPTAPHARMA S.A. DE C.V.\",\"NUMERO EMPLEADO\":\"3386\",\"APELLIDO PATERNO EMPLEADO\":\"ZARATE\",\"APELLIDO MATERNO EMPLEADO\":\"PEREZ\",\"NOMBRES DEL EMPLEADO\":\"KARINA\",\"RFC EMPLEADO_RAW\":\"ZAPK-890303-EVA\",\"RFC_BASE\":\"ZAPK890303\",\"NO. CURP EMPLEADO\":\"ZAPK890303MDFRRR04\",\"ES ACTIVO_RAW\":\"ACTIVO\",\"ES ACTIVO\":1,\"FECHA INGRESO DEL EMPLEADO\":\"2024-05-27\",\"FECHA BAJA\":null,\"TIPO EMPLEADO ID_RAW\":\"2\",\"TIPO EMPLEADO\":\"INDETERMINADO\",\"DEPARTAMENTO ID_RAW\":\"HP6\",\"DEPARTAMENTO EMPLEADO\":\"VALIDACION\",\"PUESTO DEL EMPLEADO ID_RAW\":\"HP9\",\"PUESTO DEL EMPLEADO\":\"ANALISTA DE VALIDACION\",\"IDENTIFICADOR CENTRO TRABAJO EMPLEADO_RAW\":\"3000\",\"CENTRO TRABAJO EMPLEADO\":\"SAN MATEO-HEPTAPHARMA\",\"JEFE INMEDIATO EMPLEADO\":\"VIOLETA RAMIREZ TREJO\",\"SALARIO DIARIO EMPLEADO\":4981.1300000000001091393642127513885498046875,\"SALARIO MENSUAL EMPLEADO\":149445.17000000001280568540096282958984375}', 'update', 'OK', '2025-12-23 15:54:25');
INSERT INTO `nomina_import_detalle` VALUES (920, 67, '3392', 'VIGJ620808', '{\"NOMBRE DE EMPRESA\":\"HEPTAPHARMA S.A. DE C.V.\",\"NUMERO EMPLEADO\":\"3392\",\"APELLIDO PATERNO EMPLEADO\":\"VIEYRA\",\"APELLIDO MATERNO EMPLEADO\":\"GARCIA\",\"NOMBRES DEL EMPLEADO\":\"JUAN\",\"RFC EMPLEADO_RAW\":\"VIGJ-620808-S16\",\"RFC_BASE\":\"VIGJ620808\",\"NO. CURP EMPLEADO\":\"VIGJ620808HDFYRN04\",\"ES ACTIVO_RAW\":\"ACTIVO\",\"ES ACTIVO\":1,\"FECHA INGRESO DEL EMPLEADO\":\"2024-05-31\",\"FECHA BAJA\":null,\"TIPO EMPLEADO ID_RAW\":\"2\",\"TIPO EMPLEADO\":\"INDETERMINADO\",\"DEPARTAMENTO ID_RAW\":\"HP9\",\"DEPARTAMENTO EMPLEADO\":\"FABRICACION\",\"PUESTO DEL EMPLEADO ID_RAW\":\"HP81\",\"PUESTO DEL EMPLEADO\":\"AYUDANTE GENERAL\",\"IDENTIFICADOR CENTRO TRABAJO EMPLEADO_RAW\":\"3000\",\"CENTRO TRABAJO EMPLEADO\":\"SAN MATEO-HEPTAPHARMA\",\"JEFE INMEDIATO EMPLEADO\":\"SALVADOR MELO REYES\",\"SALARIO DIARIO EMPLEADO\":4981.1400000000003274180926382541656494140625,\"SALARIO MENSUAL EMPLEADO\":149445.17000000001280568540096282958984375}', 'update', 'OK', '2025-12-23 15:54:25');
INSERT INTO `nomina_import_detalle` VALUES (921, 67, '3394', 'FARR931017', '{\"NOMBRE DE EMPRESA\":\"HEPTAPHARMA S.A. DE C.V.\",\"NUMERO EMPLEADO\":\"3394\",\"APELLIDO PATERNO EMPLEADO\":\"FRANCISCO\",\"APELLIDO MATERNO EMPLEADO\":\"RIVERA\",\"NOMBRES DEL EMPLEADO\":\"ROSA ISABEL\",\"RFC EMPLEADO_RAW\":\"FARR-931017-UC1\",\"RFC_BASE\":\"FARR931017\",\"NO. CURP EMPLEADO\":\"FARR931017MMCRVS05\",\"ES ACTIVO_RAW\":\"ACTIVO\",\"ES ACTIVO\":1,\"FECHA INGRESO DEL EMPLEADO\":\"2024-06-03\",\"FECHA BAJA\":null,\"TIPO EMPLEADO ID_RAW\":\"2\",\"TIPO EMPLEADO\":\"INDETERMINADO\",\"DEPARTAMENTO ID_RAW\":\"HP12\",\"DEPARTAMENTO EMPLEADO\":\"METROLOGIA\",\"PUESTO DEL EMPLEADO ID_RAW\":\"HP73\",\"PUESTO DEL EMPLEADO\":\"QUIMICO DE METROLOGIA\",\"IDENTIFICADOR CENTRO TRABAJO EMPLEADO_RAW\":\"3000\",\"CENTRO TRABAJO EMPLEADO\":\"SAN MATEO-HEPTAPHARMA\",\"JEFE INMEDIATO EMPLEADO\":\"VIOLETA RAMIREZ TREJO\",\"SALARIO DIARIO EMPLEADO\":4981.1400000000003274180926382541656494140625,\"SALARIO MENSUAL EMPLEADO\":149445.17000000001280568540096282958984375}', 'update', 'OK', '2025-12-23 15:54:25');
INSERT INTO `nomina_import_detalle` VALUES (922, 67, '3399', 'MOGC941001', '{\"NOMBRE DE EMPRESA\":\"HEPTAPHARMA S.A. DE C.V.\",\"NUMERO EMPLEADO\":\"3399\",\"APELLIDO PATERNO EMPLEADO\":\"MONTELLANO\",\"APELLIDO MATERNO EMPLEADO\":\"GONZALEZ\",\"NOMBRES DEL EMPLEADO\":\"CAROLINA\",\"RFC EMPLEADO_RAW\":\"MOGC-941001-642\",\"RFC_BASE\":\"MOGC941001\",\"NO. CURP EMPLEADO\":\"MOGC941001MMCNNR01\",\"ES ACTIVO_RAW\":\"ACTIVO\",\"ES ACTIVO\":1,\"FECHA INGRESO DEL EMPLEADO\":\"2024-06-07\",\"FECHA BAJA\":null,\"TIPO EMPLEADO ID_RAW\":\"2\",\"TIPO EMPLEADO\":\"INDETERMINADO\",\"DEPARTAMENTO ID_RAW\":\"HP9\",\"DEPARTAMENTO EMPLEADO\":\"FABRICACION\",\"PUESTO DEL EMPLEADO ID_RAW\":\"HP81\",\"PUESTO DEL EMPLEADO\":\"AYUDANTE GENERAL\",\"IDENTIFICADOR CENTRO TRABAJO EMPLEADO_RAW\":\"3000\",\"CENTRO TRABAJO EMPLEADO\":\"SAN MATEO-HEPTAPHARMA\",\"JEFE INMEDIATO EMPLEADO\":\"SALVADOR MELO REYES\",\"SALARIO DIARIO EMPLEADO\":4981.1400000000003274180926382541656494140625,\"SALARIO MENSUAL EMPLEADO\":149445.17000000001280568540096282958984375}', 'update', 'OK', '2025-12-23 15:54:25');
INSERT INTO `nomina_import_detalle` VALUES (923, 67, '3400', 'JUBP920311', '{\"NOMBRE DE EMPRESA\":\"HEPTAPHARMA S.A. DE C.V.\",\"NUMERO EMPLEADO\":\"3400\",\"APELLIDO PATERNO EMPLEADO\":\"JUAREZ\",\"APELLIDO MATERNO EMPLEADO\":\"BELTRAN\",\"NOMBRES DEL EMPLEADO\":\"PALOMA\",\"RFC EMPLEADO_RAW\":\"JUBP-920311-564\",\"RFC_BASE\":\"JUBP920311\",\"NO. CURP EMPLEADO\":\"JUBP920311MMCRLL02\",\"ES ACTIVO_RAW\":\"ACTIVO\",\"ES ACTIVO\":1,\"FECHA INGRESO DEL EMPLEADO\":\"2024-06-07\",\"FECHA BAJA\":null,\"TIPO EMPLEADO ID_RAW\":\"2\",\"TIPO EMPLEADO\":\"INDETERMINADO\",\"DEPARTAMENTO ID_RAW\":\"HP9\",\"DEPARTAMENTO EMPLEADO\":\"FABRICACION\",\"PUESTO DEL EMPLEADO ID_RAW\":\"HP81\",\"PUESTO DEL EMPLEADO\":\"AYUDANTE GENERAL\",\"IDENTIFICADOR CENTRO TRABAJO EMPLEADO_RAW\":\"3000\",\"CENTRO TRABAJO EMPLEADO\":\"SAN MATEO-HEPTAPHARMA\",\"JEFE INMEDIATO EMPLEADO\":\"SALVADOR MELO REYES\",\"SALARIO DIARIO EMPLEADO\":4981.1400000000003274180926382541656494140625,\"SALARIO MENSUAL EMPLEADO\":149445.17000000001280568540096282958984375}', 'update', 'OK', '2025-12-23 15:54:25');
INSERT INTO `nomina_import_detalle` VALUES (924, 67, '3404', 'VEEX021221', '{\"NOMBRE DE EMPRESA\":\"HEPTAPHARMA S.A. DE C.V.\",\"NUMERO EMPLEADO\":\"3404\",\"APELLIDO PATERNO EMPLEADO\":\"VELAZQUEZ\",\"APELLIDO MATERNO EMPLEADO\":\"ESQUIVEL\",\"NOMBRES DEL EMPLEADO\":\"XIMENA\",\"RFC EMPLEADO_RAW\":\"VEEX-021221-E75\",\"RFC_BASE\":\"VEEX021221\",\"NO. CURP EMPLEADO\":\"VEEX021221MMCLSMA4\",\"ES ACTIVO_RAW\":\"ACTIVO\",\"ES ACTIVO\":1,\"FECHA INGRESO DEL EMPLEADO\":\"2024-06-12\",\"FECHA BAJA\":null,\"TIPO EMPLEADO ID_RAW\":\"2\",\"TIPO EMPLEADO\":\"INDETERMINADO\",\"DEPARTAMENTO ID_RAW\":\"HP4\",\"DEPARTAMENTO EMPLEADO\":\"ASEGURAMIENTO DE CALIDAD\",\"PUESTO DEL EMPLEADO ID_RAW\":\"HP6\",\"PUESTO DEL EMPLEADO\":\"ANALISTA DE SISTEMA DE CALIDAD\",\"IDENTIFICADOR CENTRO TRABAJO EMPLEADO_RAW\":\"3000\",\"CENTRO TRABAJO EMPLEADO\":\"SAN MATEO-HEPTAPHARMA\",\"JEFE INMEDIATO EMPLEADO\":\"FATIMA PATRICIA SIMG MENDOZA\",\"SALARIO DIARIO EMPLEADO\":4981.1400000000003274180926382541656494140625,\"SALARIO MENSUAL EMPLEADO\":149445.1799999999930150806903839111328125}', 'update', 'OK', '2025-12-23 15:54:25');
INSERT INTO `nomina_import_detalle` VALUES (925, 67, '3405', 'AAVD020712', '{\"NOMBRE DE EMPRESA\":\"HEPTAPHARMA S.A. DE C.V.\",\"NUMERO EMPLEADO\":\"3405\",\"APELLIDO PATERNO EMPLEADO\":\"ALBARRAN\",\"APELLIDO MATERNO EMPLEADO\":\"VALLEJO\",\"NOMBRES DEL EMPLEADO\":\"DIEGO\",\"RFC EMPLEADO_RAW\":\"AAVD-020712-UA8\",\"RFC_BASE\":\"AAVD020712\",\"NO. CURP EMPLEADO\":\"AAVD020712HMCLLGA3\",\"ES ACTIVO_RAW\":\"ACTIVO\",\"ES ACTIVO\":1,\"FECHA INGRESO DEL EMPLEADO\":\"2024-06-12\",\"FECHA BAJA\":null,\"TIPO EMPLEADO ID_RAW\":\"2\",\"TIPO EMPLEADO\":\"INDETERMINADO\",\"DEPARTAMENTO ID_RAW\":\"HP9\",\"DEPARTAMENTO EMPLEADO\":\"FABRICACION\",\"PUESTO DEL EMPLEADO ID_RAW\":\"HP84\",\"PUESTO DEL EMPLEADO\":\"OPERADOR C\",\"IDENTIFICADOR CENTRO TRABAJO EMPLEADO_RAW\":\"3000\",\"CENTRO TRABAJO EMPLEADO\":\"SAN MATEO-HEPTAPHARMA\",\"JEFE INMEDIATO EMPLEADO\":\"SALVADOR MELO REYES\",\"SALARIO DIARIO EMPLEADO\":4981.1400000000003274180926382541656494140625,\"SALARIO MENSUAL EMPLEADO\":149445.1799999999930150806903839111328125}', 'update', 'OK', '2025-12-23 15:54:26');
INSERT INTO `nomina_import_detalle` VALUES (926, 67, '3406', 'MAGF860625', '{\"NOMBRE DE EMPRESA\":\"HEPTAPHARMA S.A. DE C.V.\",\"NUMERO EMPLEADO\":\"3406\",\"APELLIDO PATERNO EMPLEADO\":\"MARTINEZ\",\"APELLIDO MATERNO EMPLEADO\":\"GARCIA\",\"NOMBRES DEL EMPLEADO\":\"FELIPE\",\"RFC EMPLEADO_RAW\":\"MAGF-860625-1B3\",\"RFC_BASE\":\"MAGF860625\",\"NO. CURP EMPLEADO\":\"MAGF860625HMCRRL05\",\"ES ACTIVO_RAW\":\"ACTIVO\",\"ES ACTIVO\":1,\"FECHA INGRESO DEL EMPLEADO\":\"2024-06-12\",\"FECHA BAJA\":null,\"TIPO EMPLEADO ID_RAW\":\"2\",\"TIPO EMPLEADO\":\"INDETERMINADO\",\"DEPARTAMENTO ID_RAW\":\"HP9\",\"DEPARTAMENTO EMPLEADO\":\"FABRICACION\",\"PUESTO DEL EMPLEADO ID_RAW\":\"HP85\",\"PUESTO DEL EMPLEADO\":\"OPERADOR D\",\"IDENTIFICADOR CENTRO TRABAJO EMPLEADO_RAW\":\"3000\",\"CENTRO TRABAJO EMPLEADO\":\"SAN MATEO-HEPTAPHARMA\",\"JEFE INMEDIATO EMPLEADO\":\"SALVADOR MELO REYES\",\"SALARIO DIARIO EMPLEADO\":4981.1400000000003274180926382541656494140625,\"SALARIO MENSUAL EMPLEADO\":149445.1799999999930150806903839111328125}', 'update', 'OK', '2025-12-23 15:54:26');
INSERT INTO `nomina_import_detalle` VALUES (927, 67, '3407', 'VAAA961130', '{\"NOMBRE DE EMPRESA\":\"HEPTAPHARMA S.A. DE C.V.\",\"NUMERO EMPLEADO\":\"3407\",\"APELLIDO PATERNO EMPLEADO\":\"VALDEZ\",\"APELLIDO MATERNO EMPLEADO\":\"AGUIRRE\",\"NOMBRES DEL EMPLEADO\":\"ANDREA BERENICE\",\"RFC EMPLEADO_RAW\":\"VAAA-961130-VC0\",\"RFC_BASE\":\"VAAA961130\",\"NO. CURP EMPLEADO\":\"VAAA961130MMCLGN07\",\"ES ACTIVO_RAW\":\"ACTIVO\",\"ES ACTIVO\":1,\"FECHA INGRESO DEL EMPLEADO\":\"2024-06-12\",\"FECHA BAJA\":null,\"TIPO EMPLEADO ID_RAW\":\"2\",\"TIPO EMPLEADO\":\"INDETERMINADO\",\"DEPARTAMENTO ID_RAW\":\"HP9\",\"DEPARTAMENTO EMPLEADO\":\"FABRICACION\",\"PUESTO DEL EMPLEADO ID_RAW\":\"HP81\",\"PUESTO DEL EMPLEADO\":\"AYUDANTE GENERAL\",\"IDENTIFICADOR CENTRO TRABAJO EMPLEADO_RAW\":\"3000\",\"CENTRO TRABAJO EMPLEADO\":\"SAN MATEO-HEPTAPHARMA\",\"JEFE INMEDIATO EMPLEADO\":\"SALVADOR MELO REYES\",\"SALARIO DIARIO EMPLEADO\":4981.1400000000003274180926382541656494140625,\"SALARIO MENSUAL EMPLEADO\":149445.1799999999930150806903839111328125}', 'update', 'OK', '2025-12-23 15:54:26');
INSERT INTO `nomina_import_detalle` VALUES (928, 67, '3409', 'MEEJ970128', '{\"NOMBRE DE EMPRESA\":\"HEPTAPHARMA S.A. DE C.V.\",\"NUMERO EMPLEADO\":\"3409\",\"APELLIDO PATERNO EMPLEADO\":\"MENDEZ\",\"APELLIDO MATERNO EMPLEADO\":\"ESCUTIA\",\"NOMBRES DEL EMPLEADO\":\"JULIANA\",\"RFC EMPLEADO_RAW\":\"MEEJ-970128-635\",\"RFC_BASE\":\"MEEJ970128\",\"NO. CURP EMPLEADO\":\"MEEJ970128MMCNSL01\",\"ES ACTIVO_RAW\":\"ACTIVO\",\"ES ACTIVO\":1,\"FECHA INGRESO DEL EMPLEADO\":\"2024-06-14\",\"FECHA BAJA\":null,\"TIPO EMPLEADO ID_RAW\":\"2\",\"TIPO EMPLEADO\":\"INDETERMINADO\",\"DEPARTAMENTO ID_RAW\":\"HP9\",\"DEPARTAMENTO EMPLEADO\":\"FABRICACION\",\"PUESTO DEL EMPLEADO ID_RAW\":\"HP85\",\"PUESTO DEL EMPLEADO\":\"OPERADOR D\",\"IDENTIFICADOR CENTRO TRABAJO EMPLEADO_RAW\":\"3000\",\"CENTRO TRABAJO EMPLEADO\":\"SAN MATEO-HEPTAPHARMA\",\"JEFE INMEDIATO EMPLEADO\":\"SALVADOR MELO REYES\",\"SALARIO DIARIO EMPLEADO\":4981.1400000000003274180926382541656494140625,\"SALARIO MENSUAL EMPLEADO\":149445.1799999999930150806903839111328125}', 'update', 'OK', '2025-12-23 15:54:26');
INSERT INTO `nomina_import_detalle` VALUES (929, 67, '3412', 'BERM680315', '{\"NOMBRE DE EMPRESA\":\"HEPTAPHARMA S.A. DE C.V.\",\"NUMERO EMPLEADO\":\"3412\",\"APELLIDO PATERNO EMPLEADO\":\"BENITEZ\",\"APELLIDO MATERNO EMPLEADO\":\"RESENDIZ\",\"NOMBRES DEL EMPLEADO\":\"MERCEDES SANDRA\",\"RFC EMPLEADO_RAW\":\"BERM-680315-HM5\",\"RFC_BASE\":\"BERM680315\",\"NO. CURP EMPLEADO\":\"BERM680315MDFNSR08\",\"ES ACTIVO_RAW\":\"ACTIVO\",\"ES ACTIVO\":1,\"FECHA INGRESO DEL EMPLEADO\":\"2024-06-14\",\"FECHA BAJA\":null,\"TIPO EMPLEADO ID_RAW\":\"2\",\"TIPO EMPLEADO\":\"INDETERMINADO\",\"DEPARTAMENTO ID_RAW\":\"HP9\",\"DEPARTAMENTO EMPLEADO\":\"FABRICACION\",\"PUESTO DEL EMPLEADO ID_RAW\":\"HP81\",\"PUESTO DEL EMPLEADO\":\"AYUDANTE GENERAL\",\"IDENTIFICADOR CENTRO TRABAJO EMPLEADO_RAW\":\"3000\",\"CENTRO TRABAJO EMPLEADO\":\"SAN MATEO-HEPTAPHARMA\",\"JEFE INMEDIATO EMPLEADO\":\"SALVADOR MELO REYES\",\"SALARIO DIARIO EMPLEADO\":4981.1400000000003274180926382541656494140625,\"SALARIO MENSUAL EMPLEADO\":149445.1799999999930150806903839111328125}', 'update', 'OK', '2025-12-23 15:54:26');
INSERT INTO `nomina_import_detalle` VALUES (930, 67, '3418', 'DIRD970430', '{\"NOMBRE DE EMPRESA\":\"HEPTAPHARMA S.A. DE C.V.\",\"NUMERO EMPLEADO\":\"3418\",\"APELLIDO PATERNO EMPLEADO\":\"DIAZ\",\"APELLIDO MATERNO EMPLEADO\":\"RAMIREZ\",\"NOMBRES DEL EMPLEADO\":\"DOMINIC\",\"RFC EMPLEADO_RAW\":\"DIRD-970430-UK1\",\"RFC_BASE\":\"DIRD970430\",\"NO. CURP EMPLEADO\":\"DIRD970430MMCZMM00\",\"ES ACTIVO_RAW\":\"ACTIVO\",\"ES ACTIVO\":1,\"FECHA INGRESO DEL EMPLEADO\":\"2024-06-19\",\"FECHA BAJA\":null,\"TIPO EMPLEADO ID_RAW\":\"2\",\"TIPO EMPLEADO\":\"INDETERMINADO\",\"DEPARTAMENTO ID_RAW\":\"HP9\",\"DEPARTAMENTO EMPLEADO\":\"FABRICACION\",\"PUESTO DEL EMPLEADO ID_RAW\":\"HP81\",\"PUESTO DEL EMPLEADO\":\"AYUDANTE GENERAL\",\"IDENTIFICADOR CENTRO TRABAJO EMPLEADO_RAW\":\"3000\",\"CENTRO TRABAJO EMPLEADO\":\"SAN MATEO-HEPTAPHARMA\",\"JEFE INMEDIATO EMPLEADO\":\"SALVADOR MELO REYES\",\"SALARIO DIARIO EMPLEADO\":4981.149999999999636202119290828704833984375,\"SALARIO MENSUAL EMPLEADO\":149445.1799999999930150806903839111328125}', 'update', 'OK', '2025-12-23 15:54:26');
INSERT INTO `nomina_import_detalle` VALUES (931, 67, '3424', 'CACM950310', '{\"NOMBRE DE EMPRESA\":\"HEPTAPHARMA S.A. DE C.V.\",\"NUMERO EMPLEADO\":\"3424\",\"APELLIDO PATERNO EMPLEADO\":\"CARRETO\",\"APELLIDO MATERNO EMPLEADO\":\"CORTES\",\"NOMBRES DEL EMPLEADO\":\"MARIANA\",\"RFC EMPLEADO_RAW\":\"CACM-950310-Q56\",\"RFC_BASE\":\"CACM950310\",\"NO. CURP EMPLEADO\":\"CACM950310MPLRRR08\",\"ES ACTIVO_RAW\":\"ACTIVO\",\"ES ACTIVO\":1,\"FECHA INGRESO DEL EMPLEADO\":\"2024-06-24\",\"FECHA BAJA\":null,\"TIPO EMPLEADO ID_RAW\":\"2\",\"TIPO EMPLEADO\":\"INDETERMINADO\",\"DEPARTAMENTO ID_RAW\":\"HP6\",\"DEPARTAMENTO EMPLEADO\":\"VALIDACION\",\"PUESTO DEL EMPLEADO ID_RAW\":\"HP9\",\"PUESTO DEL EMPLEADO\":\"ANALISTA DE VALIDACION\",\"IDENTIFICADOR CENTRO TRABAJO EMPLEADO_RAW\":\"3000\",\"CENTRO TRABAJO EMPLEADO\":\"SAN MATEO-HEPTAPHARMA\",\"JEFE INMEDIATO EMPLEADO\":\"VIOLETA RAMIREZ TREJO\",\"SALARIO DIARIO EMPLEADO\":4981.149999999999636202119290828704833984375,\"SALARIO MENSUAL EMPLEADO\":149445.1799999999930150806903839111328125}', 'update', 'OK', '2025-12-23 15:54:26');
INSERT INTO `nomina_import_detalle` VALUES (932, 67, '3426', 'VAAA910726', '{\"NOMBRE DE EMPRESA\":\"HEPTAPHARMA S.A. DE C.V.\",\"NUMERO EMPLEADO\":\"3426\",\"APELLIDO PATERNO EMPLEADO\":\"VALDEZ\",\"APELLIDO MATERNO EMPLEADO\":\"AGUIRRE\",\"NOMBRES DEL EMPLEADO\":\"ANA LUISA\",\"RFC EMPLEADO_RAW\":\"VAAA-910726-TI8\",\"RFC_BASE\":\"VAAA910726\",\"NO. CURP EMPLEADO\":\"VAAA910726MMCLGN04\",\"ES ACTIVO_RAW\":\"ACTIVO\",\"ES ACTIVO\":1,\"FECHA INGRESO DEL EMPLEADO\":\"2024-07-05\",\"FECHA BAJA\":null,\"TIPO EMPLEADO ID_RAW\":\"2\",\"TIPO EMPLEADO\":\"INDETERMINADO\",\"DEPARTAMENTO ID_RAW\":\"HP9\",\"DEPARTAMENTO EMPLEADO\":\"FABRICACION\",\"PUESTO DEL EMPLEADO ID_RAW\":\"HP81\",\"PUESTO DEL EMPLEADO\":\"AYUDANTE GENERAL\",\"IDENTIFICADOR CENTRO TRABAJO EMPLEADO_RAW\":\"3000\",\"CENTRO TRABAJO EMPLEADO\":\"SAN MATEO-HEPTAPHARMA\",\"JEFE INMEDIATO EMPLEADO\":\"SALVADOR MELO REYES\",\"SALARIO DIARIO EMPLEADO\":4981.149999999999636202119290828704833984375,\"SALARIO MENSUAL EMPLEADO\":149445.1799999999930150806903839111328125}', 'update', 'OK', '2025-12-23 15:54:26');
INSERT INTO `nomina_import_detalle` VALUES (933, 67, '3427', 'COVE881126', '{\"NOMBRE DE EMPRESA\":\"HEPTAPHARMA S.A. DE C.V.\",\"NUMERO EMPLEADO\":\"3427\",\"APELLIDO PATERNO EMPLEADO\":\"CORRAL\",\"APELLIDO MATERNO EMPLEADO\":\"VENTOLERO\",\"NOMBRES DEL EMPLEADO\":\"MARIA ELENA\",\"RFC EMPLEADO_RAW\":\"COVE-881126-N69\",\"RFC_BASE\":\"COVE881126\",\"NO. CURP EMPLEADO\":\"COVE881126MMCRNL07\",\"ES ACTIVO_RAW\":\"ACTIVO\",\"ES ACTIVO\":1,\"FECHA INGRESO DEL EMPLEADO\":\"2024-07-05\",\"FECHA BAJA\":null,\"TIPO EMPLEADO ID_RAW\":\"2\",\"TIPO EMPLEADO\":\"INDETERMINADO\",\"DEPARTAMENTO ID_RAW\":\"HP9\",\"DEPARTAMENTO EMPLEADO\":\"FABRICACION\",\"PUESTO DEL EMPLEADO ID_RAW\":\"HP82\",\"PUESTO DEL EMPLEADO\":\"OPERADOR A\",\"IDENTIFICADOR CENTRO TRABAJO EMPLEADO_RAW\":\"3000\",\"CENTRO TRABAJO EMPLEADO\":\"SAN MATEO-HEPTAPHARMA\",\"JEFE INMEDIATO EMPLEADO\":\"SALVADOR MELO REYES\",\"SALARIO DIARIO EMPLEADO\":4981.149999999999636202119290828704833984375,\"SALARIO MENSUAL EMPLEADO\":149445.1799999999930150806903839111328125}', 'update', 'OK', '2025-12-23 15:54:27');
INSERT INTO `nomina_import_detalle` VALUES (934, 67, '3429', 'GOFY950517', '{\"NOMBRE DE EMPRESA\":\"HEPTAPHARMA S.A. DE C.V.\",\"NUMERO EMPLEADO\":\"3429\",\"APELLIDO PATERNO EMPLEADO\":\"GONZALEZ\",\"APELLIDO MATERNO EMPLEADO\":\"FLORES\",\"NOMBRES DEL EMPLEADO\":\"YESENIA GUADALUPE\",\"RFC EMPLEADO_RAW\":\"GOFY-950517-194\",\"RFC_BASE\":\"GOFY950517\",\"NO. CURP EMPLEADO\":\"GOFY950517MMCNLS05\",\"ES ACTIVO_RAW\":\"ACTIVO\",\"ES ACTIVO\":1,\"FECHA INGRESO DEL EMPLEADO\":\"2024-07-08\",\"FECHA BAJA\":null,\"TIPO EMPLEADO ID_RAW\":\"2\",\"TIPO EMPLEADO\":\"INDETERMINADO\",\"DEPARTAMENTO ID_RAW\":\"HP5\",\"DEPARTAMENTO EMPLEADO\":\"CONTROL DE CALIDAD\",\"PUESTO DEL EMPLEADO ID_RAW\":\"HP4\",\"PUESTO DEL EMPLEADO\":\"ANALISTA DE DOCUMENTACION\",\"IDENTIFICADOR CENTRO TRABAJO EMPLEADO_RAW\":\"3000\",\"CENTRO TRABAJO EMPLEADO\":\"SAN MATEO-HEPTAPHARMA\",\"JEFE INMEDIATO EMPLEADO\":\"VIOLETA RAMIREZ TREJO\",\"SALARIO DIARIO EMPLEADO\":4981.149999999999636202119290828704833984375,\"SALARIO MENSUAL EMPLEADO\":149445.1900000000023283064365386962890625}', 'update', 'OK', '2025-12-23 15:54:27');
INSERT INTO `nomina_import_detalle` VALUES (935, 67, '3430', 'PORN980523', '{\"NOMBRE DE EMPRESA\":\"HEPTAPHARMA S.A. DE C.V.\",\"NUMERO EMPLEADO\":\"3430\",\"APELLIDO PATERNO EMPLEADO\":\"PORCAYO\",\"APELLIDO MATERNO EMPLEADO\":\"RODRIGUEZ\",\"NOMBRES DEL EMPLEADO\":\"NOEL ALBERTO\",\"RFC EMPLEADO_RAW\":\"PORN-980523-5F1\",\"RFC_BASE\":\"PORN980523\",\"NO. CURP EMPLEADO\":\"PORN980523HMCRDL05\",\"ES ACTIVO_RAW\":\"ACTIVO\",\"ES ACTIVO\":1,\"FECHA INGRESO DEL EMPLEADO\":\"2024-07-08\",\"FECHA BAJA\":null,\"TIPO EMPLEADO ID_RAW\":\"2\",\"TIPO EMPLEADO\":\"INDETERMINADO\",\"DEPARTAMENTO ID_RAW\":\"HP7\",\"DEPARTAMENTO EMPLEADO\":\"MANTENIMIENTO\",\"PUESTO DEL EMPLEADO ID_RAW\":\"HP52\",\"PUESTO DEL EMPLEADO\":\"TECNICO DE AREAS ASEPTICAS\",\"IDENTIFICADOR CENTRO TRABAJO EMPLEADO_RAW\":\"3000\",\"CENTRO TRABAJO EMPLEADO\":\"SAN MATEO-HEPTAPHARMA\",\"JEFE INMEDIATO EMPLEADO\":\"EDUARDO RODRIGUEZ RAYON\",\"SALARIO DIARIO EMPLEADO\":4981.149999999999636202119290828704833984375,\"SALARIO MENSUAL EMPLEADO\":149445.1900000000023283064365386962890625}', 'update', 'OK', '2025-12-23 15:54:27');
INSERT INTO `nomina_import_detalle` VALUES (936, 67, '3437', 'TEGA750122', '{\"NOMBRE DE EMPRESA\":\"HEPTAPHARMA S.A. DE C.V.\",\"NUMERO EMPLEADO\":\"3437\",\"APELLIDO PATERNO EMPLEADO\":\"TERCERO\",\"APELLIDO MATERNO EMPLEADO\":\"GUERRERO\",\"NOMBRES DEL EMPLEADO\":\"MARIA ALICIA\",\"RFC EMPLEADO_RAW\":\"TEGA-750122-AU3\",\"RFC_BASE\":\"TEGA750122\",\"NO. CURP EMPLEADO\":\"TEGA750122MMCRRL07\",\"ES ACTIVO_RAW\":\"ACTIVO\",\"ES ACTIVO\":1,\"FECHA INGRESO DEL EMPLEADO\":\"2024-07-12\",\"FECHA BAJA\":null,\"TIPO EMPLEADO ID_RAW\":\"2\",\"TIPO EMPLEADO\":\"INDETERMINADO\",\"DEPARTAMENTO ID_RAW\":\"HP9\",\"DEPARTAMENTO EMPLEADO\":\"FABRICACION\",\"PUESTO DEL EMPLEADO ID_RAW\":\"HP84\",\"PUESTO DEL EMPLEADO\":\"OPERADOR C\",\"IDENTIFICADOR CENTRO TRABAJO EMPLEADO_RAW\":\"3000\",\"CENTRO TRABAJO EMPLEADO\":\"SAN MATEO-HEPTAPHARMA\",\"JEFE INMEDIATO EMPLEADO\":\"SALVADOR MELO REYES\",\"SALARIO DIARIO EMPLEADO\":4981.149999999999636202119290828704833984375,\"SALARIO MENSUAL EMPLEADO\":149445.1900000000023283064365386962890625}', 'update', 'OK', '2025-12-23 15:54:27');
INSERT INTO `nomina_import_detalle` VALUES (937, 67, '3438', 'GAOF780115', '{\"NOMBRE DE EMPRESA\":\"HEPTAPHARMA S.A. DE C.V.\",\"NUMERO EMPLEADO\":\"3438\",\"APELLIDO PATERNO EMPLEADO\":\"GARCIA\",\"APELLIDO MATERNO EMPLEADO\":\"ORTIZ\",\"NOMBRES DEL EMPLEADO\":\"FABIOLA\",\"RFC EMPLEADO_RAW\":\"GAOF-780115-K24\",\"RFC_BASE\":\"GAOF780115\",\"NO. CURP EMPLEADO\":\"GAOF780115MMCRRB02\",\"ES ACTIVO_RAW\":\"ACTIVO\",\"ES ACTIVO\":1,\"FECHA INGRESO DEL EMPLEADO\":\"2024-07-12\",\"FECHA BAJA\":null,\"TIPO EMPLEADO ID_RAW\":\"2\",\"TIPO EMPLEADO\":\"INDETERMINADO\",\"DEPARTAMENTO ID_RAW\":\"HP9\",\"DEPARTAMENTO EMPLEADO\":\"FABRICACION\",\"PUESTO DEL EMPLEADO ID_RAW\":\"HP81\",\"PUESTO DEL EMPLEADO\":\"AYUDANTE GENERAL\",\"IDENTIFICADOR CENTRO TRABAJO EMPLEADO_RAW\":\"3000\",\"CENTRO TRABAJO EMPLEADO\":\"SAN MATEO-HEPTAPHARMA\",\"JEFE INMEDIATO EMPLEADO\":\"SALVADOR MELO REYES\",\"SALARIO DIARIO EMPLEADO\":4981.149999999999636202119290828704833984375,\"SALARIO MENSUAL EMPLEADO\":149445.1900000000023283064365386962890625}', 'update', 'OK', '2025-12-23 15:54:27');
INSERT INTO `nomina_import_detalle` VALUES (938, 67, '3442', 'MAMM820722', '{\"NOMBRE DE EMPRESA\":\"HEPTAPHARMA S.A. DE C.V.\",\"NUMERO EMPLEADO\":\"3442\",\"APELLIDO PATERNO EMPLEADO\":\"MATIAS\",\"APELLIDO MATERNO EMPLEADO\":\"MARTINEZ\",\"NOMBRES DEL EMPLEADO\":\"MIREYA\",\"RFC EMPLEADO_RAW\":\"MAMM-820722-52A\",\"RFC_BASE\":\"MAMM820722\",\"NO. CURP EMPLEADO\":\"MAMM820722MMCTRR01\",\"ES ACTIVO_RAW\":\"ACTIVO\",\"ES ACTIVO\":1,\"FECHA INGRESO DEL EMPLEADO\":\"2024-07-17\",\"FECHA BAJA\":null,\"TIPO EMPLEADO ID_RAW\":\"2\",\"TIPO EMPLEADO\":\"INDETERMINADO\",\"DEPARTAMENTO ID_RAW\":\"HP9\",\"DEPARTAMENTO EMPLEADO\":\"FABRICACION\",\"PUESTO DEL EMPLEADO ID_RAW\":\"HP81\",\"PUESTO DEL EMPLEADO\":\"AYUDANTE GENERAL\",\"IDENTIFICADOR CENTRO TRABAJO EMPLEADO_RAW\":\"3000\",\"CENTRO TRABAJO EMPLEADO\":\"SAN MATEO-HEPTAPHARMA\",\"JEFE INMEDIATO EMPLEADO\":\"SALVADOR MELO REYES\",\"SALARIO DIARIO EMPLEADO\":4981.149999999999636202119290828704833984375,\"SALARIO MENSUAL EMPLEADO\":149445.1900000000023283064365386962890625}', 'update', 'OK', '2025-12-23 15:54:27');
INSERT INTO `nomina_import_detalle` VALUES (939, 67, '3446', 'GAME831229', '{\"NOMBRE DE EMPRESA\":\"HEPTAPHARMA S.A. DE C.V.\",\"NUMERO EMPLEADO\":\"3446\",\"APELLIDO PATERNO EMPLEADO\":\"GARCIA\",\"APELLIDO MATERNO EMPLEADO\":\"MALAGON\",\"NOMBRES DEL EMPLEADO\":\"MARIA ESTHER\",\"RFC EMPLEADO_RAW\":\"GAME-831229-R29\",\"RFC_BASE\":\"GAME831229\",\"NO. CURP EMPLEADO\":\"GAME831229MDFRLS06\",\"ES ACTIVO_RAW\":\"ACTIVO\",\"ES ACTIVO\":1,\"FECHA INGRESO DEL EMPLEADO\":\"2024-07-24\",\"FECHA BAJA\":null,\"TIPO EMPLEADO ID_RAW\":\"2\",\"TIPO EMPLEADO\":\"INDETERMINADO\",\"DEPARTAMENTO ID_RAW\":\"HP5\",\"DEPARTAMENTO EMPLEADO\":\"CONTROL DE CALIDAD\",\"PUESTO DEL EMPLEADO ID_RAW\":\"HP13\",\"PUESTO DEL EMPLEADO\":\"AUXILIAR DE LABORATORIO\",\"IDENTIFICADOR CENTRO TRABAJO EMPLEADO_RAW\":\"3000\",\"CENTRO TRABAJO EMPLEADO\":\"SAN MATEO-HEPTAPHARMA\",\"JEFE INMEDIATO EMPLEADO\":\"VIOLETA RAMIREZ TREJO\",\"SALARIO DIARIO EMPLEADO\":4981.149999999999636202119290828704833984375,\"SALARIO MENSUAL EMPLEADO\":149445.1900000000023283064365386962890625}', 'update', 'OK', '2025-12-23 15:54:27');
INSERT INTO `nomina_import_detalle` VALUES (940, 67, '3447', 'RIVM971219', '{\"NOMBRE DE EMPRESA\":\"HEPTAPHARMA S.A. DE C.V.\",\"NUMERO EMPLEADO\":\"3447\",\"APELLIDO PATERNO EMPLEADO\":\"RIOS\",\"APELLIDO MATERNO EMPLEADO\":\"VILLAZANA\",\"NOMBRES DEL EMPLEADO\":\"MITZI PAOLA\",\"RFC EMPLEADO_RAW\":\"RIVM-971219-N28\",\"RFC_BASE\":\"RIVM971219\",\"NO. CURP EMPLEADO\":\"RIVM971219MDFSLT00\",\"ES ACTIVO_RAW\":\"ACTIVO\",\"ES ACTIVO\":1,\"FECHA INGRESO DEL EMPLEADO\":\"2024-07-31\",\"FECHA BAJA\":null,\"TIPO EMPLEADO ID_RAW\":\"2\",\"TIPO EMPLEADO\":\"INDETERMINADO\",\"DEPARTAMENTO ID_RAW\":\"HP7\",\"DEPARTAMENTO EMPLEADO\":\"MANTENIMIENTO\",\"PUESTO DEL EMPLEADO ID_RAW\":\"HP77\",\"PUESTO DEL EMPLEADO\":\"TECNICO DE DOCUMENTACION\",\"IDENTIFICADOR CENTRO TRABAJO EMPLEADO_RAW\":\"3000\",\"CENTRO TRABAJO EMPLEADO\":\"SAN MATEO-HEPTAPHARMA\",\"JEFE INMEDIATO EMPLEADO\":\"EDUARDO RODRIGUEZ RAYON\",\"SALARIO DIARIO EMPLEADO\":4981.15999999999985448084771633148193359375,\"SALARIO MENSUAL EMPLEADO\":149445.1900000000023283064365386962890625}', 'update', 'OK', '2025-12-23 15:54:27');
INSERT INTO `nomina_import_detalle` VALUES (941, 67, '3449', 'FOOJ901028', '{\"NOMBRE DE EMPRESA\":\"HEPTAPHARMA S.A. DE C.V.\",\"NUMERO EMPLEADO\":\"3449\",\"APELLIDO PATERNO EMPLEADO\":\"FLORES\",\"APELLIDO MATERNO EMPLEADO\":\"OSORIO\",\"NOMBRES DEL EMPLEADO\":\"JAVIER\",\"RFC EMPLEADO_RAW\":\"FOOJ-901028-SF3\",\"RFC_BASE\":\"FOOJ901028\",\"NO. CURP EMPLEADO\":\"FOOJ901028HDFLSV06\",\"ES ACTIVO_RAW\":\"ACTIVO\",\"ES ACTIVO\":1,\"FECHA INGRESO DEL EMPLEADO\":\"2024-08-02\",\"FECHA BAJA\":null,\"TIPO EMPLEADO ID_RAW\":\"2\",\"TIPO EMPLEADO\":\"INDETERMINADO\",\"DEPARTAMENTO ID_RAW\":\"HP11\",\"DEPARTAMENTO EMPLEADO\":\"ASUNTOS REGULATORIOS\",\"PUESTO DEL EMPLEADO ID_RAW\":\"HP66\",\"PUESTO DEL EMPLEADO\":\"QUIMICO DE FARMACOVIGILANCIA\",\"IDENTIFICADOR CENTRO TRABAJO EMPLEADO_RAW\":\"3000\",\"CENTRO TRABAJO EMPLEADO\":\"SAN MATEO-HEPTAPHARMA\",\"JEFE INMEDIATO EMPLEADO\":\"VIOLETA RAMIREZ TREJO\",\"SALARIO DIARIO EMPLEADO\":4981.15999999999985448084771633148193359375,\"SALARIO MENSUAL EMPLEADO\":149445.1900000000023283064365386962890625}', 'update', 'OK', '2025-12-23 15:54:28');
INSERT INTO `nomina_import_detalle` VALUES (942, 67, '3450', 'SIMF940126', '{\"NOMBRE DE EMPRESA\":\"HEPTAPHARMA S.A. DE C.V.\",\"NUMERO EMPLEADO\":\"3450\",\"APELLIDO PATERNO EMPLEADO\":\"SIMG\",\"APELLIDO MATERNO EMPLEADO\":\"MENDOZA\",\"NOMBRES DEL EMPLEADO\":\"FATIMA PATRICIA\",\"RFC EMPLEADO_RAW\":\"SIMF-940126-D78\",\"RFC_BASE\":\"SIMF940126\",\"NO. CURP EMPLEADO\":\"SIMF940126MMCMNT08\",\"ES ACTIVO_RAW\":\"ACTIVO\",\"ES ACTIVO\":1,\"FECHA INGRESO DEL EMPLEADO\":\"2024-08-05\",\"FECHA BAJA\":null,\"TIPO EMPLEADO ID_RAW\":\"2\",\"TIPO EMPLEADO\":\"INDETERMINADO\",\"DEPARTAMENTO ID_RAW\":\"HP4\",\"DEPARTAMENTO EMPLEADO\":\"ASEGURAMIENTO DE CALIDAD\",\"PUESTO DEL EMPLEADO ID_RAW\":\"HP27\",\"PUESTO DEL EMPLEADO\":\"JEFE DE ASEGURAMIENTO DE CALIDAD\",\"IDENTIFICADOR CENTRO TRABAJO EMPLEADO_RAW\":\"3000\",\"CENTRO TRABAJO EMPLEADO\":\"SAN MATEO-HEPTAPHARMA\",\"JEFE INMEDIATO EMPLEADO\":\"VIOLETA RAMIREZ TREJO\",\"SALARIO DIARIO EMPLEADO\":4981.15999999999985448084771633148193359375,\"SALARIO MENSUAL EMPLEADO\":149445.1900000000023283064365386962890625}', 'update', 'OK', '2025-12-23 15:54:28');
INSERT INTO `nomina_import_detalle` VALUES (943, 67, '3451', 'GARJ991020', '{\"NOMBRE DE EMPRESA\":\"HEPTAPHARMA S.A. DE C.V.\",\"NUMERO EMPLEADO\":\"3451\",\"APELLIDO PATERNO EMPLEADO\":\"GARCIA\",\"APELLIDO MATERNO EMPLEADO\":\"ROSALES\",\"NOMBRES DEL EMPLEADO\":\"JAIME NICOLAS\",\"RFC EMPLEADO_RAW\":\"GARJ-991020-SE0\",\"RFC_BASE\":\"GARJ991020\",\"NO. CURP EMPLEADO\":\"GARJ991020HMCRSM00\",\"ES ACTIVO_RAW\":\"ACTIVO\",\"ES ACTIVO\":1,\"FECHA INGRESO DEL EMPLEADO\":\"2024-08-05\",\"FECHA BAJA\":null,\"TIPO EMPLEADO ID_RAW\":\"2\",\"TIPO EMPLEADO\":\"INDETERMINADO\",\"DEPARTAMENTO ID_RAW\":\"HP5\",\"DEPARTAMENTO EMPLEADO\":\"CONTROL DE CALIDAD\",\"PUESTO DEL EMPLEADO ID_RAW\":\"HP4\",\"PUESTO DEL EMPLEADO\":\"ANALISTA DE DOCUMENTACION\",\"IDENTIFICADOR CENTRO TRABAJO EMPLEADO_RAW\":\"3000\",\"CENTRO TRABAJO EMPLEADO\":\"SAN MATEO-HEPTAPHARMA\",\"JEFE INMEDIATO EMPLEADO\":\"VIOLETA RAMIREZ TREJO\",\"SALARIO DIARIO EMPLEADO\":4981.15999999999985448084771633148193359375,\"SALARIO MENSUAL EMPLEADO\":149445.1900000000023283064365386962890625}', 'update', 'OK', '2025-12-23 15:54:28');
INSERT INTO `nomina_import_detalle` VALUES (944, 67, '0004', 'GADE760221', '{\"NOMBRE DE EMPRESA\":\"ALUTUB S.A. DE C.V.\",\"NUMERO EMPLEADO\":\"0004\",\"APELLIDO PATERNO EMPLEADO\":\"GARCIA\",\"APELLIDO MATERNO EMPLEADO\":\"DURAN\",\"NOMBRES DEL EMPLEADO\":\"ESMERALDA\",\"RFC EMPLEADO_RAW\":\"GADE-760221-3R1\",\"RFC_BASE\":\"GADE760221\",\"NO. CURP EMPLEADO\":\"GADE760221MMCRRS06\",\"ES ACTIVO_RAW\":\"ACTIVO\",\"ES ACTIVO\":1,\"FECHA INGRESO DEL EMPLEADO\":\"2018-09-18\",\"FECHA BAJA\":null,\"TIPO EMPLEADO ID_RAW\":\"2\",\"TIPO EMPLEADO\":\"INDETERMINADO\",\"DEPARTAMENTO ID_RAW\":\"AL2\",\"DEPARTAMENTO EMPLEADO\":\"COMPRAS\",\"PUESTO DEL EMPLEADO ID_RAW\":\"AL2\",\"PUESTO DEL EMPLEADO\":\"JEFE DE COMPRAS\",\"IDENTIFICADOR CENTRO TRABAJO EMPLEADO_RAW\":\"4000\",\"CENTRO TRABAJO EMPLEADO\":\"SAN MATEO-ALUTUB\",\"JEFE INMEDIATO EMPLEADO\":\"BENILDE MARIA GONZALEZ FERNANDEZ\",\"SALARIO DIARIO EMPLEADO\":4981.34000000000014551915228366851806640625,\"SALARIO MENSUAL EMPLEADO\":149445.369999999995343387126922607421875}', 'update', 'OK', '2025-12-23 15:54:28');
INSERT INTO `nomina_import_detalle` VALUES (945, 67, '0011', 'REBJ850406', '{\"NOMBRE DE EMPRESA\":\"ALUTUB S.A. DE C.V.\",\"NUMERO EMPLEADO\":\"0011\",\"APELLIDO PATERNO EMPLEADO\":\"REYES\",\"APELLIDO MATERNO EMPLEADO\":\"BARRETERO\",\"NOMBRES DEL EMPLEADO\":\"JUAN CARLOS\",\"RFC EMPLEADO_RAW\":\"REBJ-850406-P83\",\"RFC_BASE\":\"REBJ850406\",\"NO. CURP EMPLEADO\":\"REBJ850406HMCYRN04\",\"ES ACTIVO_RAW\":\"ACTIVO\",\"ES ACTIVO\":1,\"FECHA INGRESO DEL EMPLEADO\":\"2016-03-16\",\"FECHA BAJA\":null,\"TIPO EMPLEADO ID_RAW\":\"2\",\"TIPO EMPLEADO\":\"INDETERMINADO\",\"DEPARTAMENTO ID_RAW\":\"AL6\",\"DEPARTAMENTO EMPLEADO\":\"PRODUCCION\",\"PUESTO DEL EMPLEADO ID_RAW\":\"AL32\",\"PUESTO DEL EMPLEADO\":\"GERENTE DE PLANTA\",\"IDENTIFICADOR CENTRO TRABAJO EMPLEADO_RAW\":\"4000\",\"CENTRO TRABAJO EMPLEADO\":\"SAN MATEO-ALUTUB\",\"JEFE INMEDIATO EMPLEADO\":\"BENILDE MARIA GONZALEZ FERNANDEZ\",\"SALARIO DIARIO EMPLEADO\":4981.34000000000014551915228366851806640625,\"SALARIO MENSUAL EMPLEADO\":149445.380000000004656612873077392578125}', 'update', 'OK', '2025-12-23 15:54:28');
INSERT INTO `nomina_import_detalle` VALUES (946, 67, '0015', 'GOPR950222', '{\"NOMBRE DE EMPRESA\":\"ALUTUB S.A. DE C.V.\",\"NUMERO EMPLEADO\":\"0015\",\"APELLIDO PATERNO EMPLEADO\":\"GOMEZ\",\"APELLIDO MATERNO EMPLEADO\":\"PICHARDO\",\"NOMBRES DEL EMPLEADO\":\"RICARDO\",\"RFC EMPLEADO_RAW\":\"GOPR-950222-562\",\"RFC_BASE\":\"GOPR950222\",\"NO. CURP EMPLEADO\":\"GOPR950222HMCMCC04\",\"ES ACTIVO_RAW\":\"ACTIVO\",\"ES ACTIVO\":1,\"FECHA INGRESO DEL EMPLEADO\":\"2019-04-22\",\"FECHA BAJA\":null,\"TIPO EMPLEADO ID_RAW\":\"2\",\"TIPO EMPLEADO\":\"INDETERMINADO\",\"DEPARTAMENTO ID_RAW\":\"AL5\",\"DEPARTAMENTO EMPLEADO\":\"MANTENIMIENTO\",\"PUESTO DEL EMPLEADO ID_RAW\":\"AL6\",\"PUESTO DEL EMPLEADO\":\"JEFE DE MANTENIMIENTO\",\"IDENTIFICADOR CENTRO TRABAJO EMPLEADO_RAW\":\"4000\",\"CENTRO TRABAJO EMPLEADO\":\"SAN MATEO-ALUTUB\",\"JEFE INMEDIATO EMPLEADO\":\"JUAN CARLOS REYES BARRETERO\",\"SALARIO DIARIO EMPLEADO\":4981.34000000000014551915228366851806640625,\"SALARIO MENSUAL EMPLEADO\":149445.380000000004656612873077392578125}', 'update', 'OK', '2025-12-23 15:54:28');
INSERT INTO `nomina_import_detalle` VALUES (947, 67, '0016', 'VIGO991024', '{\"NOMBRE DE EMPRESA\":\"ALUTUB S.A. DE C.V.\",\"NUMERO EMPLEADO\":\"0016\",\"APELLIDO PATERNO EMPLEADO\":\"VILLANUEVA\",\"APELLIDO MATERNO EMPLEADO\":\"GOMEZ\",\"NOMBRES DEL EMPLEADO\":\"OSCAR\",\"RFC EMPLEADO_RAW\":\"VIGO-991024-R70\",\"RFC_BASE\":\"VIGO991024\",\"NO. CURP EMPLEADO\":\"VIGO991024HMCLMS04\",\"ES ACTIVO_RAW\":\"ACTIVO\",\"ES ACTIVO\":1,\"FECHA INGRESO DEL EMPLEADO\":\"2019-12-03\",\"FECHA BAJA\":null,\"TIPO EMPLEADO ID_RAW\":\"2\",\"TIPO EMPLEADO\":\"INDETERMINADO\",\"DEPARTAMENTO ID_RAW\":\"AL6\",\"DEPARTAMENTO EMPLEADO\":\"PRODUCCION\",\"PUESTO DEL EMPLEADO ID_RAW\":\"AL10\",\"PUESTO DEL EMPLEADO\":\"OPERADOR DE PRENSA\",\"IDENTIFICADOR CENTRO TRABAJO EMPLEADO_RAW\":\"4000\",\"CENTRO TRABAJO EMPLEADO\":\"SAN MATEO-ALUTUB\",\"JEFE INMEDIATO EMPLEADO\":\"JUAN CARLOS REYES BARRETERO\",\"SALARIO DIARIO EMPLEADO\":4981.34000000000014551915228366851806640625,\"SALARIO MENSUAL EMPLEADO\":149445.380000000004656612873077392578125}', 'update', 'OK', '2025-12-23 15:54:28');
INSERT INTO `nomina_import_detalle` VALUES (948, 67, '0022', 'TOAE921115', '{\"NOMBRE DE EMPRESA\":\"ALUTUB S.A. DE C.V.\",\"NUMERO EMPLEADO\":\"0022\",\"APELLIDO PATERNO EMPLEADO\":\"TORRES\",\"APELLIDO MATERNO EMPLEADO\":\"ALVAREZ\",\"NOMBRES DEL EMPLEADO\":\"EDGAR EVERARDO\",\"RFC EMPLEADO_RAW\":\"TOAE-921115-AUA\",\"RFC_BASE\":\"TOAE921115\",\"NO. CURP EMPLEADO\":\"TOAE921115HMCRLD00\",\"ES ACTIVO_RAW\":\"ACTIVO\",\"ES ACTIVO\":1,\"FECHA INGRESO DEL EMPLEADO\":\"2018-04-02\",\"FECHA BAJA\":null,\"TIPO EMPLEADO ID_RAW\":\"2\",\"TIPO EMPLEADO\":\"INDETERMINADO\",\"DEPARTAMENTO ID_RAW\":\"AL6\",\"DEPARTAMENTO EMPLEADO\":\"PRODUCCION\",\"PUESTO DEL EMPLEADO ID_RAW\":\"AL3\",\"PUESTO DEL EMPLEADO\":\"SUPERVISOR DE PRODUCCION\",\"IDENTIFICADOR CENTRO TRABAJO EMPLEADO_RAW\":\"4000\",\"CENTRO TRABAJO EMPLEADO\":\"SAN MATEO-ALUTUB\",\"JEFE INMEDIATO EMPLEADO\":\"JUAN CARLOS REYES BARRETERO\",\"SALARIO DIARIO EMPLEADO\":4981.34000000000014551915228366851806640625,\"SALARIO MENSUAL EMPLEADO\":149445.380000000004656612873077392578125}', 'update', 'OK', '2025-12-23 15:54:28');
INSERT INTO `nomina_import_detalle` VALUES (949, 67, '0023', 'AOAD830507', '{\"NOMBRE DE EMPRESA\":\"ALUTUB S.A. DE C.V.\",\"NUMERO EMPLEADO\":\"0023\",\"APELLIDO PATERNO EMPLEADO\":\"ANTONIO\",\"APELLIDO MATERNO EMPLEADO\":\"ALMEYDA\",\"NOMBRES DEL EMPLEADO\":\"DANIEL\",\"RFC EMPLEADO_RAW\":\"AOAD-830507-9W7\",\"RFC_BASE\":\"AOAD830507\",\"NO. CURP EMPLEADO\":\"AOAD830507HMCNLN01\",\"ES ACTIVO_RAW\":\"ACTIVO\",\"ES ACTIVO\":1,\"FECHA INGRESO DEL EMPLEADO\":\"2018-04-23\",\"FECHA BAJA\":null,\"TIPO EMPLEADO ID_RAW\":\"2\",\"TIPO EMPLEADO\":\"INDETERMINADO\",\"DEPARTAMENTO ID_RAW\":\"AL6\",\"DEPARTAMENTO EMPLEADO\":\"PRODUCCION\",\"PUESTO DEL EMPLEADO ID_RAW\":\"AL3\",\"PUESTO DEL EMPLEADO\":\"SUPERVISOR DE PRODUCCION\",\"IDENTIFICADOR CENTRO TRABAJO EMPLEADO_RAW\":\"4000\",\"CENTRO TRABAJO EMPLEADO\":\"SAN MATEO-ALUTUB\",\"JEFE INMEDIATO EMPLEADO\":\"JUAN CARLOS REYES BARRETERO\",\"SALARIO DIARIO EMPLEADO\":4981.34000000000014551915228366851806640625,\"SALARIO MENSUAL EMPLEADO\":149445.380000000004656612873077392578125}', 'update', 'OK', '2025-12-23 15:54:29');
INSERT INTO `nomina_import_detalle` VALUES (950, 67, '0024', 'JIPL790817', '{\"NOMBRE DE EMPRESA\":\"ALUTUB S.A. DE C.V.\",\"NUMERO EMPLEADO\":\"0024\",\"APELLIDO PATERNO EMPLEADO\":\"JIMENEZ\",\"APELLIDO MATERNO EMPLEADO\":\"PALMA\",\"NOMBRES DEL EMPLEADO\":\"JOSE LUIS\",\"RFC EMPLEADO_RAW\":\"JIPL-790817-EP7\",\"RFC_BASE\":\"JIPL790817\",\"NO. CURP EMPLEADO\":\"JIPL790817HMCMLS02\",\"ES ACTIVO_RAW\":\"ACTIVO\",\"ES ACTIVO\":1,\"FECHA INGRESO DEL EMPLEADO\":\"2019-03-13\",\"FECHA BAJA\":null,\"TIPO EMPLEADO ID_RAW\":\"2\",\"TIPO EMPLEADO\":\"INDETERMINADO\",\"DEPARTAMENTO ID_RAW\":\"AL6\",\"DEPARTAMENTO EMPLEADO\":\"PRODUCCION\",\"PUESTO DEL EMPLEADO ID_RAW\":\"AL10\",\"PUESTO DEL EMPLEADO\":\"OPERADOR DE PRENSA\",\"IDENTIFICADOR CENTRO TRABAJO EMPLEADO_RAW\":\"4000\",\"CENTRO TRABAJO EMPLEADO\":\"SAN MATEO-ALUTUB\",\"JEFE INMEDIATO EMPLEADO\":\"JUAN CARLOS REYES BARRETERO\",\"SALARIO DIARIO EMPLEADO\":4981.34000000000014551915228366851806640625,\"SALARIO MENSUAL EMPLEADO\":149445.380000000004656612873077392578125}', 'update', 'OK', '2025-12-23 15:54:29');
INSERT INTO `nomina_import_detalle` VALUES (951, 67, '0028', 'BASH820608', '{\"NOMBRE DE EMPRESA\":\"ALUTUB S.A. DE C.V.\",\"NUMERO EMPLEADO\":\"0028\",\"APELLIDO PATERNO EMPLEADO\":\"BAHENA\",\"APELLIDO MATERNO EMPLEADO\":\"SILVA\",\"NOMBRES DEL EMPLEADO\":\"HERALIA\",\"RFC EMPLEADO_RAW\":\"BASH-820608-KY7\",\"RFC_BASE\":\"BASH820608\",\"NO. CURP EMPLEADO\":\"BASH820608MGRHLR08\",\"ES ACTIVO_RAW\":\"ACTIVO\",\"ES ACTIVO\":1,\"FECHA INGRESO DEL EMPLEADO\":\"2018-11-13\",\"FECHA BAJA\":null,\"TIPO EMPLEADO ID_RAW\":\"2\",\"TIPO EMPLEADO\":\"INDETERMINADO\",\"DEPARTAMENTO ID_RAW\":\"AL13\",\"DEPARTAMENTO EMPLEADO\":\"CONTROL ESTADISTICO DE LA CALIDAD\",\"PUESTO DEL EMPLEADO ID_RAW\":\"AL29\",\"PUESTO DEL EMPLEADO\":\"REVISADOR DE PROCESO\",\"IDENTIFICADOR CENTRO TRABAJO EMPLEADO_RAW\":\"4000\",\"CENTRO TRABAJO EMPLEADO\":\"SAN MATEO-ALUTUB\",\"JEFE INMEDIATO EMPLEADO\":\"OMAR ANTONIO CASTAÑEDA JIMENEZ\",\"SALARIO DIARIO EMPLEADO\":4981.350000000000363797880709171295166015625,\"SALARIO MENSUAL EMPLEADO\":149445.380000000004656612873077392578125}', 'update', 'OK', '2025-12-23 15:54:29');
INSERT INTO `nomina_import_detalle` VALUES (952, 67, '0033', 'GOCJ880929', '{\"NOMBRE DE EMPRESA\":\"ALUTUB S.A. DE C.V.\",\"NUMERO EMPLEADO\":\"0033\",\"APELLIDO PATERNO EMPLEADO\":\"GONZALEZ\",\"APELLIDO MATERNO EMPLEADO\":\"CASTELLANOS\",\"NOMBRES DEL EMPLEADO\":\"JORGE FRANCISCO\",\"RFC EMPLEADO_RAW\":\"GOCJ-880929-2KA\",\"RFC_BASE\":\"GOCJ880929\",\"NO. CURP EMPLEADO\":\"GOCJ880929HDFNSR02\",\"ES ACTIVO_RAW\":\"ACTIVO\",\"ES ACTIVO\":1,\"FECHA INGRESO DEL EMPLEADO\":\"2020-03-17\",\"FECHA BAJA\":null,\"TIPO EMPLEADO ID_RAW\":\"2\",\"TIPO EMPLEADO\":\"INDETERMINADO\",\"DEPARTAMENTO ID_RAW\":\"AL13\",\"DEPARTAMENTO EMPLEADO\":\"CONTROL ESTADISTICO DE LA CALIDAD\",\"PUESTO DEL EMPLEADO ID_RAW\":\"AL29\",\"PUESTO DEL EMPLEADO\":\"REVISADOR DE PROCESO\",\"IDENTIFICADOR CENTRO TRABAJO EMPLEADO_RAW\":\"4000\",\"CENTRO TRABAJO EMPLEADO\":\"SAN MATEO-ALUTUB\",\"JEFE INMEDIATO EMPLEADO\":\"OMAR ANTONIO CASTAÑEDA JIMENEZ\",\"SALARIO DIARIO EMPLEADO\":4981.350000000000363797880709171295166015625,\"SALARIO MENSUAL EMPLEADO\":149445.380000000004656612873077392578125}', 'update', 'OK', '2025-12-23 15:54:29');
INSERT INTO `nomina_import_detalle` VALUES (953, 67, '0040', 'FEPL960218', '{\"NOMBRE DE EMPRESA\":\"ALUTUB S.A. DE C.V.\",\"NUMERO EMPLEADO\":\"0040\",\"APELLIDO PATERNO EMPLEADO\":\"FELICIANO\",\"APELLIDO MATERNO EMPLEADO\":\"PUERTA\",\"NOMBRES DEL EMPLEADO\":\"LIZETH\",\"RFC EMPLEADO_RAW\":\"FEPL-960218-CW5\",\"RFC_BASE\":\"FEPL960218\",\"NO. CURP EMPLEADO\":\"FEPL960218MMCLRZ06\",\"ES ACTIVO_RAW\":\"ACTIVO\",\"ES ACTIVO\":1,\"FECHA INGRESO DEL EMPLEADO\":\"2020-10-05\",\"FECHA BAJA\":null,\"TIPO EMPLEADO ID_RAW\":\"2\",\"TIPO EMPLEADO\":\"INDETERMINADO\",\"DEPARTAMENTO ID_RAW\":\"AL3\",\"DEPARTAMENTO EMPLEADO\":\"CONTROL ESTADISTICO DE LA CALIDAD\",\"PUESTO DEL EMPLEADO ID_RAW\":\"AL17\",\"PUESTO DEL EMPLEADO\":\"INSPECTOR DE PRODUCTO TERMINADO Y MATERIA PRIMA\",\"IDENTIFICADOR CENTRO TRABAJO EMPLEADO_RAW\":\"4000\",\"CENTRO TRABAJO EMPLEADO\":\"SAN MATEO-ALUTUB\",\"JEFE INMEDIATO EMPLEADO\":\"OMAR ANTONIO CASTAÑEDA JIMENEZ\",\"SALARIO DIARIO EMPLEADO\":4981.350000000000363797880709171295166015625,\"SALARIO MENSUAL EMPLEADO\":149445.380000000004656612873077392578125}', 'update', 'OK', '2025-12-23 15:54:29');
INSERT INTO `nomina_import_detalle` VALUES (954, 67, '0051', 'GOGC681014', '{\"NOMBRE DE EMPRESA\":\"ALUTUB S.A. DE C.V.\",\"NUMERO EMPLEADO\":\"0051\",\"APELLIDO PATERNO EMPLEADO\":\"GOMEZ\",\"APELLIDO MATERNO EMPLEADO\":\"GONZALEZ\",\"NOMBRES DEL EMPLEADO\":\"CEFERINO\",\"RFC EMPLEADO_RAW\":\"GOGC-681014-RX9\",\"RFC_BASE\":\"GOGC681014\",\"NO. CURP EMPLEADO\":\"GOGC681014HJCMNF07\",\"ES ACTIVO_RAW\":\"ACTIVO\",\"ES ACTIVO\":1,\"FECHA INGRESO DEL EMPLEADO\":\"2021-01-01\",\"FECHA BAJA\":null,\"TIPO EMPLEADO ID_RAW\":\"4\",\"TIPO EMPLEADO\":\"ASIMILADOS\",\"DEPARTAMENTO ID_RAW\":\"AL9\",\"DEPARTAMENTO EMPLEADO\":\"ADMINISTRACION\",\"PUESTO DEL EMPLEADO ID_RAW\":\"ASIM\",\"PUESTO DEL EMPLEADO\":\"ASIMILADOS\",\"IDENTIFICADOR CENTRO TRABAJO EMPLEADO_RAW\":\"4001\",\"CENTRO TRABAJO EMPLEADO\":\"ASIMILADOS-ALUTUB\",\"JEFE INMEDIATO EMPLEADO\":\"\",\"SALARIO DIARIO EMPLEADO\":4981.350000000000363797880709171295166015625,\"SALARIO MENSUAL EMPLEADO\":149445.380000000004656612873077392578125}', 'update', 'OK', '2025-12-23 15:54:29');
INSERT INTO `nomina_import_detalle` VALUES (955, 67, '0052', 'GOFF711124', '{\"NOMBRE DE EMPRESA\":\"ALUTUB S.A. DE C.V.\",\"NUMERO EMPLEADO\":\"0052\",\"APELLIDO PATERNO EMPLEADO\":\"GONZALEZ\",\"APELLIDO MATERNO EMPLEADO\":\"FERNANDEZ\",\"NOMBRES DEL EMPLEADO\":\"FELIPE\",\"RFC EMPLEADO_RAW\":\"GOFF-711124-UH7\",\"RFC_BASE\":\"GOFF711124\",\"NO. CURP EMPLEADO\":\"GOFF711124HTSNRL02\",\"ES ACTIVO_RAW\":\"ACTIVO\",\"ES ACTIVO\":1,\"FECHA INGRESO DEL EMPLEADO\":\"2021-01-01\",\"FECHA BAJA\":null,\"TIPO EMPLEADO ID_RAW\":\"4\",\"TIPO EMPLEADO\":\"ASIMILADOS\",\"DEPARTAMENTO ID_RAW\":\"AL9\",\"DEPARTAMENTO EMPLEADO\":\"ADMINISTRACION\",\"PUESTO DEL EMPLEADO ID_RAW\":\"ASIM\",\"PUESTO DEL EMPLEADO\":\"ASIMILADOS\",\"IDENTIFICADOR CENTRO TRABAJO EMPLEADO_RAW\":\"4001\",\"CENTRO TRABAJO EMPLEADO\":\"ASIMILADOS-ALUTUB\",\"JEFE INMEDIATO EMPLEADO\":\"\",\"SALARIO DIARIO EMPLEADO\":4981.350000000000363797880709171295166015625,\"SALARIO MENSUAL EMPLEADO\":149445.390000000013969838619232177734375}', 'update', 'OK', '2025-12-23 15:54:29');
INSERT INTO `nomina_import_detalle` VALUES (956, 67, '0069', 'GOCA000818', '{\"NOMBRE DE EMPRESA\":\"ALUTUB S.A. DE C.V.\",\"NUMERO EMPLEADO\":\"0069\",\"APELLIDO PATERNO EMPLEADO\":\"GOMEZ\",\"APELLIDO MATERNO EMPLEADO\":\"DE LA CRUZ\",\"NOMBRES DEL EMPLEADO\":\"ANDREA\",\"RFC EMPLEADO_RAW\":\"GOCA-000818-KA8\",\"RFC_BASE\":\"GOCA000818\",\"NO. CURP EMPLEADO\":\"GOCA000818MMCMRNA2\",\"ES ACTIVO_RAW\":\"ACTIVO\",\"ES ACTIVO\":1,\"FECHA INGRESO DEL EMPLEADO\":\"2021-03-16\",\"FECHA BAJA\":null,\"TIPO EMPLEADO ID_RAW\":\"2\",\"TIPO EMPLEADO\":\"INDETERMINADO\",\"DEPARTAMENTO ID_RAW\":\"AL3\",\"DEPARTAMENTO EMPLEADO\":\"CONTROL ESTADISTICO DE LA CALIDAD\",\"PUESTO DEL EMPLEADO ID_RAW\":\"AL18\",\"PUESTO DEL EMPLEADO\":\"INSPECTOR DE PROCESOS\",\"IDENTIFICADOR CENTRO TRABAJO EMPLEADO_RAW\":\"4000\",\"CENTRO TRABAJO EMPLEADO\":\"SAN MATEO-ALUTUB\",\"JEFE INMEDIATO EMPLEADO\":\"JUAN CARLOS REYES BARRETERO\",\"SALARIO DIARIO EMPLEADO\":4981.350000000000363797880709171295166015625,\"SALARIO MENSUAL EMPLEADO\":149445.390000000013969838619232177734375}', 'update', 'OK', '2025-12-23 15:54:29');
INSERT INTO `nomina_import_detalle` VALUES (957, 67, '0070', 'SIMJ740607', '{\"NOMBRE DE EMPRESA\":\"ALUTUB S.A. DE C.V.\",\"NUMERO EMPLEADO\":\"0070\",\"APELLIDO PATERNO EMPLEADO\":\"SILVA\",\"APELLIDO MATERNO EMPLEADO\":\"MARTINEZ\",\"NOMBRES DEL EMPLEADO\":\"JANELY\",\"RFC EMPLEADO_RAW\":\"SIMJ-740607-M12\",\"RFC_BASE\":\"SIMJ740607\",\"NO. CURP EMPLEADO\":\"SIMJ740607MMCLRN08\",\"ES ACTIVO_RAW\":\"ACTIVO\",\"ES ACTIVO\":1,\"FECHA INGRESO DEL EMPLEADO\":\"2021-03-16\",\"FECHA BAJA\":null,\"TIPO EMPLEADO ID_RAW\":\"2\",\"TIPO EMPLEADO\":\"INDETERMINADO\",\"DEPARTAMENTO ID_RAW\":\"AL13\",\"DEPARTAMENTO EMPLEADO\":\"CONTROL ESTADISTICO DE LA CALIDAD\",\"PUESTO DEL EMPLEADO ID_RAW\":\"AL29\",\"PUESTO DEL EMPLEADO\":\"REVISADOR DE PROCESO\",\"IDENTIFICADOR CENTRO TRABAJO EMPLEADO_RAW\":\"4000\",\"CENTRO TRABAJO EMPLEADO\":\"SAN MATEO-ALUTUB\",\"JEFE INMEDIATO EMPLEADO\":\"OMAR ANTONIO CASTAÑEDA JIMENEZ\",\"SALARIO DIARIO EMPLEADO\":4981.350000000000363797880709171295166015625,\"SALARIO MENSUAL EMPLEADO\":149445.390000000013969838619232177734375}', 'update', 'OK', '2025-12-23 15:54:30');
INSERT INTO `nomina_import_detalle` VALUES (958, 67, '0077', 'SAFG921003', '{\"NOMBRE DE EMPRESA\":\"ALUTUB S.A. DE C.V.\",\"NUMERO EMPLEADO\":\"0077\",\"APELLIDO PATERNO EMPLEADO\":\"SALAZAR\",\"APELLIDO MATERNO EMPLEADO\":\"FLORES\",\"NOMBRES DEL EMPLEADO\":\"GERARDO\",\"RFC EMPLEADO_RAW\":\"SAFG-921003-LS8\",\"RFC_BASE\":\"SAFG921003\",\"NO. CURP EMPLEADO\":\"SAFG921003HMCLLR02\",\"ES ACTIVO_RAW\":\"ACTIVO\",\"ES ACTIVO\":1,\"FECHA INGRESO DEL EMPLEADO\":\"2021-03-26\",\"FECHA BAJA\":null,\"TIPO EMPLEADO ID_RAW\":\"2\",\"TIPO EMPLEADO\":\"INDETERMINADO\",\"DEPARTAMENTO ID_RAW\":\"AL6\",\"DEPARTAMENTO EMPLEADO\":\"PRODUCCION\",\"PUESTO DEL EMPLEADO ID_RAW\":\"AL10\",\"PUESTO DEL EMPLEADO\":\"OPERADOR DE PRENSA\",\"IDENTIFICADOR CENTRO TRABAJO EMPLEADO_RAW\":\"4000\",\"CENTRO TRABAJO EMPLEADO\":\"SAN MATEO-ALUTUB\",\"JEFE INMEDIATO EMPLEADO\":\"JUAN CARLOS REYES BARRETERO\",\"SALARIO DIARIO EMPLEADO\":4981.350000000000363797880709171295166015625,\"SALARIO MENSUAL EMPLEADO\":149445.390000000013969838619232177734375}', 'update', 'OK', '2025-12-23 15:54:30');
INSERT INTO `nomina_import_detalle` VALUES (959, 67, '0087', 'PAHD940902', '{\"NOMBRE DE EMPRESA\":\"ALUTUB S.A. DE C.V.\",\"NUMERO EMPLEADO\":\"0087\",\"APELLIDO PATERNO EMPLEADO\":\"PALOMARES\",\"APELLIDO MATERNO EMPLEADO\":\"HERNANDEZ\",\"NOMBRES DEL EMPLEADO\":\"JOSE DANIEL\",\"RFC EMPLEADO_RAW\":\"PAHD-940902-QB3\",\"RFC_BASE\":\"PAHD940902\",\"NO. CURP EMPLEADO\":\"PAHD940902HMCLRN02\",\"ES ACTIVO_RAW\":\"ACTIVO\",\"ES ACTIVO\":1,\"FECHA INGRESO DEL EMPLEADO\":\"2021-04-09\",\"FECHA BAJA\":null,\"TIPO EMPLEADO ID_RAW\":\"2\",\"TIPO EMPLEADO\":\"INDETERMINADO\",\"DEPARTAMENTO ID_RAW\":\"AL6\",\"DEPARTAMENTO EMPLEADO\":\"PRODUCCION\",\"PUESTO DEL EMPLEADO ID_RAW\":\"AL8\",\"PUESTO DEL EMPLEADO\":\"OPERADOR DE LITOGRAFIA\",\"IDENTIFICADOR CENTRO TRABAJO EMPLEADO_RAW\":\"4000\",\"CENTRO TRABAJO EMPLEADO\":\"SAN MATEO-ALUTUB\",\"JEFE INMEDIATO EMPLEADO\":\"JOSE ANGEL REYES BARRETERO\",\"SALARIO DIARIO EMPLEADO\":4981.350000000000363797880709171295166015625,\"SALARIO MENSUAL EMPLEADO\":149445.390000000013969838619232177734375}', 'update', 'OK', '2025-12-23 15:54:30');
INSERT INTO `nomina_import_detalle` VALUES (960, 67, '0109', 'BOVS850321', '{\"NOMBRE DE EMPRESA\":\"ALUTUB S.A. DE C.V.\",\"NUMERO EMPLEADO\":\"0109\",\"APELLIDO PATERNO EMPLEADO\":\"BOBADILLA\",\"APELLIDO MATERNO EMPLEADO\":\"VILLARREAL\",\"NOMBRES DEL EMPLEADO\":\"SALVADOR\",\"RFC EMPLEADO_RAW\":\"BOVS-850321-5Q0\",\"RFC_BASE\":\"BOVS850321\",\"NO. CURP EMPLEADO\":\"BOVS850321HMCBLL07\",\"ES ACTIVO_RAW\":\"ACTIVO\",\"ES ACTIVO\":1,\"FECHA INGRESO DEL EMPLEADO\":\"2021-05-10\",\"FECHA BAJA\":null,\"TIPO EMPLEADO ID_RAW\":\"2\",\"TIPO EMPLEADO\":\"INDETERMINADO\",\"DEPARTAMENTO ID_RAW\":\"AL6\",\"DEPARTAMENTO EMPLEADO\":\"PRODUCCION\",\"PUESTO DEL EMPLEADO ID_RAW\":\"AL42\",\"PUESTO DEL EMPLEADO\":\"JEFE DE PRENSA\",\"IDENTIFICADOR CENTRO TRABAJO EMPLEADO_RAW\":\"4000\",\"CENTRO TRABAJO EMPLEADO\":\"SAN MATEO-ALUTUB\",\"JEFE INMEDIATO EMPLEADO\":\"JUAN CARLOS REYES BARRETERO\",\"SALARIO DIARIO EMPLEADO\":4981.350000000000363797880709171295166015625,\"SALARIO MENSUAL EMPLEADO\":149445.390000000013969838619232177734375}', 'update', 'OK', '2025-12-23 15:54:30');
INSERT INTO `nomina_import_detalle` VALUES (961, 67, '0115', 'PARM831105', '{\"NOMBRE DE EMPRESA\":\"ALUTUB S.A. DE C.V.\",\"NUMERO EMPLEADO\":\"0115\",\"APELLIDO PATERNO EMPLEADO\":\"PLATA\",\"APELLIDO MATERNO EMPLEADO\":\"RAMIREZ\",\"NOMBRES DEL EMPLEADO\":\"MARIO\",\"RFC EMPLEADO_RAW\":\"PARM-831105-FC4\",\"RFC_BASE\":\"PARM831105\",\"NO. CURP EMPLEADO\":\"PARM831105HMCLMR06\",\"ES ACTIVO_RAW\":\"ACTIVO\",\"ES ACTIVO\":1,\"FECHA INGRESO DEL EMPLEADO\":\"2021-05-19\",\"FECHA BAJA\":null,\"TIPO EMPLEADO ID_RAW\":\"2\",\"TIPO EMPLEADO\":\"INDETERMINADO\",\"DEPARTAMENTO ID_RAW\":\"AL6\",\"DEPARTAMENTO EMPLEADO\":\"PRODUCCION\",\"PUESTO DEL EMPLEADO ID_RAW\":\"AL10\",\"PUESTO DEL EMPLEADO\":\"OPERADOR DE PRENSA\",\"IDENTIFICADOR CENTRO TRABAJO EMPLEADO_RAW\":\"4000\",\"CENTRO TRABAJO EMPLEADO\":\"SAN MATEO-ALUTUB\",\"JEFE INMEDIATO EMPLEADO\":\"JUAN CARLOS REYES BARRETERO\",\"SALARIO DIARIO EMPLEADO\":4981.3599999999996725819073617458343505859375,\"SALARIO MENSUAL EMPLEADO\":149445.390000000013969838619232177734375}', 'update', 'OK', '2025-12-23 15:54:30');
INSERT INTO `nomina_import_detalle` VALUES (962, 67, '0122', 'AUGR691024', '{\"NOMBRE DE EMPRESA\":\"ALUTUB S.A. DE C.V.\",\"NUMERO EMPLEADO\":\"0122\",\"APELLIDO PATERNO EMPLEADO\":\"ARCHUNDIA\",\"APELLIDO MATERNO EMPLEADO\":\"GUZMAN\",\"NOMBRES DEL EMPLEADO\":\"RAFAEL\",\"RFC EMPLEADO_RAW\":\"AUGR-691024-R92\",\"RFC_BASE\":\"AUGR691024\",\"NO. CURP EMPLEADO\":\"AUGR691024HMCRZF07\",\"ES ACTIVO_RAW\":\"ACTIVO\",\"ES ACTIVO\":1,\"FECHA INGRESO DEL EMPLEADO\":\"2021-06-18\",\"FECHA BAJA\":null,\"TIPO EMPLEADO ID_RAW\":\"2\",\"TIPO EMPLEADO\":\"INDETERMINADO\",\"DEPARTAMENTO ID_RAW\":\"AL8\",\"DEPARTAMENTO EMPLEADO\":\"INGENIERIA\",\"PUESTO DEL EMPLEADO ID_RAW\":\"AL5\",\"PUESTO DEL EMPLEADO\":\"INGENIERIA DE PRENSA\",\"IDENTIFICADOR CENTRO TRABAJO EMPLEADO_RAW\":\"4000\",\"CENTRO TRABAJO EMPLEADO\":\"SAN MATEO-ALUTUB\",\"JEFE INMEDIATO EMPLEADO\":\"GERARDO PILAR PEREZ\",\"SALARIO DIARIO EMPLEADO\":4981.3599999999996725819073617458343505859375,\"SALARIO MENSUAL EMPLEADO\":149445.390000000013969838619232177734375}', 'update', 'OK', '2025-12-23 15:54:30');
INSERT INTO `nomina_import_detalle` VALUES (963, 67, '0127', 'TOAD010512', '{\"NOMBRE DE EMPRESA\":\"ALUTUB S.A. DE C.V.\",\"NUMERO EMPLEADO\":\"0127\",\"APELLIDO PATERNO EMPLEADO\":\"TORRES\",\"APELLIDO MATERNO EMPLEADO\":\"ALVAREZ\",\"NOMBRES DEL EMPLEADO\":\"DANIEL\",\"RFC EMPLEADO_RAW\":\"TOAD-010512-NL8\",\"RFC_BASE\":\"TOAD010512\",\"NO. CURP EMPLEADO\":\"TOAD010512HMCRLNA9\",\"ES ACTIVO_RAW\":\"ACTIVO\",\"ES ACTIVO\":1,\"FECHA INGRESO DEL EMPLEADO\":\"2021-06-30\",\"FECHA BAJA\":null,\"TIPO EMPLEADO ID_RAW\":\"2\",\"TIPO EMPLEADO\":\"INDETERMINADO\",\"DEPARTAMENTO ID_RAW\":\"AL6\",\"DEPARTAMENTO EMPLEADO\":\"PRODUCCION\",\"PUESTO DEL EMPLEADO ID_RAW\":\"AL10\",\"PUESTO DEL EMPLEADO\":\"OPERADOR DE PRENSA\",\"IDENTIFICADOR CENTRO TRABAJO EMPLEADO_RAW\":\"4000\",\"CENTRO TRABAJO EMPLEADO\":\"SAN MATEO-ALUTUB\",\"JEFE INMEDIATO EMPLEADO\":\"JUAN CARLOS REYES BARRETERO\",\"SALARIO DIARIO EMPLEADO\":4981.3599999999996725819073617458343505859375,\"SALARIO MENSUAL EMPLEADO\":149445.390000000013969838619232177734375}', 'update', 'OK', '2025-12-23 15:54:30');
INSERT INTO `nomina_import_detalle` VALUES (964, 67, '0133', 'BEAA831118', '{\"NOMBRE DE EMPRESA\":\"ALUTUB S.A. DE C.V.\",\"NUMERO EMPLEADO\":\"0133\",\"APELLIDO PATERNO EMPLEADO\":\"BERNAL\",\"APELLIDO MATERNO EMPLEADO\":\"ALDAMA\",\"NOMBRES DEL EMPLEADO\":\"ANTONIO\",\"RFC EMPLEADO_RAW\":\"BEAA-831118-Q19\",\"RFC_BASE\":\"BEAA831118\",\"NO. CURP EMPLEADO\":\"BEAA831118HMCRLN03\",\"ES ACTIVO_RAW\":\"ACTIVO\",\"ES ACTIVO\":1,\"FECHA INGRESO DEL EMPLEADO\":\"2021-07-05\",\"FECHA BAJA\":null,\"TIPO EMPLEADO ID_RAW\":\"2\",\"TIPO EMPLEADO\":\"INDETERMINADO\",\"DEPARTAMENTO ID_RAW\":\"AL8\",\"DEPARTAMENTO EMPLEADO\":\"INGENIERIA\",\"PUESTO DEL EMPLEADO ID_RAW\":\"AL31\",\"PUESTO DEL EMPLEADO\":\"INGENIERIA DE LITOGRAFIA\",\"IDENTIFICADOR CENTRO TRABAJO EMPLEADO_RAW\":\"4000\",\"CENTRO TRABAJO EMPLEADO\":\"SAN MATEO-ALUTUB\",\"JEFE INMEDIATO EMPLEADO\":\"GERARDO PILAR PEREZ\",\"SALARIO DIARIO EMPLEADO\":4981.3599999999996725819073617458343505859375,\"SALARIO MENSUAL EMPLEADO\":149445.390000000013969838619232177734375}', 'update', 'OK', '2025-12-23 15:54:30');
INSERT INTO `nomina_import_detalle` VALUES (965, 67, '0139', 'PAAA870206', '{\"NOMBRE DE EMPRESA\":\"ALUTUB S.A. DE C.V.\",\"NUMERO EMPLEADO\":\"0139\",\"APELLIDO PATERNO EMPLEADO\":\"PALMA\",\"APELLIDO MATERNO EMPLEADO\":\"ANTONIO\",\"NOMBRES DEL EMPLEADO\":\"ARTURO\",\"RFC EMPLEADO_RAW\":\"PAAA-870206-JE7\",\"RFC_BASE\":\"PAAA870206\",\"NO. CURP EMPLEADO\":\"PAAA870206HMCLNR00\",\"ES ACTIVO_RAW\":\"ACTIVO\",\"ES ACTIVO\":1,\"FECHA INGRESO DEL EMPLEADO\":\"2021-07-05\",\"FECHA BAJA\":null,\"TIPO EMPLEADO ID_RAW\":\"2\",\"TIPO EMPLEADO\":\"INDETERMINADO\",\"DEPARTAMENTO ID_RAW\":\"AL6\",\"DEPARTAMENTO EMPLEADO\":\"PRODUCCION\",\"PUESTO DEL EMPLEADO ID_RAW\":\"AL3\",\"PUESTO DEL EMPLEADO\":\"SUPERVISOR DE PRODUCCION\",\"IDENTIFICADOR CENTRO TRABAJO EMPLEADO_RAW\":\"4000\",\"CENTRO TRABAJO EMPLEADO\":\"SAN MATEO-ALUTUB\",\"JEFE INMEDIATO EMPLEADO\":\"JUAN CARLOS REYES BARRETERO\",\"SALARIO DIARIO EMPLEADO\":4981.3599999999996725819073617458343505859375,\"SALARIO MENSUAL EMPLEADO\":149445.39999999999417923390865325927734375}', 'update', 'OK', '2025-12-23 15:54:31');
INSERT INTO `nomina_import_detalle` VALUES (966, 67, '0155', 'RIPY761217', '{\"NOMBRE DE EMPRESA\":\"ALUTUB S.A. DE C.V.\",\"NUMERO EMPLEADO\":\"0155\",\"APELLIDO PATERNO EMPLEADO\":\"RIOS\",\"APELLIDO MATERNO EMPLEADO\":\"PINO\",\"NOMBRES DEL EMPLEADO\":\"YOLANDA\",\"RFC EMPLEADO_RAW\":\"RIPY-761217-9U6\",\"RFC_BASE\":\"RIPY761217\",\"NO. CURP EMPLEADO\":\"RIPY761217MMCSNL04\",\"ES ACTIVO_RAW\":\"ACTIVO\",\"ES ACTIVO\":1,\"FECHA INGRESO DEL EMPLEADO\":\"2021-08-04\",\"FECHA BAJA\":null,\"TIPO EMPLEADO ID_RAW\":\"2\",\"TIPO EMPLEADO\":\"INDETERMINADO\",\"DEPARTAMENTO ID_RAW\":\"AL13\",\"DEPARTAMENTO EMPLEADO\":\"CONTROL ESTADISTICO DE LA CALIDAD\",\"PUESTO DEL EMPLEADO ID_RAW\":\"AL29\",\"PUESTO DEL EMPLEADO\":\"REVISADOR DE PROCESO\",\"IDENTIFICADOR CENTRO TRABAJO EMPLEADO_RAW\":\"4000\",\"CENTRO TRABAJO EMPLEADO\":\"SAN MATEO-ALUTUB\",\"JEFE INMEDIATO EMPLEADO\":\"OMAR ANTONIO CASTAÑEDA JIMENEZ\",\"SALARIO DIARIO EMPLEADO\":4981.3599999999996725819073617458343505859375,\"SALARIO MENSUAL EMPLEADO\":149445.39999999999417923390865325927734375}', 'update', 'OK', '2025-12-23 15:54:31');
INSERT INTO `nomina_import_detalle` VALUES (967, 67, '0163', 'VACS890723', '{\"NOMBRE DE EMPRESA\":\"ALUTUB S.A. DE C.V.\",\"NUMERO EMPLEADO\":\"0163\",\"APELLIDO PATERNO EMPLEADO\":\"VALDEZ\",\"APELLIDO MATERNO EMPLEADO\":\"CRUZ\",\"NOMBRES DEL EMPLEADO\":\"SUSANA\",\"RFC EMPLEADO_RAW\":\"VACS-890723-1S5\",\"RFC_BASE\":\"VACS890723\",\"NO. CURP EMPLEADO\":\"VACS890723MMCLRS08\",\"ES ACTIVO_RAW\":\"ACTIVO\",\"ES ACTIVO\":1,\"FECHA INGRESO DEL EMPLEADO\":\"2021-08-16\",\"FECHA BAJA\":null,\"TIPO EMPLEADO ID_RAW\":\"2\",\"TIPO EMPLEADO\":\"INDETERMINADO\",\"DEPARTAMENTO ID_RAW\":\"AL7\",\"DEPARTAMENTO EMPLEADO\":\"RECURSOS HUMANOS\",\"PUESTO DEL EMPLEADO ID_RAW\":\"AL12\",\"PUESTO DEL EMPLEADO\":\"COORDINADOR DE RECURSOS HUMANOS\",\"IDENTIFICADOR CENTRO TRABAJO EMPLEADO_RAW\":\"4000\",\"CENTRO TRABAJO EMPLEADO\":\"SAN MATEO-ALUTUB\",\"JEFE INMEDIATO EMPLEADO\":\"JUAN ANTONIO CARDENAS DOMINGUEZ\",\"SALARIO DIARIO EMPLEADO\":4981.3599999999996725819073617458343505859375,\"SALARIO MENSUAL EMPLEADO\":149445.39999999999417923390865325927734375}', 'update', 'OK', '2025-12-23 15:54:31');
INSERT INTO `nomina_import_detalle` VALUES (968, 67, '0167', 'AEMC030703', '{\"NOMBRE DE EMPRESA\":\"ALUTUB S.A. DE C.V.\",\"NUMERO EMPLEADO\":\"0167\",\"APELLIDO PATERNO EMPLEADO\":\"ARRECILLAS\",\"APELLIDO MATERNO EMPLEADO\":\"MARTINEZ\",\"NOMBRES DEL EMPLEADO\":\"CRISTIAN\",\"RFC EMPLEADO_RAW\":\"AEMC-030703-9D1\",\"RFC_BASE\":\"AEMC030703\",\"NO. CURP EMPLEADO\":\"AEMC030703HMCRRRA9\",\"ES ACTIVO_RAW\":\"ACTIVO\",\"ES ACTIVO\":1,\"FECHA INGRESO DEL EMPLEADO\":\"2021-08-25\",\"FECHA BAJA\":null,\"TIPO EMPLEADO ID_RAW\":\"2\",\"TIPO EMPLEADO\":\"INDETERMINADO\",\"DEPARTAMENTO ID_RAW\":\"AL6\",\"DEPARTAMENTO EMPLEADO\":\"PRODUCCION\",\"PUESTO DEL EMPLEADO ID_RAW\":\"AL10\",\"PUESTO DEL EMPLEADO\":\"OPERADOR DE PRENSA\",\"IDENTIFICADOR CENTRO TRABAJO EMPLEADO_RAW\":\"4000\",\"CENTRO TRABAJO EMPLEADO\":\"SAN MATEO-ALUTUB\",\"JEFE INMEDIATO EMPLEADO\":\"JUAN CARLOS REYES BARRETERO\",\"SALARIO DIARIO EMPLEADO\":4981.3599999999996725819073617458343505859375,\"SALARIO MENSUAL EMPLEADO\":149445.39999999999417923390865325927734375}', 'update', 'OK', '2025-12-23 15:54:31');
INSERT INTO `nomina_import_detalle` VALUES (969, 67, '0174', 'REBG881018', '{\"NOMBRE DE EMPRESA\":\"ALUTUB S.A. DE C.V.\",\"NUMERO EMPLEADO\":\"0174\",\"APELLIDO PATERNO EMPLEADO\":\"REYES\",\"APELLIDO MATERNO EMPLEADO\":\"BALTAZAR\",\"NOMBRES DEL EMPLEADO\":\"GERARDO\",\"RFC EMPLEADO_RAW\":\"REBG-881018-QV6\",\"RFC_BASE\":\"REBG881018\",\"NO. CURP EMPLEADO\":\"REBG881018HMCYLR07\",\"ES ACTIVO_RAW\":\"ACTIVO\",\"ES ACTIVO\":1,\"FECHA INGRESO DEL EMPLEADO\":\"2021-08-30\",\"FECHA BAJA\":null,\"TIPO EMPLEADO ID_RAW\":\"2\",\"TIPO EMPLEADO\":\"INDETERMINADO\",\"DEPARTAMENTO ID_RAW\":\"AL6\",\"DEPARTAMENTO EMPLEADO\":\"PRODUCCION\",\"PUESTO DEL EMPLEADO ID_RAW\":\"AL10\",\"PUESTO DEL EMPLEADO\":\"OPERADOR DE PRENSA\",\"IDENTIFICADOR CENTRO TRABAJO EMPLEADO_RAW\":\"4000\",\"CENTRO TRABAJO EMPLEADO\":\"SAN MATEO-ALUTUB\",\"JEFE INMEDIATO EMPLEADO\":\"JUAN CARLOS REYES BARRETERO\",\"SALARIO DIARIO EMPLEADO\":4981.3599999999996725819073617458343505859375,\"SALARIO MENSUAL EMPLEADO\":149445.39999999999417923390865325927734375}', 'update', 'OK', '2025-12-23 15:54:31');
INSERT INTO `nomina_import_detalle` VALUES (970, 67, '0216', 'MARG861212', '{\"NOMBRE DE EMPRESA\":\"ALUTUB S.A. DE C.V.\",\"NUMERO EMPLEADO\":\"0216\",\"APELLIDO PATERNO EMPLEADO\":\"MARTINEZ\",\"APELLIDO MATERNO EMPLEADO\":\"RODRIGUEZ\",\"NOMBRES DEL EMPLEADO\":\"GUADALUPE\",\"RFC EMPLEADO_RAW\":\"MARG-861212-RR0\",\"RFC_BASE\":\"MARG861212\",\"NO. CURP EMPLEADO\":\"MARG861212MMCRDD01\",\"ES ACTIVO_RAW\":\"ACTIVO\",\"ES ACTIVO\":1,\"FECHA INGRESO DEL EMPLEADO\":\"2022-01-10\",\"FECHA BAJA\":null,\"TIPO EMPLEADO ID_RAW\":\"2\",\"TIPO EMPLEADO\":\"INDETERMINADO\",\"DEPARTAMENTO ID_RAW\":\"AL13\",\"DEPARTAMENTO EMPLEADO\":\"CONTROL ESTADISTICO DE LA CALIDAD\",\"PUESTO DEL EMPLEADO ID_RAW\":\"AL29\",\"PUESTO DEL EMPLEADO\":\"REVISADOR DE PROCESO\",\"IDENTIFICADOR CENTRO TRABAJO EMPLEADO_RAW\":\"4000\",\"CENTRO TRABAJO EMPLEADO\":\"SAN MATEO-ALUTUB\",\"JEFE INMEDIATO EMPLEADO\":\"OMAR ANTONIO CASTAÑEDA JIMENEZ\",\"SALARIO DIARIO EMPLEADO\":4981.3599999999996725819073617458343505859375,\"SALARIO MENSUAL EMPLEADO\":149445.39999999999417923390865325927734375}', 'update', 'OK', '2025-12-23 15:54:31');
INSERT INTO `nomina_import_detalle` VALUES (971, 67, '0232', 'PIPG860609', '{\"NOMBRE DE EMPRESA\":\"ALUTUB S.A. DE C.V.\",\"NUMERO EMPLEADO\":\"0232\",\"APELLIDO PATERNO EMPLEADO\":\"PILAR\",\"APELLIDO MATERNO EMPLEADO\":\"PEREZ\",\"NOMBRES DEL EMPLEADO\":\"GERARDO\",\"RFC EMPLEADO_RAW\":\"PIPG-860609-PJ1\",\"RFC_BASE\":\"PIPG860609\",\"NO. CURP EMPLEADO\":\"PIPG860609HMCLRR00\",\"ES ACTIVO_RAW\":\"ACTIVO\",\"ES ACTIVO\":1,\"FECHA INGRESO DEL EMPLEADO\":\"2022-01-31\",\"FECHA BAJA\":null,\"TIPO EMPLEADO ID_RAW\":\"2\",\"TIPO EMPLEADO\":\"INDETERMINADO\",\"DEPARTAMENTO ID_RAW\":\"AL6\",\"DEPARTAMENTO EMPLEADO\":\"PRODUCCION\",\"PUESTO DEL EMPLEADO ID_RAW\":\"AL14\",\"PUESTO DEL EMPLEADO\":\"JEFE DE INGENIERIA\",\"IDENTIFICADOR CENTRO TRABAJO EMPLEADO_RAW\":\"4000\",\"CENTRO TRABAJO EMPLEADO\":\"SAN MATEO-ALUTUB\",\"JEFE INMEDIATO EMPLEADO\":\"JUAN CARLOS REYES BARRETERO\",\"SALARIO DIARIO EMPLEADO\":4981.3699999999998908606357872486114501953125,\"SALARIO MENSUAL EMPLEADO\":149445.39999999999417923390865325927734375}', 'update', 'OK', '2025-12-23 15:54:31');
INSERT INTO `nomina_import_detalle` VALUES (972, 67, '0256', 'GOTP820830', '{\"NOMBRE DE EMPRESA\":\"ALUTUB S.A. DE C.V.\",\"NUMERO EMPLEADO\":\"0256\",\"APELLIDO PATERNO EMPLEADO\":\"GOMEZ\",\"APELLIDO MATERNO EMPLEADO\":\"TRUJILLO\",\"NOMBRES DEL EMPLEADO\":\"PEDRO\",\"RFC EMPLEADO_RAW\":\"GOTP-820830-536\",\"RFC_BASE\":\"GOTP820830\",\"NO. CURP EMPLEADO\":\"GOTP820830HMCMRD08\",\"ES ACTIVO_RAW\":\"ACTIVO\",\"ES ACTIVO\":1,\"FECHA INGRESO DEL EMPLEADO\":\"2022-04-04\",\"FECHA BAJA\":null,\"TIPO EMPLEADO ID_RAW\":\"2\",\"TIPO EMPLEADO\":\"INDETERMINADO\",\"DEPARTAMENTO ID_RAW\":\"AL6\",\"DEPARTAMENTO EMPLEADO\":\"PRODUCCION\",\"PUESTO DEL EMPLEADO ID_RAW\":\"AL8\",\"PUESTO DEL EMPLEADO\":\"OPERADOR DE LITOGRAFIA\",\"IDENTIFICADOR CENTRO TRABAJO EMPLEADO_RAW\":\"4000\",\"CENTRO TRABAJO EMPLEADO\":\"SAN MATEO-ALUTUB\",\"JEFE INMEDIATO EMPLEADO\":\"JUAN CARLOS REYES BARRETERO\",\"SALARIO DIARIO EMPLEADO\":4981.3699999999998908606357872486114501953125,\"SALARIO MENSUAL EMPLEADO\":149445.39999999999417923390865325927734375}', 'update', 'OK', '2025-12-23 15:54:31');
INSERT INTO `nomina_import_detalle` VALUES (973, 67, '0282', 'CAJO781122', '{\"NOMBRE DE EMPRESA\":\"ALUTUB S.A. DE C.V.\",\"NUMERO EMPLEADO\":\"0282\",\"APELLIDO PATERNO EMPLEADO\":\"CASTAÑEDA\",\"APELLIDO MATERNO EMPLEADO\":\"JIMENEZ\",\"NOMBRES DEL EMPLEADO\":\"OMAR ANTONIO\",\"RFC EMPLEADO_RAW\":\"CAJO-781122-EN9\",\"RFC_BASE\":\"CAJO781122\",\"NO. CURP EMPLEADO\":\"CAJO781122HMCSMM01\",\"ES ACTIVO_RAW\":\"ACTIVO\",\"ES ACTIVO\":1,\"FECHA INGRESO DEL EMPLEADO\":\"2022-05-23\",\"FECHA BAJA\":null,\"TIPO EMPLEADO ID_RAW\":\"2\",\"TIPO EMPLEADO\":\"INDETERMINADO\",\"DEPARTAMENTO ID_RAW\":\"AL3\",\"DEPARTAMENTO EMPLEADO\":\"CONTROL ESTADISTICO DE LA CALIDAD\",\"PUESTO DEL EMPLEADO ID_RAW\":\"AL23\",\"PUESTO DEL EMPLEADO\":\"JEFE DE CONTROL ESTADISTICO DE LA CALIDAD\",\"IDENTIFICADOR CENTRO TRABAJO EMPLEADO_RAW\":\"4000\",\"CENTRO TRABAJO EMPLEADO\":\"SAN MATEO-ALUTUB\",\"JEFE INMEDIATO EMPLEADO\":\"BENILDE MARIA GONZALEZ FERNANDEZ\",\"SALARIO DIARIO EMPLEADO\":4981.3699999999998908606357872486114501953125,\"SALARIO MENSUAL EMPLEADO\":149445.39999999999417923390865325927734375}', 'update', 'OK', '2025-12-23 15:54:31');
INSERT INTO `nomina_import_detalle` VALUES (974, 67, '0290', 'PILA681130', '{\"NOMBRE DE EMPRESA\":\"ALUTUB S.A. DE C.V.\",\"NUMERO EMPLEADO\":\"0290\",\"APELLIDO PATERNO EMPLEADO\":\"PICHARDO\",\"APELLIDO MATERNO EMPLEADO\":\"LOPEZ\",\"NOMBRES DEL EMPLEADO\":\"ANDRES NOE\",\"RFC EMPLEADO_RAW\":\"PILA-681130-9M9\",\"RFC_BASE\":\"PILA681130\",\"NO. CURP EMPLEADO\":\"PILA681130HMCCPN04\",\"ES ACTIVO_RAW\":\"ACTIVO\",\"ES ACTIVO\":1,\"FECHA INGRESO DEL EMPLEADO\":\"2022-06-06\",\"FECHA BAJA\":null,\"TIPO EMPLEADO ID_RAW\":\"2\",\"TIPO EMPLEADO\":\"INDETERMINADO\",\"DEPARTAMENTO ID_RAW\":\"AL13\",\"DEPARTAMENTO EMPLEADO\":\"CONTROL ESTADISTICO DE LA CALIDAD\",\"PUESTO DEL EMPLEADO ID_RAW\":\"AL29\",\"PUESTO DEL EMPLEADO\":\"REVISADOR DE PROCESO\",\"IDENTIFICADOR CENTRO TRABAJO EMPLEADO_RAW\":\"4000\",\"CENTRO TRABAJO EMPLEADO\":\"SAN MATEO-ALUTUB\",\"JEFE INMEDIATO EMPLEADO\":\"OMAR ANTONIO CASTAÑEDA JIMENEZ\",\"SALARIO DIARIO EMPLEADO\":4981.3699999999998908606357872486114501953125,\"SALARIO MENSUAL EMPLEADO\":149445.39999999999417923390865325927734375}', 'update', 'OK', '2025-12-23 15:54:31');
INSERT INTO `nomina_import_detalle` VALUES (975, 67, '0292', 'SOGA991128', '{\"NOMBRE DE EMPRESA\":\"ALUTUB S.A. DE C.V.\",\"NUMERO EMPLEADO\":\"0292\",\"APELLIDO PATERNO EMPLEADO\":\"SOLACHE\",\"APELLIDO MATERNO EMPLEADO\":\"GOMEZ\",\"NOMBRES DEL EMPLEADO\":\"ALEJANDRO ANTONIO\",\"RFC EMPLEADO_RAW\":\"SOGA-991128-SL8\",\"RFC_BASE\":\"SOGA991128\",\"NO. CURP EMPLEADO\":\"SOGA991128HMCLML01\",\"ES ACTIVO_RAW\":\"ACTIVO\",\"ES ACTIVO\":1,\"FECHA INGRESO DEL EMPLEADO\":\"2022-06-07\",\"FECHA BAJA\":null,\"TIPO EMPLEADO ID_RAW\":\"2\",\"TIPO EMPLEADO\":\"INDETERMINADO\",\"DEPARTAMENTO ID_RAW\":\"AL13\",\"DEPARTAMENTO EMPLEADO\":\"CONTROL ESTADISTICO DE LA CALIDAD\",\"PUESTO DEL EMPLEADO ID_RAW\":\"AL29\",\"PUESTO DEL EMPLEADO\":\"REVISADOR DE PROCESO\",\"IDENTIFICADOR CENTRO TRABAJO EMPLEADO_RAW\":\"4000\",\"CENTRO TRABAJO EMPLEADO\":\"SAN MATEO-ALUTUB\",\"JEFE INMEDIATO EMPLEADO\":\"OMAR ANTONIO CASTAÑEDA JIMENEZ\",\"SALARIO DIARIO EMPLEADO\":4981.3699999999998908606357872486114501953125,\"SALARIO MENSUAL EMPLEADO\":149445.41000000000349245965480804443359375}', 'update', 'OK', '2025-12-23 15:54:32');
INSERT INTO `nomina_import_detalle` VALUES (976, 67, '0315', 'BEMA970903', '{\"NOMBRE DE EMPRESA\":\"ALUTUB S.A. DE C.V.\",\"NUMERO EMPLEADO\":\"0315\",\"APELLIDO PATERNO EMPLEADO\":\"BERNAL\",\"APELLIDO MATERNO EMPLEADO\":\"MORALES\",\"NOMBRES DEL EMPLEADO\":\"AISLINN\",\"RFC EMPLEADO_RAW\":\"BEMA-970903-IC1\",\"RFC_BASE\":\"BEMA970903\",\"NO. CURP EMPLEADO\":\"BEMA970903MMCRRS08\",\"ES ACTIVO_RAW\":\"ACTIVO\",\"ES ACTIVO\":1,\"FECHA INGRESO DEL EMPLEADO\":\"2022-07-20\",\"FECHA BAJA\":null,\"TIPO EMPLEADO ID_RAW\":\"2\",\"TIPO EMPLEADO\":\"INDETERMINADO\",\"DEPARTAMENTO ID_RAW\":\"AL15\",\"DEPARTAMENTO EMPLEADO\":\"SEGURIDAD E HIGIENE\",\"PUESTO DEL EMPLEADO ID_RAW\":\"AL11\",\"PUESTO DEL EMPLEADO\":\"ANALISTA DE SEGURIDAD E HIGIENE\",\"IDENTIFICADOR CENTRO TRABAJO EMPLEADO_RAW\":\"4000\",\"CENTRO TRABAJO EMPLEADO\":\"SAN MATEO-ALUTUB\",\"JEFE INMEDIATO EMPLEADO\":\"JUAN ANTONIO CARDENAS DOMINGUEZ\",\"SALARIO DIARIO EMPLEADO\":4981.3699999999998908606357872486114501953125,\"SALARIO MENSUAL EMPLEADO\":149445.41000000000349245965480804443359375}', 'update', 'OK', '2025-12-23 15:54:32');
INSERT INTO `nomina_import_detalle` VALUES (977, 67, '0317', 'GOLC661214', '{\"NOMBRE DE EMPRESA\":\"ALUTUB S.A. DE C.V.\",\"NUMERO EMPLEADO\":\"0317\",\"APELLIDO PATERNO EMPLEADO\":\"GOMEZ\",\"APELLIDO MATERNO EMPLEADO\":\"LUA\",\"NOMBRES DEL EMPLEADO\":\"MARIA DEL CARMEN\",\"RFC EMPLEADO_RAW\":\"GOLC-661214-NI5\",\"RFC_BASE\":\"GOLC661214\",\"NO. CURP EMPLEADO\":\"GOLC661214MVZMXR03\",\"ES ACTIVO_RAW\":\"ACTIVO\",\"ES ACTIVO\":1,\"FECHA INGRESO DEL EMPLEADO\":\"2022-07-25\",\"FECHA BAJA\":null,\"TIPO EMPLEADO ID_RAW\":\"2\",\"TIPO EMPLEADO\":\"INDETERMINADO\",\"DEPARTAMENTO ID_RAW\":\"AL13\",\"DEPARTAMENTO EMPLEADO\":\"CONTROL ESTADISTICO DE LA CALIDAD\",\"PUESTO DEL EMPLEADO ID_RAW\":\"AL29\",\"PUESTO DEL EMPLEADO\":\"REVISADOR DE PROCESO\",\"IDENTIFICADOR CENTRO TRABAJO EMPLEADO_RAW\":\"4000\",\"CENTRO TRABAJO EMPLEADO\":\"SAN MATEO-ALUTUB\",\"JEFE INMEDIATO EMPLEADO\":\"OMAR ANTONIO CASTAÑEDA JIMENEZ\",\"SALARIO DIARIO EMPLEADO\":4981.3699999999998908606357872486114501953125,\"SALARIO MENSUAL EMPLEADO\":149445.41000000000349245965480804443359375}', 'update', 'OK', '2025-12-23 15:54:32');
INSERT INTO `nomina_import_detalle` VALUES (978, 67, '0339', 'EAPH970806', '{\"NOMBRE DE EMPRESA\":\"ALUTUB S.A. DE C.V.\",\"NUMERO EMPLEADO\":\"0339\",\"APELLIDO PATERNO EMPLEADO\":\"ESTRADA\",\"APELLIDO MATERNO EMPLEADO\":\"PEREZ\",\"NOMBRES DEL EMPLEADO\":\"HECTOR\",\"RFC EMPLEADO_RAW\":\"EAPH-970806-IA4\",\"RFC_BASE\":\"EAPH970806\",\"NO. CURP EMPLEADO\":\"EAPH970806HMCSRC03\",\"ES ACTIVO_RAW\":\"ACTIVO\",\"ES ACTIVO\":1,\"FECHA INGRESO DEL EMPLEADO\":\"2022-09-07\",\"FECHA BAJA\":null,\"TIPO EMPLEADO ID_RAW\":\"2\",\"TIPO EMPLEADO\":\"INDETERMINADO\",\"DEPARTAMENTO ID_RAW\":\"AL17\",\"DEPARTAMENTO EMPLEADO\":\"COMPRAS Y PLANEACION\",\"PUESTO DEL EMPLEADO ID_RAW\":\"AL38\",\"PUESTO DEL EMPLEADO\":\"AUXILIAR ADMINISTRATIVO Y COMPRAS\",\"IDENTIFICADOR CENTRO TRABAJO EMPLEADO_RAW\":\"4000\",\"CENTRO TRABAJO EMPLEADO\":\"SAN MATEO-ALUTUB\",\"JEFE INMEDIATO EMPLEADO\":\"ESMERALDA GARCIA DURAN\",\"SALARIO DIARIO EMPLEADO\":4981.3699999999998908606357872486114501953125,\"SALARIO MENSUAL EMPLEADO\":149445.41000000000349245965480804443359375}', 'update', 'OK', '2025-12-23 15:54:32');
INSERT INTO `nomina_import_detalle` VALUES (979, 67, '0341', 'MAXL030508', '{\"NOMBRE DE EMPRESA\":\"ALUTUB S.A. DE C.V.\",\"NUMERO EMPLEADO\":\"0341\",\"APELLIDO PATERNO EMPLEADO\":\"MARTINEZ\",\"APELLIDO MATERNO EMPLEADO\":\"XALA\",\"NOMBRES DEL EMPLEADO\":\"LESLI DOMINGA\",\"RFC EMPLEADO_RAW\":\"MAXL-030508-ED0\",\"RFC_BASE\":\"MAXL030508\",\"NO. CURP EMPLEADO\":\"MAXL030508MVZRLSA2\",\"ES ACTIVO_RAW\":\"ACTIVO\",\"ES ACTIVO\":1,\"FECHA INGRESO DEL EMPLEADO\":\"2022-09-12\",\"FECHA BAJA\":null,\"TIPO EMPLEADO ID_RAW\":\"2\",\"TIPO EMPLEADO\":\"INDETERMINADO\",\"DEPARTAMENTO ID_RAW\":\"AL13\",\"DEPARTAMENTO EMPLEADO\":\"CONTROL ESTADISTICO DE LA CALIDAD\",\"PUESTO DEL EMPLEADO ID_RAW\":\"AL29\",\"PUESTO DEL EMPLEADO\":\"REVISADOR DE PROCESO\",\"IDENTIFICADOR CENTRO TRABAJO EMPLEADO_RAW\":\"4000\",\"CENTRO TRABAJO EMPLEADO\":\"SAN MATEO-ALUTUB\",\"JEFE INMEDIATO EMPLEADO\":\"OMAR ANTONIO CASTAÑEDA JIMENEZ\",\"SALARIO DIARIO EMPLEADO\":4981.3699999999998908606357872486114501953125,\"SALARIO MENSUAL EMPLEADO\":149445.41000000000349245965480804443359375}', 'update', 'OK', '2025-12-23 15:54:32');
INSERT INTO `nomina_import_detalle` VALUES (980, 67, '0344', 'PAVL910516', '{\"NOMBRE DE EMPRESA\":\"ALUTUB S.A. DE C.V.\",\"NUMERO EMPLEADO\":\"0344\",\"APELLIDO PATERNO EMPLEADO\":\"PAZ\",\"APELLIDO MATERNO EMPLEADO\":\"VARGAS\",\"NOMBRES DEL EMPLEADO\":\"LAURA\",\"RFC EMPLEADO_RAW\":\"PAVL-910516-ANA\",\"RFC_BASE\":\"PAVL910516\",\"NO. CURP EMPLEADO\":\"PAVL910516MMCZRR09\",\"ES ACTIVO_RAW\":\"ACTIVO\",\"ES ACTIVO\":1,\"FECHA INGRESO DEL EMPLEADO\":\"2022-09-12\",\"FECHA BAJA\":null,\"TIPO EMPLEADO ID_RAW\":\"2\",\"TIPO EMPLEADO\":\"INDETERMINADO\",\"DEPARTAMENTO ID_RAW\":\"AL13\",\"DEPARTAMENTO EMPLEADO\":\"CONTROL ESTADISTICO DE LA CALIDAD\",\"PUESTO DEL EMPLEADO ID_RAW\":\"AL29\",\"PUESTO DEL EMPLEADO\":\"REVISADOR DE PROCESO\",\"IDENTIFICADOR CENTRO TRABAJO EMPLEADO_RAW\":\"4000\",\"CENTRO TRABAJO EMPLEADO\":\"SAN MATEO-ALUTUB\",\"JEFE INMEDIATO EMPLEADO\":\"OMAR ANTONIO CASTAÑEDA JIMENEZ\",\"SALARIO DIARIO EMPLEADO\":4981.3699999999998908606357872486114501953125,\"SALARIO MENSUAL EMPLEADO\":149445.41000000000349245965480804443359375}', 'update', 'OK', '2025-12-23 15:54:32');
INSERT INTO `nomina_import_detalle` VALUES (981, 67, '0345', 'MEEM940414', '{\"NOMBRE DE EMPRESA\":\"ALUTUB S.A. DE C.V.\",\"NUMERO EMPLEADO\":\"0345\",\"APELLIDO PATERNO EMPLEADO\":\"MEJIA\",\"APELLIDO MATERNO EMPLEADO\":\"ENDEJE\",\"NOMBRES DEL EMPLEADO\":\"MIRIAM\",\"RFC EMPLEADO_RAW\":\"MEEM-940414-IT0\",\"RFC_BASE\":\"MEEM940414\",\"NO. CURP EMPLEADO\":\"MEEM940414MMCJNR01\",\"ES ACTIVO_RAW\":\"ACTIVO\",\"ES ACTIVO\":1,\"FECHA INGRESO DEL EMPLEADO\":\"2022-09-14\",\"FECHA BAJA\":null,\"TIPO EMPLEADO ID_RAW\":\"2\",\"TIPO EMPLEADO\":\"INDETERMINADO\",\"DEPARTAMENTO ID_RAW\":\"AL13\",\"DEPARTAMENTO EMPLEADO\":\"CONTROL ESTADISTICO DE LA CALIDAD\",\"PUESTO DEL EMPLEADO ID_RAW\":\"AL29\",\"PUESTO DEL EMPLEADO\":\"REVISADOR DE PROCESO\",\"IDENTIFICADOR CENTRO TRABAJO EMPLEADO_RAW\":\"4000\",\"CENTRO TRABAJO EMPLEADO\":\"SAN MATEO-ALUTUB\",\"JEFE INMEDIATO EMPLEADO\":\"OMAR ANTONIO CASTAÑEDA JIMENEZ\",\"SALARIO DIARIO EMPLEADO\":4981.3800000000001091393642127513885498046875,\"SALARIO MENSUAL EMPLEADO\":149445.41000000000349245965480804443359375}', 'update', 'OK', '2025-12-23 15:54:32');
INSERT INTO `nomina_import_detalle` VALUES (982, 67, '0351', 'AAMI880720', '{\"NOMBRE DE EMPRESA\":\"ALUTUB S.A. DE C.V.\",\"NUMERO EMPLEADO\":\"0351\",\"APELLIDO PATERNO EMPLEADO\":\"AYALA\",\"APELLIDO MATERNO EMPLEADO\":\"MARTINEZ\",\"NOMBRES DEL EMPLEADO\":\"IRMA\",\"RFC EMPLEADO_RAW\":\"AAMI-880720-FI5\",\"RFC_BASE\":\"AAMI880720\",\"NO. CURP EMPLEADO\":\"AAMI880720MMCYRR02\",\"ES ACTIVO_RAW\":\"ACTIVO\",\"ES ACTIVO\":1,\"FECHA INGRESO DEL EMPLEADO\":\"2022-09-28\",\"FECHA BAJA\":null,\"TIPO EMPLEADO ID_RAW\":\"2\",\"TIPO EMPLEADO\":\"INDETERMINADO\",\"DEPARTAMENTO ID_RAW\":\"AL13\",\"DEPARTAMENTO EMPLEADO\":\"CONTROL ESTADISTICO DE LA CALIDAD\",\"PUESTO DEL EMPLEADO ID_RAW\":\"AL29\",\"PUESTO DEL EMPLEADO\":\"REVISADOR DE PROCESO\",\"IDENTIFICADOR CENTRO TRABAJO EMPLEADO_RAW\":\"4000\",\"CENTRO TRABAJO EMPLEADO\":\"SAN MATEO-ALUTUB\",\"JEFE INMEDIATO EMPLEADO\":\"OMAR ANTONIO CASTAÑEDA JIMENEZ\",\"SALARIO DIARIO EMPLEADO\":4981.3800000000001091393642127513885498046875,\"SALARIO MENSUAL EMPLEADO\":149445.41000000000349245965480804443359375}', 'update', 'OK', '2025-12-23 15:54:33');
INSERT INTO `nomina_import_detalle` VALUES (983, 67, '0352', 'MACI640404', '{\"NOMBRE DE EMPRESA\":\"ALUTUB S.A. DE C.V.\",\"NUMERO EMPLEADO\":\"0352\",\"APELLIDO PATERNO EMPLEADO\":\"MARTINEZ\",\"APELLIDO MATERNO EMPLEADO\":\"DE LA CRUZ\",\"NOMBRES DEL EMPLEADO\":\"ISIDRO\",\"RFC EMPLEADO_RAW\":\"MACI-640404-2G9\",\"RFC_BASE\":\"MACI640404\",\"NO. CURP EMPLEADO\":\"MACI640404HMCRRS05\",\"ES ACTIVO_RAW\":\"ACTIVO\",\"ES ACTIVO\":1,\"FECHA INGRESO DEL EMPLEADO\":\"2022-09-28\",\"FECHA BAJA\":null,\"TIPO EMPLEADO ID_RAW\":\"2\",\"TIPO EMPLEADO\":\"INDETERMINADO\",\"DEPARTAMENTO ID_RAW\":\"AL13\",\"DEPARTAMENTO EMPLEADO\":\"CONTROL ESTADISTICO DE LA CALIDAD\",\"PUESTO DEL EMPLEADO ID_RAW\":\"AL29\",\"PUESTO DEL EMPLEADO\":\"REVISADOR DE PROCESO\",\"IDENTIFICADOR CENTRO TRABAJO EMPLEADO_RAW\":\"4000\",\"CENTRO TRABAJO EMPLEADO\":\"SAN MATEO-ALUTUB\",\"JEFE INMEDIATO EMPLEADO\":\"OMAR ANTONIO CASTAÑEDA JIMENEZ\",\"SALARIO DIARIO EMPLEADO\":4981.3800000000001091393642127513885498046875,\"SALARIO MENSUAL EMPLEADO\":149445.41000000000349245965480804443359375}', 'update', 'OK', '2025-12-23 15:54:33');
INSERT INTO `nomina_import_detalle` VALUES (984, 67, '0356', 'CELJ650427', '{\"NOMBRE DE EMPRESA\":\"ALUTUB S.A. DE C.V.\",\"NUMERO EMPLEADO\":\"0356\",\"APELLIDO PATERNO EMPLEADO\":\"CERVANTES\",\"APELLIDO MATERNO EMPLEADO\":\"LEON\",\"NOMBRES DEL EMPLEADO\":\"JAIME\",\"RFC EMPLEADO_RAW\":\"CELJ-650427-397\",\"RFC_BASE\":\"CELJ650427\",\"NO. CURP EMPLEADO\":\"CELJ650427HDFRNM04\",\"ES ACTIVO_RAW\":\"ACTIVO\",\"ES ACTIVO\":1,\"FECHA INGRESO DEL EMPLEADO\":\"2022-10-10\",\"FECHA BAJA\":null,\"TIPO EMPLEADO ID_RAW\":\"2\",\"TIPO EMPLEADO\":\"INDETERMINADO\",\"DEPARTAMENTO ID_RAW\":\"AL6\",\"DEPARTAMENTO EMPLEADO\":\"PRODUCCION\",\"PUESTO DEL EMPLEADO ID_RAW\":\"AL8\",\"PUESTO DEL EMPLEADO\":\"OPERADOR DE LITOGRAFIA\",\"IDENTIFICADOR CENTRO TRABAJO EMPLEADO_RAW\":\"4000\",\"CENTRO TRABAJO EMPLEADO\":\"SAN MATEO-ALUTUB\",\"JEFE INMEDIATO EMPLEADO\":\"JUAN CARLOS REYES BARRETERO\",\"SALARIO DIARIO EMPLEADO\":4981.3800000000001091393642127513885498046875,\"SALARIO MENSUAL EMPLEADO\":149445.41000000000349245965480804443359375}', 'update', 'OK', '2025-12-23 15:54:33');
INSERT INTO `nomina_import_detalle` VALUES (985, 67, '0363', 'PACJ690906', '{\"NOMBRE DE EMPRESA\":\"ALUTUB S.A. DE C.V.\",\"NUMERO EMPLEADO\":\"0363\",\"APELLIDO PATERNO EMPLEADO\":\"PACHECO\",\"APELLIDO MATERNO EMPLEADO\":\"CONTRERAS\",\"NOMBRES DEL EMPLEADO\":\"JUANA\",\"RFC EMPLEADO_RAW\":\"PACJ-690906-8K8\",\"RFC_BASE\":\"PACJ690906\",\"NO. CURP EMPLEADO\":\"PACJ690906MMCCNN08\",\"ES ACTIVO_RAW\":\"ACTIVO\",\"ES ACTIVO\":1,\"FECHA INGRESO DEL EMPLEADO\":\"2022-11-14\",\"FECHA BAJA\":null,\"TIPO EMPLEADO ID_RAW\":\"2\",\"TIPO EMPLEADO\":\"INDETERMINADO\",\"DEPARTAMENTO ID_RAW\":\"AL7\",\"DEPARTAMENTO EMPLEADO\":\"RECURSOS HUMANOS\",\"PUESTO DEL EMPLEADO ID_RAW\":\"AL24\",\"PUESTO DEL EMPLEADO\":\"AUXILIAR DE LIMPIEZA\",\"IDENTIFICADOR CENTRO TRABAJO EMPLEADO_RAW\":\"4000\",\"CENTRO TRABAJO EMPLEADO\":\"SAN MATEO-ALUTUB\",\"JEFE INMEDIATO EMPLEADO\":\"JUAN ANTONIO CARDENAS DOMINGUEZ\",\"SALARIO DIARIO EMPLEADO\":4981.3800000000001091393642127513885498046875,\"SALARIO MENSUAL EMPLEADO\":149445.42000000001280568540096282958984375}', 'update', 'OK', '2025-12-23 15:54:33');
INSERT INTO `nomina_import_detalle` VALUES (986, 67, '0371', 'AOBS041110', '{\"NOMBRE DE EMPRESA\":\"ALUTUB S.A. DE C.V.\",\"NUMERO EMPLEADO\":\"0371\",\"APELLIDO PATERNO EMPLEADO\":\"ALONSO\",\"APELLIDO MATERNO EMPLEADO\":\"BAHENA\",\"NOMBRES DEL EMPLEADO\":\"SERGIO\",\"RFC EMPLEADO_RAW\":\"AOBS-041110-UW6\",\"RFC_BASE\":\"AOBS041110\",\"NO. CURP EMPLEADO\":\"AOBS041110HMSLHRA8\",\"ES ACTIVO_RAW\":\"ACTIVO\",\"ES ACTIVO\":1,\"FECHA INGRESO DEL EMPLEADO\":\"2022-12-12\",\"FECHA BAJA\":null,\"TIPO EMPLEADO ID_RAW\":\"2\",\"TIPO EMPLEADO\":\"INDETERMINADO\",\"DEPARTAMENTO ID_RAW\":\"AL6\",\"DEPARTAMENTO EMPLEADO\":\"PRODUCCION\",\"PUESTO DEL EMPLEADO ID_RAW\":\"AL10\",\"PUESTO DEL EMPLEADO\":\"OPERADOR DE PRENSA\",\"IDENTIFICADOR CENTRO TRABAJO EMPLEADO_RAW\":\"4000\",\"CENTRO TRABAJO EMPLEADO\":\"SAN MATEO-ALUTUB\",\"JEFE INMEDIATO EMPLEADO\":\"JUAN CARLOS REYES BARRETERO\",\"SALARIO DIARIO EMPLEADO\":4981.3800000000001091393642127513885498046875,\"SALARIO MENSUAL EMPLEADO\":149445.42000000001280568540096282958984375}', 'update', 'OK', '2025-12-23 15:54:33');
INSERT INTO `nomina_import_detalle` VALUES (987, 67, '0375', 'GOFB660827', '{\"NOMBRE DE EMPRESA\":\"ALUTUB S.A. DE C.V.\",\"NUMERO EMPLEADO\":\"0375\",\"APELLIDO PATERNO EMPLEADO\":\"GONZALEZ\",\"APELLIDO MATERNO EMPLEADO\":\"FERNANDEZ\",\"NOMBRES DEL EMPLEADO\":\"BENILDE MARIA\",\"RFC EMPLEADO_RAW\":\"GOFB-660827-KQ4\",\"RFC_BASE\":\"GOFB660827\",\"NO. CURP EMPLEADO\":\"GOFB660827MTSNRN03\",\"ES ACTIVO_RAW\":\"ACTIVO\",\"ES ACTIVO\":1,\"FECHA INGRESO DEL EMPLEADO\":\"2016-01-18\",\"FECHA BAJA\":null,\"TIPO EMPLEADO ID_RAW\":\"2\",\"TIPO EMPLEADO\":\"INDETERMINADO\",\"DEPARTAMENTO ID_RAW\":\"AL9\",\"DEPARTAMENTO EMPLEADO\":\"ADMINISTRACION\",\"PUESTO DEL EMPLEADO ID_RAW\":\"AL33\",\"PUESTO DEL EMPLEADO\":\"SUBDIRECTOR ADMINISTRATIVO Y COMERCIAL\",\"IDENTIFICADOR CENTRO TRABAJO EMPLEADO_RAW\":\"4000\",\"CENTRO TRABAJO EMPLEADO\":\"SAN MATEO-ALUTUB\",\"JEFE INMEDIATO EMPLEADO\":\"\",\"SALARIO DIARIO EMPLEADO\":4981.3800000000001091393642127513885498046875,\"SALARIO MENSUAL EMPLEADO\":149445.42000000001280568540096282958984375}', 'update', 'OK', '2025-12-23 15:54:33');
INSERT INTO `nomina_import_detalle` VALUES (988, 67, '0379', 'FOMV770812', '{\"NOMBRE DE EMPRESA\":\"ALUTUB S.A. DE C.V.\",\"NUMERO EMPLEADO\":\"0379\",\"APELLIDO PATERNO EMPLEADO\":\"FLORES\",\"APELLIDO MATERNO EMPLEADO\":\"MATA\",\"NOMBRES DEL EMPLEADO\":\"VALENTIN\",\"RFC EMPLEADO_RAW\":\"FOMV-770812-2RA\",\"RFC_BASE\":\"FOMV770812\",\"NO. CURP EMPLEADO\":\"FOMV770812HMCLTL08\",\"ES ACTIVO_RAW\":\"ACTIVO\",\"ES ACTIVO\":1,\"FECHA INGRESO DEL EMPLEADO\":\"2023-01-11\",\"FECHA BAJA\":null,\"TIPO EMPLEADO ID_RAW\":\"2\",\"TIPO EMPLEADO\":\"INDETERMINADO\",\"DEPARTAMENTO ID_RAW\":\"AL6\",\"DEPARTAMENTO EMPLEADO\":\"PRODUCCION\",\"PUESTO DEL EMPLEADO ID_RAW\":\"AL8\",\"PUESTO DEL EMPLEADO\":\"OPERADOR DE LITOGRAFIA\",\"IDENTIFICADOR CENTRO TRABAJO EMPLEADO_RAW\":\"4000\",\"CENTRO TRABAJO EMPLEADO\":\"SAN MATEO-ALUTUB\",\"JEFE INMEDIATO EMPLEADO\":\"JUAN CARLOS REYES BARRETERO\",\"SALARIO DIARIO EMPLEADO\":4981.3800000000001091393642127513885498046875,\"SALARIO MENSUAL EMPLEADO\":149445.42000000001280568540096282958984375}', 'update', 'OK', '2025-12-23 15:54:33');
INSERT INTO `nomina_import_detalle` VALUES (989, 67, '0384', 'GUVL700303', '{\"NOMBRE DE EMPRESA\":\"ALUTUB S.A. DE C.V.\",\"NUMERO EMPLEADO\":\"0384\",\"APELLIDO PATERNO EMPLEADO\":\"GUADARRAMA\",\"APELLIDO MATERNO EMPLEADO\":\"VALENCIA\",\"NOMBRES DEL EMPLEADO\":\"MARIA DE LOURDES\",\"RFC EMPLEADO_RAW\":\"GUVL-700303-563\",\"RFC_BASE\":\"GUVL700303\",\"NO. CURP EMPLEADO\":\"GUVL700303MDFDLR18\",\"ES ACTIVO_RAW\":\"ACTIVO\",\"ES ACTIVO\":1,\"FECHA INGRESO DEL EMPLEADO\":\"2023-01-18\",\"FECHA BAJA\":null,\"TIPO EMPLEADO ID_RAW\":\"2\",\"TIPO EMPLEADO\":\"INDETERMINADO\",\"DEPARTAMENTO ID_RAW\":\"AL13\",\"DEPARTAMENTO EMPLEADO\":\"CONTROL ESTADISTICO DE LA CALIDAD\",\"PUESTO DEL EMPLEADO ID_RAW\":\"AL29\",\"PUESTO DEL EMPLEADO\":\"REVISADOR DE PROCESO\",\"IDENTIFICADOR CENTRO TRABAJO EMPLEADO_RAW\":\"4000\",\"CENTRO TRABAJO EMPLEADO\":\"SAN MATEO-ALUTUB\",\"JEFE INMEDIATO EMPLEADO\":\"OMAR ANTONIO CASTAÑEDA JIMENEZ\",\"SALARIO DIARIO EMPLEADO\":4981.3800000000001091393642127513885498046875,\"SALARIO MENSUAL EMPLEADO\":149445.42000000001280568540096282958984375}', 'update', 'OK', '2025-12-23 15:54:33');
INSERT INTO `nomina_import_detalle` VALUES (990, 67, '0386', 'PIAL730421', '{\"NOMBRE DE EMPRESA\":\"ALUTUB S.A. DE C.V.\",\"NUMERO EMPLEADO\":\"0386\",\"APELLIDO PATERNO EMPLEADO\":\"PIÑA\",\"APELLIDO MATERNO EMPLEADO\":\"ARIAS\",\"NOMBRES DEL EMPLEADO\":\"LLANET\",\"RFC EMPLEADO_RAW\":\"PIAL-730421-BU6\",\"RFC_BASE\":\"PIAL730421\",\"NO. CURP EMPLEADO\":\"PIAL730421MMCXRL04\",\"ES ACTIVO_RAW\":\"ACTIVO\",\"ES ACTIVO\":1,\"FECHA INGRESO DEL EMPLEADO\":\"2023-01-23\",\"FECHA BAJA\":null,\"TIPO EMPLEADO ID_RAW\":\"2\",\"TIPO EMPLEADO\":\"INDETERMINADO\",\"DEPARTAMENTO ID_RAW\":\"AL13\",\"DEPARTAMENTO EMPLEADO\":\"CONTROL ESTADISTICO DE LA CALIDAD\",\"PUESTO DEL EMPLEADO ID_RAW\":\"AL29\",\"PUESTO DEL EMPLEADO\":\"REVISADOR DE PROCESO\",\"IDENTIFICADOR CENTRO TRABAJO EMPLEADO_RAW\":\"4000\",\"CENTRO TRABAJO EMPLEADO\":\"SAN MATEO-ALUTUB\",\"JEFE INMEDIATO EMPLEADO\":\"OMAR ANTONIO CASTAÑEDA JIMENEZ\",\"SALARIO DIARIO EMPLEADO\":4981.3800000000001091393642127513885498046875,\"SALARIO MENSUAL EMPLEADO\":149445.42000000001280568540096282958984375}', 'update', 'OK', '2025-12-23 15:54:34');
INSERT INTO `nomina_import_detalle` VALUES (991, 67, '0390', 'MAFE821020', '{\"NOMBRE DE EMPRESA\":\"ALUTUB S.A. DE C.V.\",\"NUMERO EMPLEADO\":\"0390\",\"APELLIDO PATERNO EMPLEADO\":\"MANCILLA\",\"APELLIDO MATERNO EMPLEADO\":\"FLORES\",\"NOMBRES DEL EMPLEADO\":\"ELIZABETH\",\"RFC EMPLEADO_RAW\":\"MAFE-821020-2J9\",\"RFC_BASE\":\"MAFE821020\",\"NO. CURP EMPLEADO\":\"MAFE821020MMCNLL00\",\"ES ACTIVO_RAW\":\"ACTIVO\",\"ES ACTIVO\":1,\"FECHA INGRESO DEL EMPLEADO\":\"2023-01-30\",\"FECHA BAJA\":null,\"TIPO EMPLEADO ID_RAW\":\"2\",\"TIPO EMPLEADO\":\"INDETERMINADO\",\"DEPARTAMENTO ID_RAW\":\"AL13\",\"DEPARTAMENTO EMPLEADO\":\"CONTROL ESTADISTICO DE LA CALIDAD\",\"PUESTO DEL EMPLEADO ID_RAW\":\"AL29\",\"PUESTO DEL EMPLEADO\":\"REVISADOR DE PROCESO\",\"IDENTIFICADOR CENTRO TRABAJO EMPLEADO_RAW\":\"4000\",\"CENTRO TRABAJO EMPLEADO\":\"SAN MATEO-ALUTUB\",\"JEFE INMEDIATO EMPLEADO\":\"OMAR ANTONIO CASTAÑEDA JIMENEZ\",\"SALARIO DIARIO EMPLEADO\":4981.3900000000003274180926382541656494140625,\"SALARIO MENSUAL EMPLEADO\":149445.42000000001280568540096282958984375}', 'update', 'OK', '2025-12-23 15:54:34');
INSERT INTO `nomina_import_detalle` VALUES (992, 67, '0395', 'SAMK930306', '{\"NOMBRE DE EMPRESA\":\"ALUTUB S.A. DE C.V.\",\"NUMERO EMPLEADO\":\"0395\",\"APELLIDO PATERNO EMPLEADO\":\"SAMPERIO\",\"APELLIDO MATERNO EMPLEADO\":\"MALDONADO\",\"NOMBRES DEL EMPLEADO\":\"KELVIN ULISES\",\"RFC EMPLEADO_RAW\":\"SAMK-930306-3I2\",\"RFC_BASE\":\"SAMK930306\",\"NO. CURP EMPLEADO\":\"SAMK930306HMCMLL05\",\"ES ACTIVO_RAW\":\"ACTIVO\",\"ES ACTIVO\":1,\"FECHA INGRESO DEL EMPLEADO\":\"2023-03-01\",\"FECHA BAJA\":null,\"TIPO EMPLEADO ID_RAW\":\"2\",\"TIPO EMPLEADO\":\"INDETERMINADO\",\"DEPARTAMENTO ID_RAW\":\"AL13\",\"DEPARTAMENTO EMPLEADO\":\"CONTROL ESTADISTICO DE LA CALIDAD\",\"PUESTO DEL EMPLEADO ID_RAW\":\"AL29\",\"PUESTO DEL EMPLEADO\":\"REVISADOR DE PROCESO\",\"IDENTIFICADOR CENTRO TRABAJO EMPLEADO_RAW\":\"4000\",\"CENTRO TRABAJO EMPLEADO\":\"SAN MATEO-ALUTUB\",\"JEFE INMEDIATO EMPLEADO\":\"OMAR ANTONIO CASTAÑEDA JIMENEZ\",\"SALARIO DIARIO EMPLEADO\":4981.3900000000003274180926382541656494140625,\"SALARIO MENSUAL EMPLEADO\":149445.42000000001280568540096282958984375}', 'update', 'OK', '2025-12-23 15:54:34');
INSERT INTO `nomina_import_detalle` VALUES (993, 67, '0404', 'REBA790322', '{\"NOMBRE DE EMPRESA\":\"ALUTUB S.A. DE C.V.\",\"NUMERO EMPLEADO\":\"0404\",\"APELLIDO PATERNO EMPLEADO\":\"REYES\",\"APELLIDO MATERNO EMPLEADO\":\"BARRETERO\",\"NOMBRES DEL EMPLEADO\":\"JOSE ANGEL\",\"RFC EMPLEADO_RAW\":\"REBA-790322-FP2\",\"RFC_BASE\":\"REBA790322\",\"NO. CURP EMPLEADO\":\"REBA790322HDFYRN03\",\"ES ACTIVO_RAW\":\"ACTIVO\",\"ES ACTIVO\":1,\"FECHA INGRESO DEL EMPLEADO\":\"2023-04-12\",\"FECHA BAJA\":null,\"TIPO EMPLEADO ID_RAW\":\"2\",\"TIPO EMPLEADO\":\"INDETERMINADO\",\"DEPARTAMENTO ID_RAW\":\"AL16\",\"DEPARTAMENTO EMPLEADO\":\"PLANEACION\",\"PUESTO DEL EMPLEADO ID_RAW\":\"AL39\",\"PUESTO DEL EMPLEADO\":\"JEFE DE PLANEACION\",\"IDENTIFICADOR CENTRO TRABAJO EMPLEADO_RAW\":\"4000\",\"CENTRO TRABAJO EMPLEADO\":\"SAN MATEO-ALUTUB\",\"JEFE INMEDIATO EMPLEADO\":\"JUAN CARLOS REYES BARRETERO\",\"SALARIO DIARIO EMPLEADO\":4981.3900000000003274180926382541656494140625,\"SALARIO MENSUAL EMPLEADO\":149445.42000000001280568540096282958984375}', 'update', 'OK', '2025-12-23 15:54:34');
INSERT INTO `nomina_import_detalle` VALUES (994, 67, '0001', 'GOGC681014', '{\"NOMBRE DE EMPRESA\":\"FARMACEUTICA HISPANOAMERICANA S.A. DE C.V.\",\"NUMERO EMPLEADO\":\"0001\",\"APELLIDO PATERNO EMPLEADO\":\"GOMEZ\",\"APELLIDO MATERNO EMPLEADO\":\"GONZALEZ\",\"NOMBRES DEL EMPLEADO\":\"CEFERINO\",\"RFC EMPLEADO_RAW\":\"GOGC-681014-RX9\",\"RFC_BASE\":\"GOGC681014\",\"NO. CURP EMPLEADO\":\"GOGC681014HJCMNF07\",\"ES ACTIVO_RAW\":\"ACTIVO\",\"ES ACTIVO\":1,\"FECHA INGRESO DEL EMPLEADO\":\"2006-06-04\",\"FECHA BAJA\":null,\"TIPO EMPLEADO ID_RAW\":\"2\",\"TIPO EMPLEADO\":\"INDETERMINADO\",\"DEPARTAMENTO ID_RAW\":\"1\",\"DEPARTAMENTO EMPLEADO\":\"ADMINISTRACION\",\"PUESTO DEL EMPLEADO ID_RAW\":\"55\",\"PUESTO DEL EMPLEADO\":\"DIRECTOR DE FINANZAS\",\"IDENTIFICADOR CENTRO TRABAJO EMPLEADO_RAW\":\"1009\",\"CENTRO TRABAJO EMPLEADO\":\"FH CORPORATIVO DESP. 702\",\"JEFE INMEDIATO EMPLEADO\":\"\",\"SALARIO DIARIO EMPLEADO\":4981.4399999999995998223312199115753173828125,\"SALARIO MENSUAL EMPLEADO\":149445.48000000001047737896442413330078125}', 'update', 'OK', '2025-12-23 15:54:34');
INSERT INTO `nomina_import_detalle` VALUES (995, 67, '0002', 'GOFF711124', '{\"NOMBRE DE EMPRESA\":\"FARMACEUTICA HISPANOAMERICANA S.A. DE C.V.\",\"NUMERO EMPLEADO\":\"0002\",\"APELLIDO PATERNO EMPLEADO\":\"GONZALEZ\",\"APELLIDO MATERNO EMPLEADO\":\"FERNANDEZ\",\"NOMBRES DEL EMPLEADO\":\"FELIPE\",\"RFC EMPLEADO_RAW\":\"GOFF-711124-UH7\",\"RFC_BASE\":\"GOFF711124\",\"NO. CURP EMPLEADO\":\"GOFF711124HTSNRL02\",\"ES ACTIVO_RAW\":\"ACTIVO\",\"ES ACTIVO\":1,\"FECHA INGRESO DEL EMPLEADO\":\"2013-09-17\",\"FECHA BAJA\":null,\"TIPO EMPLEADO ID_RAW\":\"2\",\"TIPO EMPLEADO\":\"INDETERMINADO\",\"DEPARTAMENTO ID_RAW\":\"1\",\"DEPARTAMENTO EMPLEADO\":\"ADMINISTRACION\",\"PUESTO DEL EMPLEADO ID_RAW\":\"52\",\"PUESTO DEL EMPLEADO\":\"DIRECTOR DE ADMINISTRACION\",\"IDENTIFICADOR CENTRO TRABAJO EMPLEADO_RAW\":\"1009\",\"CENTRO TRABAJO EMPLEADO\":\"FH CORPORATIVO DESP. 702\",\"JEFE INMEDIATO EMPLEADO\":\"\",\"SALARIO DIARIO EMPLEADO\":4981.4399999999995998223312199115753173828125,\"SALARIO MENSUAL EMPLEADO\":149445.48000000001047737896442413330078125}', 'update', 'OK', '2025-12-23 15:54:34');
INSERT INTO `nomina_import_detalle` VALUES (996, 67, '0003', 'LOGE680207', '{\"NOMBRE DE EMPRESA\":\"FARMACEUTICA HISPANOAMERICANA S.A. DE C.V.\",\"NUMERO EMPLEADO\":\"0003\",\"APELLIDO PATERNO EMPLEADO\":\"LOPEZ\",\"APELLIDO MATERNO EMPLEADO\":\"GUTIERREZ\",\"NOMBRES DEL EMPLEADO\":\"MARIA ENRIQUETA\",\"RFC EMPLEADO_RAW\":\"LOGE-680207-NE0\",\"RFC_BASE\":\"LOGE680207\",\"NO. CURP EMPLEADO\":\"LOGE680207MDFPTN02\",\"ES ACTIVO_RAW\":\"ACTIVO\",\"ES ACTIVO\":1,\"FECHA INGRESO DEL EMPLEADO\":\"2013-09-17\",\"FECHA BAJA\":null,\"TIPO EMPLEADO ID_RAW\":\"2\",\"TIPO EMPLEADO\":\"INDETERMINADO\",\"DEPARTAMENTO ID_RAW\":\"1\",\"DEPARTAMENTO EMPLEADO\":\"ADMINISTRACION\",\"PUESTO DEL EMPLEADO ID_RAW\":\"54\",\"PUESTO DEL EMPLEADO\":\"DIRECTOR DE CONTRALORIA\",\"IDENTIFICADOR CENTRO TRABAJO EMPLEADO_RAW\":\"1009\",\"CENTRO TRABAJO EMPLEADO\":\"FH CORPORATIVO DESP. 702\",\"JEFE INMEDIATO EMPLEADO\":\"\",\"SALARIO DIARIO EMPLEADO\":4981.4399999999995998223312199115753173828125,\"SALARIO MENSUAL EMPLEADO\":149445.48000000001047737896442413330078125}', 'update', 'OK', '2025-12-23 15:54:34');
INSERT INTO `nomina_import_detalle` VALUES (997, 67, '0004', 'SABG810320', '{\"NOMBRE DE EMPRESA\":\"FARMACEUTICA HISPANOAMERICANA S.A. DE C.V.\",\"NUMERO EMPLEADO\":\"0004\",\"APELLIDO PATERNO EMPLEADO\":\"SARMIENTO\",\"APELLIDO MATERNO EMPLEADO\":\"BONARDEL\",\"NOMBRES DEL EMPLEADO\":\"GINETTE\",\"RFC EMPLEADO_RAW\":\"SABG-810320-BX3\",\"RFC_BASE\":\"SABG810320\",\"NO. CURP EMPLEADO\":\"SABG810320MSRRNN06\",\"ES ACTIVO_RAW\":\"ACTIVO\",\"ES ACTIVO\":1,\"FECHA INGRESO DEL EMPLEADO\":\"2007-10-01\",\"FECHA BAJA\":null,\"TIPO EMPLEADO ID_RAW\":\"2\",\"TIPO EMPLEADO\":\"INDETERMINADO\",\"DEPARTAMENTO ID_RAW\":\"1\",\"DEPARTAMENTO EMPLEADO\":\"ADMINISTRACION\",\"PUESTO DEL EMPLEADO ID_RAW\":\"57\",\"PUESTO DEL EMPLEADO\":\"DIRECTOR DE TESORERIA\",\"IDENTIFICADOR CENTRO TRABAJO EMPLEADO_RAW\":\"1009\",\"CENTRO TRABAJO EMPLEADO\":\"FH CORPORATIVO DESP. 702\",\"JEFE INMEDIATO EMPLEADO\":\"\",\"SALARIO DIARIO EMPLEADO\":4981.4399999999995998223312199115753173828125,\"SALARIO MENSUAL EMPLEADO\":149445.48000000001047737896442413330078125}', 'update', 'OK', '2025-12-23 15:54:34');
INSERT INTO `nomina_import_detalle` VALUES (998, 67, '1001', 'DEMA871022', '{\"NOMBRE DE EMPRESA\":\"FARMACEUTICA HISPANOAMERICANA S.A. DE C.V.\",\"NUMERO EMPLEADO\":\"1001\",\"APELLIDO PATERNO EMPLEADO\":\"DELGADILLO\",\"APELLIDO MATERNO EMPLEADO\":\"MANRIQUEZ\",\"NOMBRES DEL EMPLEADO\":\"ARELI\",\"RFC EMPLEADO_RAW\":\"DEMA-871022-K34\",\"RFC_BASE\":\"DEMA871022\",\"NO. CURP EMPLEADO\":\"DEMA871022MDFLNR05\",\"ES ACTIVO_RAW\":\"ACTIVO\",\"ES ACTIVO\":1,\"FECHA INGRESO DEL EMPLEADO\":\"2012-10-15\",\"FECHA BAJA\":null,\"TIPO EMPLEADO ID_RAW\":\"2\",\"TIPO EMPLEADO\":\"INDETERMINADO\",\"DEPARTAMENTO ID_RAW\":\"5\",\"DEPARTAMENTO EMPLEADO\":\"ASEGURAMIENTO DE CALIDAD\",\"PUESTO DEL EMPLEADO ID_RAW\":\"210\",\"PUESTO DEL EMPLEADO\":\"SUBGERENTE DE ASEGURAMIENTO DE CALIDAD\",\"IDENTIFICADOR CENTRO TRABAJO EMPLEADO_RAW\":\"1001\",\"CENTRO TRABAJO EMPLEADO\":\"FH LAGO ISEO 184\",\"JEFE INMEDIATO EMPLEADO\":\"SERGIO RODRIGUEZ CAMPOS\",\"SALARIO DIARIO EMPLEADO\":4981.4499999999998181010596454143524169921875,\"SALARIO MENSUAL EMPLEADO\":149445.48000000001047737896442413330078125}', 'update', 'OK', '2025-12-23 15:54:34');
INSERT INTO `nomina_import_detalle` VALUES (999, 67, '1002', 'ROCS691121', '{\"NOMBRE DE EMPRESA\":\"FARMACEUTICA HISPANOAMERICANA S.A. DE C.V.\",\"NUMERO EMPLEADO\":\"1002\",\"APELLIDO PATERNO EMPLEADO\":\"RODRIGUEZ\",\"APELLIDO MATERNO EMPLEADO\":\"CAMPOS\",\"NOMBRES DEL EMPLEADO\":\"SERGIO\",\"RFC EMPLEADO_RAW\":\"ROCS-691121-RQ9\",\"RFC_BASE\":\"ROCS691121\",\"NO. CURP EMPLEADO\":\"ROCS691121HDFDMR07\",\"ES ACTIVO_RAW\":\"ACTIVO\",\"ES ACTIVO\":1,\"FECHA INGRESO DEL EMPLEADO\":\"2011-12-19\",\"FECHA BAJA\":null,\"TIPO EMPLEADO ID_RAW\":\"2\",\"TIPO EMPLEADO\":\"INDETERMINADO\",\"DEPARTAMENTO ID_RAW\":\"5\",\"DEPARTAMENTO EMPLEADO\":\"ASEGURAMIENTO DE CALIDAD\",\"PUESTO DEL EMPLEADO ID_RAW\":\"80\",\"PUESTO DEL EMPLEADO\":\"GERENTE DE UNIDAD DE CALIDAD RESPONSABLE SANITARIO\",\"IDENTIFICADOR CENTRO TRABAJO EMPLEADO_RAW\":\"1001\",\"CENTRO TRABAJO EMPLEADO\":\"FH LAGO ISEO 184\",\"JEFE INMEDIATO EMPLEADO\":\"ANGEL ALBARRAN MARTINEZ\",\"SALARIO DIARIO EMPLEADO\":4981.4499999999998181010596454143524169921875,\"SALARIO MENSUAL EMPLEADO\":149445.48000000001047737896442413330078125}', 'update', 'OK', '2025-12-23 15:54:35');
INSERT INTO `nomina_import_detalle` VALUES (1000, 67, '1005', 'PETR910312', '{\"NOMBRE DE EMPRESA\":\"FARMACEUTICA HISPANOAMERICANA S.A. DE C.V.\",\"NUMERO EMPLEADO\":\"1005\",\"APELLIDO PATERNO EMPLEADO\":\"PEREZ\",\"APELLIDO MATERNO EMPLEADO\":\"TECALCO\",\"NOMBRES DEL EMPLEADO\":\"REBECA ITZEL\",\"RFC EMPLEADO_RAW\":\"PETR-910312-6D7\",\"RFC_BASE\":\"PETR910312\",\"NO. CURP EMPLEADO\":\"PETR910312MDFRCB06\",\"ES ACTIVO_RAW\":\"ACTIVO\",\"ES ACTIVO\":1,\"FECHA INGRESO DEL EMPLEADO\":\"2019-07-25\",\"FECHA BAJA\":null,\"TIPO EMPLEADO ID_RAW\":\"2\",\"TIPO EMPLEADO\":\"INDETERMINADO\",\"DEPARTAMENTO ID_RAW\":\"10\",\"DEPARTAMENTO EMPLEADO\":\"CONTRALORIA GENERAL\",\"PUESTO DEL EMPLEADO ID_RAW\":\"173\",\"PUESTO DEL EMPLEADO\":\"CONTADOR FISCAL\",\"IDENTIFICADOR CENTRO TRABAJO EMPLEADO_RAW\":\"1008\",\"CENTRO TRABAJO EMPLEADO\":\"FH CORPORATIVO DESP 701\",\"JEFE INMEDIATO EMPLEADO\":\"AGUSTIN MATA HERNANDEZ\",\"SALARIO DIARIO EMPLEADO\":4981.4499999999998181010596454143524169921875,\"SALARIO MENSUAL EMPLEADO\":149445.48000000001047737896442413330078125}', 'update', 'OK', '2025-12-23 15:54:35');
INSERT INTO `nomina_import_detalle` VALUES (1001, 67, '1006', 'MAHA740828', '{\"NOMBRE DE EMPRESA\":\"FARMACEUTICA HISPANOAMERICANA S.A. DE C.V.\",\"NUMERO EMPLEADO\":\"1006\",\"APELLIDO PATERNO EMPLEADO\":\"MATA\",\"APELLIDO MATERNO EMPLEADO\":\"HERNANDEZ\",\"NOMBRES DEL EMPLEADO\":\"AGUSTIN\",\"RFC EMPLEADO_RAW\":\"MAHA-740828-J94\",\"RFC_BASE\":\"MAHA740828\",\"NO. CURP EMPLEADO\":\"MAHA740828HDFTRG05\",\"ES ACTIVO_RAW\":\"ACTIVO\",\"ES ACTIVO\":1,\"FECHA INGRESO DEL EMPLEADO\":\"2018-03-20\",\"FECHA BAJA\":null,\"TIPO EMPLEADO ID_RAW\":\"2\",\"TIPO EMPLEADO\":\"INDETERMINADO\",\"DEPARTAMENTO ID_RAW\":\"10\",\"DEPARTAMENTO EMPLEADO\":\"CONTRALORIA GENERAL\",\"PUESTO DEL EMPLEADO ID_RAW\":\"33\",\"PUESTO DEL EMPLEADO\":\"CONTRALOR GENERAL\",\"IDENTIFICADOR CENTRO TRABAJO EMPLEADO_RAW\":\"1008\",\"CENTRO TRABAJO EMPLEADO\":\"FH CORPORATIVO DESP 701\",\"JEFE INMEDIATO EMPLEADO\":\"CARLOS ALBERTO AGUILAR PERALTA\",\"SALARIO DIARIO EMPLEADO\":4981.4499999999998181010596454143524169921875,\"SALARIO MENSUAL EMPLEADO\":149445.48000000001047737896442413330078125}', 'update', 'OK', '2025-12-23 15:54:35');
INSERT INTO `nomina_import_detalle` VALUES (1002, 67, '1007', 'LOPL790524', '{\"NOMBRE DE EMPRESA\":\"FARMACEUTICA HISPANOAMERICANA S.A. DE C.V.\",\"NUMERO EMPLEADO\":\"1007\",\"APELLIDO PATERNO EMPLEADO\":\"LOZANO\",\"APELLIDO MATERNO EMPLEADO\":\"PEREZ\",\"NOMBRES DEL EMPLEADO\":\"LORENA ADRIANA\",\"RFC EMPLEADO_RAW\":\"LOPL-790524-R92\",\"RFC_BASE\":\"LOPL790524\",\"NO. CURP EMPLEADO\":\"LOPL790524MDFZRR07\",\"ES ACTIVO_RAW\":\"ACTIVO\",\"ES ACTIVO\":1,\"FECHA INGRESO DEL EMPLEADO\":\"2011-02-16\",\"FECHA BAJA\":null,\"TIPO EMPLEADO ID_RAW\":\"2\",\"TIPO EMPLEADO\":\"INDETERMINADO\",\"DEPARTAMENTO ID_RAW\":\"15\",\"DEPARTAMENTO EMPLEADO\":\"DIRECCION DE NUEVOS NEGOCIOS\",\"PUESTO DEL EMPLEADO ID_RAW\":\"56\",\"PUESTO DEL EMPLEADO\":\"DIRECTOR DE NUEVOS NEGOCIOS\",\"IDENTIFICADOR CENTRO TRABAJO EMPLEADO_RAW\":\"1008\",\"CENTRO TRABAJO EMPLEADO\":\"FH CORPORATIVO DESP 701\",\"JEFE INMEDIATO EMPLEADO\":\"ANGEL ALBARRAN MARTINEZ\",\"SALARIO DIARIO EMPLEADO\":4981.4499999999998181010596454143524169921875,\"SALARIO MENSUAL EMPLEADO\":149445.48999999999068677425384521484375}', 'update', 'OK', '2025-12-23 15:54:35');
INSERT INTO `nomina_import_detalle` VALUES (1003, 67, '1008', 'MUGL911206', '{\"NOMBRE DE EMPRESA\":\"FARMACEUTICA HISPANOAMERICANA S.A. DE C.V.\",\"NUMERO EMPLEADO\":\"1008\",\"APELLIDO PATERNO EMPLEADO\":\"MUÑOZ\",\"APELLIDO MATERNO EMPLEADO\":\"GARCIA\",\"NOMBRES DEL EMPLEADO\":\"LESLIE JHOANA\",\"RFC EMPLEADO_RAW\":\"MUGL-911206-QD4\",\"RFC_BASE\":\"MUGL911206\",\"NO. CURP EMPLEADO\":\"MUGL911206MDFXRS03\",\"ES ACTIVO_RAW\":\"ACTIVO\",\"ES ACTIVO\":1,\"FECHA INGRESO DEL EMPLEADO\":\"2019-01-02\",\"FECHA BAJA\":null,\"TIPO EMPLEADO ID_RAW\":\"2\",\"TIPO EMPLEADO\":\"INDETERMINADO\",\"DEPARTAMENTO ID_RAW\":\"15\",\"DEPARTAMENTO EMPLEADO\":\"DIRECCION DE NUEVOS NEGOCIOS\",\"PUESTO DEL EMPLEADO ID_RAW\":\"252\",\"PUESTO DEL EMPLEADO\":\"GERENTE CORPORATIVO DE NUEVOS NEGOCIOS\",\"IDENTIFICADOR CENTRO TRABAJO EMPLEADO_RAW\":\"1008\",\"CENTRO TRABAJO EMPLEADO\":\"FH CORPORATIVO DESP 701\",\"JEFE INMEDIATO EMPLEADO\":\"LORENA ADRIANA LOZANO PEREZ\",\"SALARIO DIARIO EMPLEADO\":4981.4499999999998181010596454143524169921875,\"SALARIO MENSUAL EMPLEADO\":149445.48999999999068677425384521484375}', 'update', 'OK', '2025-12-23 15:54:35');
INSERT INTO `nomina_import_detalle` VALUES (1004, 67, '1009', 'AUPC720331', '{\"NOMBRE DE EMPRESA\":\"FARMACEUTICA HISPANOAMERICANA S.A. DE C.V.\",\"NUMERO EMPLEADO\":\"1009\",\"APELLIDO PATERNO EMPLEADO\":\"AGUILAR\",\"APELLIDO MATERNO EMPLEADO\":\"PERALTA\",\"NOMBRES DEL EMPLEADO\":\"CARLOS ALBERTO\",\"RFC EMPLEADO_RAW\":\"AUPC-720331-MS7\",\"RFC_BASE\":\"AUPC720331\",\"NO. CURP EMPLEADO\":\"AUPC720331HDFGRR08\",\"ES ACTIVO_RAW\":\"ACTIVO\",\"ES ACTIVO\":1,\"FECHA INGRESO DEL EMPLEADO\":\"2019-06-26\",\"FECHA BAJA\":null,\"TIPO EMPLEADO ID_RAW\":\"2\",\"TIPO EMPLEADO\":\"INDETERMINADO\",\"DEPARTAMENTO ID_RAW\":\"14\",\"DEPARTAMENTO EMPLEADO\":\"DIRECCION DE ADMINISTRACION Y FINANZAS\",\"PUESTO DEL EMPLEADO ID_RAW\":\"53\",\"PUESTO DEL EMPLEADO\":\"DIRECTOR DE ADMINISTRACION Y FINANZAS\",\"IDENTIFICADOR CENTRO TRABAJO EMPLEADO_RAW\":\"1008\",\"CENTRO TRABAJO EMPLEADO\":\"FH CORPORATIVO DESP 701\",\"JEFE INMEDIATO EMPLEADO\":\"\",\"SALARIO DIARIO EMPLEADO\":4981.4499999999998181010596454143524169921875,\"SALARIO MENSUAL EMPLEADO\":149445.48999999999068677425384521484375}', 'update', 'OK', '2025-12-23 15:54:35');
INSERT INTO `nomina_import_detalle` VALUES (1005, 67, '1011', 'AAMA620506', '{\"NOMBRE DE EMPRESA\":\"FARMACEUTICA HISPANOAMERICANA S.A. DE C.V.\",\"NUMERO EMPLEADO\":\"1011\",\"APELLIDO PATERNO EMPLEADO\":\"ALBARRAN\",\"APELLIDO MATERNO EMPLEADO\":\"MARTINEZ\",\"NOMBRES DEL EMPLEADO\":\"ANGEL\",\"RFC EMPLEADO_RAW\":\"AAMA-620506-P41\",\"RFC_BASE\":\"AAMA620506\",\"NO. CURP EMPLEADO\":\"AAMA620506HDFLRN06\",\"ES ACTIVO_RAW\":\"ACTIVO\",\"ES ACTIVO\":1,\"FECHA INGRESO DEL EMPLEADO\":\"2009-06-15\",\"FECHA BAJA\":null,\"TIPO EMPLEADO ID_RAW\":\"2\",\"TIPO EMPLEADO\":\"INDETERMINADO\",\"DEPARTAMENTO ID_RAW\":\"17\",\"DEPARTAMENTO EMPLEADO\":\"DIRECCION GENERAL\",\"PUESTO DEL EMPLEADO ID_RAW\":\"58\",\"PUESTO DEL EMPLEADO\":\"DIRECTOR GENERAL\",\"IDENTIFICADOR CENTRO TRABAJO EMPLEADO_RAW\":\"1008\",\"CENTRO TRABAJO EMPLEADO\":\"FH CORPORATIVO DESP 701\",\"JEFE INMEDIATO EMPLEADO\":\"\",\"SALARIO DIARIO EMPLEADO\":4981.4499999999998181010596454143524169921875,\"SALARIO MENSUAL EMPLEADO\":149445.48999999999068677425384521484375}', 'update', 'OK', '2025-12-23 15:54:35');
INSERT INTO `nomina_import_detalle` VALUES (1006, 67, '1014', 'SAGE600411', '{\"NOMBRE DE EMPRESA\":\"FARMACEUTICA HISPANOAMERICANA S.A. DE C.V.\",\"NUMERO EMPLEADO\":\"1014\",\"APELLIDO PATERNO EMPLEADO\":\"SANTILLAN\",\"APELLIDO MATERNO EMPLEADO\":\"GUTIERREZ\",\"NOMBRES DEL EMPLEADO\":\"EDGAR\",\"RFC EMPLEADO_RAW\":\"SAGE-600411-HF9\",\"RFC_BASE\":\"SAGE600411\",\"NO. CURP EMPLEADO\":\"SAGE600411HDFNTD04\",\"ES ACTIVO_RAW\":\"ACTIVO\",\"ES ACTIVO\":1,\"FECHA INGRESO DEL EMPLEADO\":\"2011-12-20\",\"FECHA BAJA\":null,\"TIPO EMPLEADO ID_RAW\":\"2\",\"TIPO EMPLEADO\":\"INDETERMINADO\",\"DEPARTAMENTO ID_RAW\":\"23\",\"DEPARTAMENTO EMPLEADO\":\"PRODUCCION AEROSOLES\",\"PUESTO DEL EMPLEADO ID_RAW\":\"251\",\"PUESTO DEL EMPLEADO\":\"GERENTE DE PLANTA\",\"IDENTIFICADOR CENTRO TRABAJO EMPLEADO_RAW\":\"1001\",\"CENTRO TRABAJO EMPLEADO\":\"FH LAGO ISEO 184\",\"JEFE INMEDIATO EMPLEADO\":\"MISAEL MENDOZA HERNANDEZ\",\"SALARIO DIARIO EMPLEADO\":4981.4499999999998181010596454143524169921875,\"SALARIO MENSUAL EMPLEADO\":149445.48999999999068677425384521484375}', 'update', 'OK', '2025-12-23 15:54:36');
INSERT INTO `nomina_import_detalle` VALUES (1007, 67, '1019', 'RORL750102', '{\"NOMBRE DE EMPRESA\":\"FARMACEUTICA HISPANOAMERICANA S.A. DE C.V.\",\"NUMERO EMPLEADO\":\"1019\",\"APELLIDO PATERNO EMPLEADO\":\"ROJO\",\"APELLIDO MATERNO EMPLEADO\":\"ROMERO\",\"NOMBRES DEL EMPLEADO\":\"LUISA GABRIELA\",\"RFC EMPLEADO_RAW\":\"RORL-750102-KB5\",\"RFC_BASE\":\"RORL750102\",\"NO. CURP EMPLEADO\":\"RORL750102MDFJMS09\",\"ES ACTIVO_RAW\":\"ACTIVO\",\"ES ACTIVO\":1,\"FECHA INGRESO DEL EMPLEADO\":\"2019-07-03\",\"FECHA BAJA\":null,\"TIPO EMPLEADO ID_RAW\":\"2\",\"TIPO EMPLEADO\":\"INDETERMINADO\",\"DEPARTAMENTO ID_RAW\":\"28\",\"DEPARTAMENTO EMPLEADO\":\"TESORERIA\",\"PUESTO DEL EMPLEADO ID_RAW\":\"79\",\"PUESTO DEL EMPLEADO\":\"GERENTE DE TESORERIA\",\"IDENTIFICADOR CENTRO TRABAJO EMPLEADO_RAW\":\"1008\",\"CENTRO TRABAJO EMPLEADO\":\"FH CORPORATIVO DESP 701\",\"JEFE INMEDIATO EMPLEADO\":\"LUISA GABRIELA ROJO ROMERO\",\"SALARIO DIARIO EMPLEADO\":4981.4499999999998181010596454143524169921875,\"SALARIO MENSUAL EMPLEADO\":149445.48999999999068677425384521484375}', 'update', 'OK', '2025-12-23 15:54:36');
INSERT INTO `nomina_import_detalle` VALUES (1008, 67, '1020', 'GOHA810522', '{\"NOMBRE DE EMPRESA\":\"FARMACEUTICA HISPANOAMERICANA S.A. DE C.V.\",\"NUMERO EMPLEADO\":\"1020\",\"APELLIDO PATERNO EMPLEADO\":\"GODINEZ\",\"APELLIDO MATERNO EMPLEADO\":\"HERRERA\",\"NOMBRES DEL EMPLEADO\":\"ALBA MARIANA\",\"RFC EMPLEADO_RAW\":\"GOHA-810522-JWA\",\"RFC_BASE\":\"GOHA810522\",\"NO. CURP EMPLEADO\":\"GOHA810522MDFDRL00\",\"ES ACTIVO_RAW\":\"ACTIVO\",\"ES ACTIVO\":1,\"FECHA INGRESO DEL EMPLEADO\":\"2016-10-26\",\"FECHA BAJA\":null,\"TIPO EMPLEADO ID_RAW\":\"2\",\"TIPO EMPLEADO\":\"INDETERMINADO\",\"DEPARTAMENTO ID_RAW\":\"28\",\"DEPARTAMENTO EMPLEADO\":\"TESORERIA\",\"PUESTO DEL EMPLEADO ID_RAW\":\"220\",\"PUESTO DEL EMPLEADO\":\"JEFE DE TESORERIA\",\"IDENTIFICADOR CENTRO TRABAJO EMPLEADO_RAW\":\"1008\",\"CENTRO TRABAJO EMPLEADO\":\"FH CORPORATIVO DESP 701\",\"JEFE INMEDIATO EMPLEADO\":\"LUISA GABRIELA ROJO ROMERO\",\"SALARIO DIARIO EMPLEADO\":4981.4600000000000363797880709171295166015625,\"SALARIO MENSUAL EMPLEADO\":149445.48999999999068677425384521484375}', 'update', 'OK', '2025-12-23 15:54:36');
INSERT INTO `nomina_import_detalle` VALUES (1009, 67, '1021', 'LOBJ850604', '{\"NOMBRE DE EMPRESA\":\"FARMACEUTICA HISPANOAMERICANA S.A. DE C.V.\",\"NUMERO EMPLEADO\":\"1021\",\"APELLIDO PATERNO EMPLEADO\":\"LOPEZ\",\"APELLIDO MATERNO EMPLEADO\":\"BARRIOS\",\"NOMBRES DEL EMPLEADO\":\"JOSCELYN VICTORIA\",\"RFC EMPLEADO_RAW\":\"LOBJ-850604-3U3\",\"RFC_BASE\":\"LOBJ850604\",\"NO. CURP EMPLEADO\":\"LOBJ850604MDFPRS01\",\"ES ACTIVO_RAW\":\"ACTIVO\",\"ES ACTIVO\":1,\"FECHA INGRESO DEL EMPLEADO\":\"2014-01-02\",\"FECHA BAJA\":null,\"TIPO EMPLEADO ID_RAW\":\"2\",\"TIPO EMPLEADO\":\"INDETERMINADO\",\"DEPARTAMENTO ID_RAW\":\"30\",\"DEPARTAMENTO EMPLEADO\":\"VENTAS GOBIERNO\",\"PUESTO DEL EMPLEADO ID_RAW\":\"207\",\"PUESTO DEL EMPLEADO\":\"DIRECTOR NACIONAL DE VENTAS\",\"IDENTIFICADOR CENTRO TRABAJO EMPLEADO_RAW\":\"1008\",\"CENTRO TRABAJO EMPLEADO\":\"FH CORPORATIVO DESP 701\",\"JEFE INMEDIATO EMPLEADO\":\"\",\"SALARIO DIARIO EMPLEADO\":4981.4600000000000363797880709171295166015625,\"SALARIO MENSUAL EMPLEADO\":149445.48999999999068677425384521484375}', 'update', 'OK', '2025-12-23 15:54:36');
INSERT INTO `nomina_import_detalle` VALUES (1010, 67, '1022', 'EICV730315', '{\"NOMBRE DE EMPRESA\":\"FARMACEUTICA HISPANOAMERICANA S.A. DE C.V.\",\"NUMERO EMPLEADO\":\"1022\",\"APELLIDO PATERNO EMPLEADO\":\"ESPINOSA DE LOS MONTEROS\",\"APELLIDO MATERNO EMPLEADO\":\"CALDERON\",\"NOMBRES DEL EMPLEADO\":\"VERONICA\",\"RFC EMPLEADO_RAW\":\"EICV-730315-8B8\",\"RFC_BASE\":\"EICV730315\",\"NO. CURP EMPLEADO\":\"EICV730315MDFSLR05\",\"ES ACTIVO_RAW\":\"ACTIVO\",\"ES ACTIVO\":1,\"FECHA INGRESO DEL EMPLEADO\":\"2016-12-19\",\"FECHA BAJA\":null,\"TIPO EMPLEADO ID_RAW\":\"2\",\"TIPO EMPLEADO\":\"INDETERMINADO\",\"DEPARTAMENTO ID_RAW\":\"30\",\"DEPARTAMENTO EMPLEADO\":\"VENTAS GOBIERNO\",\"PUESTO DEL EMPLEADO ID_RAW\":\"81\",\"PUESTO DEL EMPLEADO\":\"GERENTE DE VENTAS GOBIERNO\",\"IDENTIFICADOR CENTRO TRABAJO EMPLEADO_RAW\":\"1008\",\"CENTRO TRABAJO EMPLEADO\":\"FH CORPORATIVO DESP 701\",\"JEFE INMEDIATO EMPLEADO\":\"JOSCELYN VICTORIA LOPEZ BARRIOS\",\"SALARIO DIARIO EMPLEADO\":4981.4600000000000363797880709171295166015625,\"SALARIO MENSUAL EMPLEADO\":149445.48999999999068677425384521484375}', 'update', 'OK', '2025-12-23 15:54:36');
INSERT INTO `nomina_import_detalle` VALUES (1011, 67, '2008', 'PACE770419', '{\"NOMBRE DE EMPRESA\":\"FARMACEUTICA HISPANOAMERICANA S.A. DE C.V.\",\"NUMERO EMPLEADO\":\"2008\",\"APELLIDO PATERNO EMPLEADO\":\"PANIAGUA\",\"APELLIDO MATERNO EMPLEADO\":\"CALDERON\",\"NOMBRES DEL EMPLEADO\":\"EDGAR\",\"RFC EMPLEADO_RAW\":\"PACE-770419-AM2\",\"RFC_BASE\":\"PACE770419\",\"NO. CURP EMPLEADO\":\"PACE770419HDFNLD01\",\"ES ACTIVO_RAW\":\"ACTIVO\",\"ES ACTIVO\":1,\"FECHA INGRESO DEL EMPLEADO\":\"2019-08-21\",\"FECHA BAJA\":null,\"TIPO EMPLEADO ID_RAW\":\"2\",\"TIPO EMPLEADO\":\"INDETERMINADO\",\"DEPARTAMENTO ID_RAW\":\"3\",\"DEPARTAMENTO EMPLEADO\":\"ALMACEN DE PRODUCTO TERMINADO\",\"PUESTO DEL EMPLEADO ID_RAW\":\"30\",\"PUESTO DEL EMPLEADO\":\"CHOFER\",\"IDENTIFICADOR CENTRO TRABAJO EMPLEADO_RAW\":\"1006\",\"CENTRO TRABAJO EMPLEADO\":\"FH ALMACEN PINO\",\"JEFE INMEDIATO EMPLEADO\":\"LIDIA CARRILLO AVILA\",\"SALARIO DIARIO EMPLEADO\":4981.4600000000000363797880709171295166015625,\"SALARIO MENSUAL EMPLEADO\":149445.48999999999068677425384521484375}', 'update', 'OK', '2025-12-23 15:54:36');
INSERT INTO `nomina_import_detalle` VALUES (1012, 67, '2015', 'TEGM781124', '{\"NOMBRE DE EMPRESA\":\"FARMACEUTICA HISPANOAMERICANA S.A. DE C.V.\",\"NUMERO EMPLEADO\":\"2015\",\"APELLIDO PATERNO EMPLEADO\":\"TREJO\",\"APELLIDO MATERNO EMPLEADO\":\"GONZALEZ\",\"NOMBRES DEL EMPLEADO\":\"MIGUEL ENRIQUE\",\"RFC EMPLEADO_RAW\":\"TEGM-781124-SI0\",\"RFC_BASE\":\"TEGM781124\",\"NO. CURP EMPLEADO\":\"TEGM781124HJCRNG04\",\"ES ACTIVO_RAW\":\"ACTIVO\",\"ES ACTIVO\":1,\"FECHA INGRESO DEL EMPLEADO\":\"2018-08-29\",\"FECHA BAJA\":null,\"TIPO EMPLEADO ID_RAW\":\"2\",\"TIPO EMPLEADO\":\"INDETERMINADO\",\"DEPARTAMENTO ID_RAW\":\"2\",\"DEPARTAMENTO EMPLEADO\":\"ALMACEN DE INSUMOS\",\"PUESTO DEL EMPLEADO ID_RAW\":\"104\",\"PUESTO DEL EMPLEADO\":\"MONTACARGUISTA\",\"IDENTIFICADOR CENTRO TRABAJO EMPLEADO_RAW\":\"1005\",\"CENTRO TRABAJO EMPLEADO\":\"FH ALMACEN AZAHARES\",\"JEFE INMEDIATO EMPLEADO\":\"LIDIA CARRILLO AVILA\",\"SALARIO DIARIO EMPLEADO\":4981.4600000000000363797880709171295166015625,\"SALARIO MENSUAL EMPLEADO\":149445.5}', 'update', 'OK', '2025-12-23 15:54:36');
INSERT INTO `nomina_import_detalle` VALUES (1013, 67, '2016', 'LOMM670330', '{\"NOMBRE DE EMPRESA\":\"FARMACEUTICA HISPANOAMERICANA S.A. DE C.V.\",\"NUMERO EMPLEADO\":\"2016\",\"APELLIDO PATERNO EMPLEADO\":\"LOPEZ\",\"APELLIDO MATERNO EMPLEADO\":\"MARTINEZ\",\"NOMBRES DEL EMPLEADO\":\"MIGUEL JAIME\",\"RFC EMPLEADO_RAW\":\"LOMM-670330-1G8\",\"RFC_BASE\":\"LOMM670330\",\"NO. CURP EMPLEADO\":\"LOMM670330HDFPRG00\",\"ES ACTIVO_RAW\":\"ACTIVO\",\"ES ACTIVO\":1,\"FECHA INGRESO DEL EMPLEADO\":\"2019-01-21\",\"FECHA BAJA\":null,\"TIPO EMPLEADO ID_RAW\":\"2\",\"TIPO EMPLEADO\":\"INDETERMINADO\",\"DEPARTAMENTO ID_RAW\":\"2\",\"DEPARTAMENTO EMPLEADO\":\"ALMACEN DE INSUMOS\",\"PUESTO DEL EMPLEADO ID_RAW\":\"28\",\"PUESTO DEL EMPLEADO\":\"AYUDANTE GENERAL\",\"IDENTIFICADOR CENTRO TRABAJO EMPLEADO_RAW\":\"1005\",\"CENTRO TRABAJO EMPLEADO\":\"FH ALMACEN AZAHARES\",\"JEFE INMEDIATO EMPLEADO\":\"ALBERTO HERNANDEZ GONZALEZ\",\"SALARIO DIARIO EMPLEADO\":4981.4600000000000363797880709171295166015625,\"SALARIO MENSUAL EMPLEADO\":149445.5}', 'update', 'OK', '2025-12-23 15:54:36');
INSERT INTO `nomina_import_detalle` VALUES (1014, 67, '2017', 'REOC810104', '{\"NOMBRE DE EMPRESA\":\"FARMACEUTICA HISPANOAMERICANA S.A. DE C.V.\",\"NUMERO EMPLEADO\":\"2017\",\"APELLIDO PATERNO EMPLEADO\":\"RENTERIA\",\"APELLIDO MATERNO EMPLEADO\":\"OSORNIO\",\"NOMBRES DEL EMPLEADO\":\"CRISTIAN QUETZALCOATL\",\"RFC EMPLEADO_RAW\":\"REOC-810104-F39\",\"RFC_BASE\":\"REOC810104\",\"NO. CURP EMPLEADO\":\"REOC810104HDFNSR04\",\"ES ACTIVO_RAW\":\"ACTIVO\",\"ES ACTIVO\":1,\"FECHA INGRESO DEL EMPLEADO\":\"2019-02-25\",\"FECHA BAJA\":null,\"TIPO EMPLEADO ID_RAW\":\"2\",\"TIPO EMPLEADO\":\"INDETERMINADO\",\"DEPARTAMENTO ID_RAW\":\"2\",\"DEPARTAMENTO EMPLEADO\":\"ALMACEN DE INSUMOS\",\"PUESTO DEL EMPLEADO ID_RAW\":\"151\",\"PUESTO DEL EMPLEADO\":\"SUPERVISOR DE MATERIALES DE ACONDICIONAMIENTO\",\"IDENTIFICADOR CENTRO TRABAJO EMPLEADO_RAW\":\"1005\",\"CENTRO TRABAJO EMPLEADO\":\"FH ALMACEN AZAHARES\",\"JEFE INMEDIATO EMPLEADO\":\"PORFIRIO OLVERA RODRIGUEZ\",\"SALARIO DIARIO EMPLEADO\":4981.4600000000000363797880709171295166015625,\"SALARIO MENSUAL EMPLEADO\":149445.5}', 'update', 'OK', '2025-12-23 15:54:37');
INSERT INTO `nomina_import_detalle` VALUES (1015, 67, '2021', 'PEGA821025', '{\"NOMBRE DE EMPRESA\":\"FARMACEUTICA HISPANOAMERICANA S.A. DE C.V.\",\"NUMERO EMPLEADO\":\"2021\",\"APELLIDO PATERNO EMPLEADO\":\"PERALTA\",\"APELLIDO MATERNO EMPLEADO\":\"GRANADOS\",\"NOMBRES DEL EMPLEADO\":\"ABDIEL\",\"RFC EMPLEADO_RAW\":\"PEGA-821025-790\",\"RFC_BASE\":\"PEGA821025\",\"NO. CURP EMPLEADO\":\"PEGA821025HDFRRB01\",\"ES ACTIVO_RAW\":\"ACTIVO\",\"ES ACTIVO\":1,\"FECHA INGRESO DEL EMPLEADO\":\"2018-04-04\",\"FECHA BAJA\":null,\"TIPO EMPLEADO ID_RAW\":\"2\",\"TIPO EMPLEADO\":\"INDETERMINADO\",\"DEPARTAMENTO ID_RAW\":\"24\",\"DEPARTAMENTO EMPLEADO\":\"PRODUCCION FARMA\",\"PUESTO DEL EMPLEADO ID_RAW\":\"233\",\"PUESTO DEL EMPLEADO\":\"OPERADOR C\",\"IDENTIFICADOR CENTRO TRABAJO EMPLEADO_RAW\":\"1001\",\"CENTRO TRABAJO EMPLEADO\":\"FH LAGO ISEO 184\",\"JEFE INMEDIATO EMPLEADO\":\"ANA ITZEL CORDOVA MARTINEZ\",\"SALARIO DIARIO EMPLEADO\":4981.4600000000000363797880709171295166015625,\"SALARIO MENSUAL EMPLEADO\":149445.5}', 'update', 'OK', '2025-12-23 15:54:37');
INSERT INTO `nomina_import_detalle` VALUES (1016, 67, '2027', 'VEBP851219', '{\"NOMBRE DE EMPRESA\":\"FARMACEUTICA HISPANOAMERICANA S.A. DE C.V.\",\"NUMERO EMPLEADO\":\"2027\",\"APELLIDO PATERNO EMPLEADO\":\"VELAZQUEZ\",\"APELLIDO MATERNO EMPLEADO\":\"BAEZ\",\"NOMBRES DEL EMPLEADO\":\"MARIA DEL PILAR\",\"RFC EMPLEADO_RAW\":\"VEBP-851219-5E8\",\"RFC_BASE\":\"VEBP851219\",\"NO. CURP EMPLEADO\":\"VEBP851219MDFLZL09\",\"ES ACTIVO_RAW\":\"ACTIVO\",\"ES ACTIVO\":1,\"FECHA INGRESO DEL EMPLEADO\":\"2020-06-01\",\"FECHA BAJA\":null,\"TIPO EMPLEADO ID_RAW\":\"2\",\"TIPO EMPLEADO\":\"INDETERMINADO\",\"DEPARTAMENTO ID_RAW\":\"3\",\"DEPARTAMENTO EMPLEADO\":\"ALMACEN DE PRODUCTO TERMINADO\",\"PUESTO DEL EMPLEADO ID_RAW\":\"241\",\"PUESTO DEL EMPLEADO\":\"JEFE DE EMBARQUES\",\"IDENTIFICADOR CENTRO TRABAJO EMPLEADO_RAW\":\"1006\",\"CENTRO TRABAJO EMPLEADO\":\"FH ALMACEN PINO\",\"JEFE INMEDIATO EMPLEADO\":\"MISAEL MENDOZA HERNANDEZ\",\"SALARIO DIARIO EMPLEADO\":4981.4600000000000363797880709171295166015625,\"SALARIO MENSUAL EMPLEADO\":149445.5}', 'update', 'OK', '2025-12-23 15:54:37');
INSERT INTO `nomina_import_detalle` VALUES (1017, 67, '2029', 'MADL830318', '{\"NOMBRE DE EMPRESA\":\"FARMACEUTICA HISPANOAMERICANA S.A. DE C.V.\",\"NUMERO EMPLEADO\":\"2029\",\"APELLIDO PATERNO EMPLEADO\":\"MARTINEZ\",\"APELLIDO MATERNO EMPLEADO\":\"DOMINGUEZ\",\"NOMBRES DEL EMPLEADO\":\"LUIS ALBERTO\",\"RFC EMPLEADO_RAW\":\"MADL-830318-7V6\",\"RFC_BASE\":\"MADL830318\",\"NO. CURP EMPLEADO\":\"MADL830318HDFRMS03\",\"ES ACTIVO_RAW\":\"ACTIVO\",\"ES ACTIVO\":1,\"FECHA INGRESO DEL EMPLEADO\":\"2016-11-18\",\"FECHA BAJA\":null,\"TIPO EMPLEADO ID_RAW\":\"2\",\"TIPO EMPLEADO\":\"INDETERMINADO\",\"DEPARTAMENTO ID_RAW\":\"3\",\"DEPARTAMENTO EMPLEADO\":\"ALMACEN DE PRODUCTO TERMINADO\",\"PUESTO DEL EMPLEADO ID_RAW\":\"30\",\"PUESTO DEL EMPLEADO\":\"CHOFER\",\"IDENTIFICADOR CENTRO TRABAJO EMPLEADO_RAW\":\"1006\",\"CENTRO TRABAJO EMPLEADO\":\"FH ALMACEN PINO\",\"JEFE INMEDIATO EMPLEADO\":\"LIDIA CARRILLO AVILA\",\"SALARIO DIARIO EMPLEADO\":4981.4600000000000363797880709171295166015625,\"SALARIO MENSUAL EMPLEADO\":149445.5}', 'update', 'OK', '2025-12-23 15:54:37');
INSERT INTO `nomina_import_detalle` VALUES (1018, 67, '2030', 'DIGC691104', '{\"NOMBRE DE EMPRESA\":\"FARMACEUTICA HISPANOAMERICANA S.A. DE C.V.\",\"NUMERO EMPLEADO\":\"2030\",\"APELLIDO PATERNO EMPLEADO\":\"DIAZ\",\"APELLIDO MATERNO EMPLEADO\":\"GUZMAN\",\"NOMBRES DEL EMPLEADO\":\"CARLOS\",\"RFC EMPLEADO_RAW\":\"DIGC-691104-9J1\",\"RFC_BASE\":\"DIGC691104\",\"NO. CURP EMPLEADO\":\"DIGC691104HDFZZR09\",\"ES ACTIVO_RAW\":\"ACTIVO\",\"ES ACTIVO\":1,\"FECHA INGRESO DEL EMPLEADO\":\"2017-06-15\",\"FECHA BAJA\":null,\"TIPO EMPLEADO ID_RAW\":\"2\",\"TIPO EMPLEADO\":\"INDETERMINADO\",\"DEPARTAMENTO ID_RAW\":\"3\",\"DEPARTAMENTO EMPLEADO\":\"ALMACEN DE PRODUCTO TERMINADO\",\"PUESTO DEL EMPLEADO ID_RAW\":\"104\",\"PUESTO DEL EMPLEADO\":\"MONTACARGUISTA\",\"IDENTIFICADOR CENTRO TRABAJO EMPLEADO_RAW\":\"1006\",\"CENTRO TRABAJO EMPLEADO\":\"FH ALMACEN PINO\",\"JEFE INMEDIATO EMPLEADO\":\"LIDIA CARRILLO AVILA\",\"SALARIO DIARIO EMPLEADO\":4981.4700000000002546585164964199066162109375,\"SALARIO MENSUAL EMPLEADO\":149445.5}', 'update', 'OK', '2025-12-23 15:54:37');
INSERT INTO `nomina_import_detalle` VALUES (1019, 67, '2032', 'JIMM791013', '{\"NOMBRE DE EMPRESA\":\"FARMACEUTICA HISPANOAMERICANA S.A. DE C.V.\",\"NUMERO EMPLEADO\":\"2032\",\"APELLIDO PATERNO EMPLEADO\":\"JIMENEZ\",\"APELLIDO MATERNO EMPLEADO\":\"MARTINEZ\",\"NOMBRES DEL EMPLEADO\":\"JOSE MANUEL\",\"RFC EMPLEADO_RAW\":\"JIMM-791013-RK2\",\"RFC_BASE\":\"JIMM791013\",\"NO. CURP EMPLEADO\":\"JIMM791013HDFMRN08\",\"ES ACTIVO_RAW\":\"ACTIVO\",\"ES ACTIVO\":1,\"FECHA INGRESO DEL EMPLEADO\":\"2018-04-26\",\"FECHA BAJA\":null,\"TIPO EMPLEADO ID_RAW\":\"2\",\"TIPO EMPLEADO\":\"INDETERMINADO\",\"DEPARTAMENTO ID_RAW\":\"3\",\"DEPARTAMENTO EMPLEADO\":\"ALMACEN DE PRODUCTO TERMINADO\",\"PUESTO DEL EMPLEADO ID_RAW\":\"237\",\"PUESTO DEL EMPLEADO\":\"AUXILIAR DE INVENTARIOS\",\"IDENTIFICADOR CENTRO TRABAJO EMPLEADO_RAW\":\"1006\",\"CENTRO TRABAJO EMPLEADO\":\"FH ALMACEN PINO\",\"JEFE INMEDIATO EMPLEADO\":\"LIDIA CARRILLO AVILA\",\"SALARIO DIARIO EMPLEADO\":4981.4700000000002546585164964199066162109375,\"SALARIO MENSUAL EMPLEADO\":149445.5}', 'update', 'OK', '2025-12-23 15:54:37');
INSERT INTO `nomina_import_detalle` VALUES (1020, 67, '2051', 'RURG820722', '{\"NOMBRE DE EMPRESA\":\"FARMACEUTICA HISPANOAMERICANA S.A. DE C.V.\",\"NUMERO EMPLEADO\":\"2051\",\"APELLIDO PATERNO EMPLEADO\":\"RUIZ\",\"APELLIDO MATERNO EMPLEADO\":\"RODRIGUEZ\",\"NOMBRES DEL EMPLEADO\":\"GUADALUPE\",\"RFC EMPLEADO_RAW\":\"RURG-820722-DT1\",\"RFC_BASE\":\"RURG820722\",\"NO. CURP EMPLEADO\":\"RURG820722MDFZDD00\",\"ES ACTIVO_RAW\":\"ACTIVO\",\"ES ACTIVO\":1,\"FECHA INGRESO DEL EMPLEADO\":\"2017-05-08\",\"FECHA BAJA\":null,\"TIPO EMPLEADO ID_RAW\":\"2\",\"TIPO EMPLEADO\":\"INDETERMINADO\",\"DEPARTAMENTO ID_RAW\":\"5\",\"DEPARTAMENTO EMPLEADO\":\"ASEGURAMIENTO DE CALIDAD\",\"PUESTO DEL EMPLEADO ID_RAW\":\"36\",\"PUESTO DEL EMPLEADO\":\"COORDINADOR DE ASEGURAMIENTO DE CALIDAD DE ALMACEN DE INSUMOS\",\"IDENTIFICADOR CENTRO TRABAJO EMPLEADO_RAW\":\"1005\",\"CENTRO TRABAJO EMPLEADO\":\"FH ALMACEN AZAHARES\",\"JEFE INMEDIATO EMPLEADO\":\"ARELI DELGADILLO MANRIQUEZ\",\"SALARIO DIARIO EMPLEADO\":4981.4700000000002546585164964199066162109375,\"SALARIO MENSUAL EMPLEADO\":149445.5}', 'update', 'OK', '2025-12-23 15:54:37');
INSERT INTO `nomina_import_detalle` VALUES (1021, 67, '2052', 'VASJ710527', '{\"NOMBRE DE EMPRESA\":\"FARMACEUTICA HISPANOAMERICANA S.A. DE C.V.\",\"NUMERO EMPLEADO\":\"2052\",\"APELLIDO PATERNO EMPLEADO\":\"VAZQUEZ\",\"APELLIDO MATERNO EMPLEADO\":\"SANCHEZ\",\"NOMBRES DEL EMPLEADO\":\"JORGE\",\"RFC EMPLEADO_RAW\":\"VASJ-710527-6H7\",\"RFC_BASE\":\"VASJ710527\",\"NO. CURP EMPLEADO\":\"VASJ710527HDFZNR03\",\"ES ACTIVO_RAW\":\"ACTIVO\",\"ES ACTIVO\":1,\"FECHA INGRESO DEL EMPLEADO\":\"2019-03-25\",\"FECHA BAJA\":null,\"TIPO EMPLEADO ID_RAW\":\"2\",\"TIPO EMPLEADO\":\"INDETERMINADO\",\"DEPARTAMENTO ID_RAW\":\"5\",\"DEPARTAMENTO EMPLEADO\":\"ASEGURAMIENTO DE CALIDAD\",\"PUESTO DEL EMPLEADO ID_RAW\":\"35\",\"PUESTO DEL EMPLEADO\":\"COORDINADOR DE ASEGURAMIENTO DE CALIDAD\",\"IDENTIFICADOR CENTRO TRABAJO EMPLEADO_RAW\":\"1001\",\"CENTRO TRABAJO EMPLEADO\":\"FH LAGO ISEO 184\",\"JEFE INMEDIATO EMPLEADO\":\"MARIA FERNANDA CASTAÑEDA MOGUEL\",\"SALARIO DIARIO EMPLEADO\":4981.4700000000002546585164964199066162109375,\"SALARIO MENSUAL EMPLEADO\":149445.5}', 'update', 'OK', '2025-12-23 15:54:37');
INSERT INTO `nomina_import_detalle` VALUES (1022, 67, '2053', 'CAPA901227', '{\"NOMBRE DE EMPRESA\":\"FARMACEUTICA HISPANOAMERICANA S.A. DE C.V.\",\"NUMERO EMPLEADO\":\"2053\",\"APELLIDO PATERNO EMPLEADO\":\"CASTILLO\",\"APELLIDO MATERNO EMPLEADO\":\"PLATA\",\"NOMBRES DEL EMPLEADO\":\"ALEJANDRA IVONNE\",\"RFC EMPLEADO_RAW\":\"CAPA-901227-B11\",\"RFC_BASE\":\"CAPA901227\",\"NO. CURP EMPLEADO\":\"CAPA901227MDFSLL06\",\"ES ACTIVO_RAW\":\"ACTIVO\",\"ES ACTIVO\":1,\"FECHA INGRESO DEL EMPLEADO\":\"2014-10-31\",\"FECHA BAJA\":null,\"TIPO EMPLEADO ID_RAW\":\"2\",\"TIPO EMPLEADO\":\"INDETERMINADO\",\"DEPARTAMENTO ID_RAW\":\"19\",\"DEPARTAMENTO EMPLEADO\":\"MARKETING\",\"PUESTO DEL EMPLEADO ID_RAW\":\"74\",\"PUESTO DEL EMPLEADO\":\"GERENTE DE MARKETING\",\"IDENTIFICADOR CENTRO TRABAJO EMPLEADO_RAW\":\"1012\",\"CENTRO TRABAJO EMPLEADO\":\"FH SHAKESPEARE\",\"JEFE INMEDIATO EMPLEADO\":\"ALEJANDRA IVONNE CASTILLO PLATA\",\"SALARIO DIARIO EMPLEADO\":4981.4700000000002546585164964199066162109375,\"SALARIO MENSUAL EMPLEADO\":149445.51000000000931322574615478515625}', 'update', 'OK', '2025-12-23 15:54:38');
INSERT INTO `nomina_import_detalle` VALUES (1023, 67, '2055', 'OELD890504', '{\"NOMBRE DE EMPRESA\":\"FARMACEUTICA HISPANOAMERICANA S.A. DE C.V.\",\"NUMERO EMPLEADO\":\"2055\",\"APELLIDO PATERNO EMPLEADO\":\"OBREGON\",\"APELLIDO MATERNO EMPLEADO\":\"LUNA\",\"NOMBRES DEL EMPLEADO\":\"DIANA ESLI\",\"RFC EMPLEADO_RAW\":\"OELD-890504-77A\",\"RFC_BASE\":\"OELD890504\",\"NO. CURP EMPLEADO\":\"OELD890504MDFBNN08\",\"ES ACTIVO_RAW\":\"ACTIVO\",\"ES ACTIVO\":1,\"FECHA INGRESO DEL EMPLEADO\":\"2017-09-26\",\"FECHA BAJA\":null,\"TIPO EMPLEADO ID_RAW\":\"2\",\"TIPO EMPLEADO\":\"INDETERMINADO\",\"DEPARTAMENTO ID_RAW\":\"5\",\"DEPARTAMENTO EMPLEADO\":\"ASEGURAMIENTO DE CALIDAD\",\"PUESTO DEL EMPLEADO ID_RAW\":\"122\",\"PUESTO DEL EMPLEADO\":\"QUIMICO DE ASEGURAMIENTO DE CALIDAD\",\"IDENTIFICADOR CENTRO TRABAJO EMPLEADO_RAW\":\"1001\",\"CENTRO TRABAJO EMPLEADO\":\"FH LAGO ISEO 184\",\"JEFE INMEDIATO EMPLEADO\":\"MARIA FERNANDA CASTAÑEDA MOGUEL\",\"SALARIO DIARIO EMPLEADO\":4981.4700000000002546585164964199066162109375,\"SALARIO MENSUAL EMPLEADO\":149445.51000000000931322574615478515625}', 'update', 'OK', '2025-12-23 15:54:38');
INSERT INTO `nomina_import_detalle` VALUES (1024, 67, '2071', 'ZALL861025', '{\"NOMBRE DE EMPRESA\":\"FARMACEUTICA HISPANOAMERICANA S.A. DE C.V.\",\"NUMERO EMPLEADO\":\"2071\",\"APELLIDO PATERNO EMPLEADO\":\"ZAPATA\",\"APELLIDO MATERNO EMPLEADO\":\"LOPEZ\",\"NOMBRES DEL EMPLEADO\":\"LILIA\",\"RFC EMPLEADO_RAW\":\"ZALL-861025-1X8\",\"RFC_BASE\":\"ZALL861025\",\"NO. CURP EMPLEADO\":\"ZALL861025MMCPPL05\",\"ES ACTIVO_RAW\":\"ACTIVO\",\"ES ACTIVO\":1,\"FECHA INGRESO DEL EMPLEADO\":\"2024-07-08\",\"FECHA BAJA\":null,\"TIPO EMPLEADO ID_RAW\":\"2\",\"TIPO EMPLEADO\":\"INDETERMINADO\",\"DEPARTAMENTO ID_RAW\":\"6\",\"DEPARTAMENTO EMPLEADO\":\"ASUNTOS REGULATORIOS\",\"PUESTO DEL EMPLEADO ID_RAW\":\"201\",\"PUESTO DEL EMPLEADO\":\"ESPECIALISTA DE ASUNTOS REGULATORIOS LATAM\",\"IDENTIFICADOR CENTRO TRABAJO EMPLEADO_RAW\":\"1008\",\"CENTRO TRABAJO EMPLEADO\":\"FH CORPORATIVO DESP 701\",\"JEFE INMEDIATO EMPLEADO\":\"MIGUEL ANGEL NUÑEZ ALMANZA\",\"SALARIO DIARIO EMPLEADO\":4981.4700000000002546585164964199066162109375,\"SALARIO MENSUAL EMPLEADO\":149445.51000000000931322574615478515625}', 'update', 'OK', '2025-12-23 15:54:38');
INSERT INTO `nomina_import_detalle` VALUES (1025, 67, '2079', 'GAMA870618', '{\"NOMBRE DE EMPRESA\":\"FARMACEUTICA HISPANOAMERICANA S.A. DE C.V.\",\"NUMERO EMPLEADO\":\"2079\",\"APELLIDO PATERNO EMPLEADO\":\"GARCIA\",\"APELLIDO MATERNO EMPLEADO\":\"MORA\",\"NOMBRES DEL EMPLEADO\":\"ANGELICA\",\"RFC EMPLEADO_RAW\":\"GAMA-870618-NQ7\",\"RFC_BASE\":\"GAMA870618\",\"NO. CURP EMPLEADO\":\"GAMA870618MDFRNN01\",\"ES ACTIVO_RAW\":\"ACTIVO\",\"ES ACTIVO\":1,\"FECHA INGRESO DEL EMPLEADO\":\"2014-08-06\",\"FECHA BAJA\":null,\"TIPO EMPLEADO ID_RAW\":\"2\",\"TIPO EMPLEADO\":\"INDETERMINADO\",\"DEPARTAMENTO ID_RAW\":\"9\",\"DEPARTAMENTO EMPLEADO\":\"CONTABILIDAD\",\"PUESTO DEL EMPLEADO ID_RAW\":\"32\",\"PUESTO DEL EMPLEADO\":\"CONTADOR GENERAL\",\"IDENTIFICADOR CENTRO TRABAJO EMPLEADO_RAW\":\"1008\",\"CENTRO TRABAJO EMPLEADO\":\"FH CORPORATIVO DESP 701\",\"JEFE INMEDIATO EMPLEADO\":\"AGUSTIN MATA HERNANDEZ\",\"SALARIO DIARIO EMPLEADO\":4981.4700000000002546585164964199066162109375,\"SALARIO MENSUAL EMPLEADO\":149445.51000000000931322574615478515625}', 'update', 'OK', '2025-12-23 15:54:38');
INSERT INTO `nomina_import_detalle` VALUES (1026, 67, '2081', 'CESN860521', '{\"NOMBRE DE EMPRESA\":\"FARMACEUTICA HISPANOAMERICANA S.A. DE C.V.\",\"NUMERO EMPLEADO\":\"2081\",\"APELLIDO PATERNO EMPLEADO\":\"CEBALLOS\",\"APELLIDO MATERNO EMPLEADO\":\"SILVA\",\"NOMBRES DEL EMPLEADO\":\"MARIA NALLELY\",\"RFC EMPLEADO_RAW\":\"CESN-860521-LS8\",\"RFC_BASE\":\"CESN860521\",\"NO. CURP EMPLEADO\":\"CESN860521MDFBLL04\",\"ES ACTIVO_RAW\":\"ACTIVO\",\"ES ACTIVO\":1,\"FECHA INGRESO DEL EMPLEADO\":\"2020-06-17\",\"FECHA BAJA\":null,\"TIPO EMPLEADO ID_RAW\":\"2\",\"TIPO EMPLEADO\":\"INDETERMINADO\",\"DEPARTAMENTO ID_RAW\":\"10\",\"DEPARTAMENTO EMPLEADO\":\"CONTRALORIA GENERAL\",\"PUESTO DEL EMPLEADO ID_RAW\":\"27\",\"PUESTO DEL EMPLEADO\":\"AUXILIAR FISCAL\",\"IDENTIFICADOR CENTRO TRABAJO EMPLEADO_RAW\":\"1008\",\"CENTRO TRABAJO EMPLEADO\":\"FH CORPORATIVO DESP 701\",\"JEFE INMEDIATO EMPLEADO\":\"REBECA ITZEL PEREZ TECALCO\",\"SALARIO DIARIO EMPLEADO\":4981.4700000000002546585164964199066162109375,\"SALARIO MENSUAL EMPLEADO\":149445.51000000000931322574615478515625}', 'update', 'OK', '2025-12-23 15:54:38');
INSERT INTO `nomina_import_detalle` VALUES (1027, 67, '2083', 'GOGA930917', '{\"NOMBRE DE EMPRESA\":\"FARMACEUTICA HISPANOAMERICANA S.A. DE C.V.\",\"NUMERO EMPLEADO\":\"2083\",\"APELLIDO PATERNO EMPLEADO\":\"GOMEZ\",\"APELLIDO MATERNO EMPLEADO\":\"GUERRERO\",\"NOMBRES DEL EMPLEADO\":\"AXEL\",\"RFC EMPLEADO_RAW\":\"GOGA-930917-5X8\",\"RFC_BASE\":\"GOGA930917\",\"NO. CURP EMPLEADO\":\"GOGA930917HDFMRX03\",\"ES ACTIVO_RAW\":\"ACTIVO\",\"ES ACTIVO\":1,\"FECHA INGRESO DEL EMPLEADO\":\"2016-06-13\",\"FECHA BAJA\":null,\"TIPO EMPLEADO ID_RAW\":\"2\",\"TIPO EMPLEADO\":\"INDETERMINADO\",\"DEPARTAMENTO ID_RAW\":\"10\",\"DEPARTAMENTO EMPLEADO\":\"CONTRALORIA GENERAL\",\"PUESTO DEL EMPLEADO ID_RAW\":\"98\",\"PUESTO DEL EMPLEADO\":\"JEFE DE PRESUPUESTOS\",\"IDENTIFICADOR CENTRO TRABAJO EMPLEADO_RAW\":\"1008\",\"CENTRO TRABAJO EMPLEADO\":\"FH CORPORATIVO DESP 701\",\"JEFE INMEDIATO EMPLEADO\":\"AGUSTIN MATA HERNANDEZ\",\"SALARIO DIARIO EMPLEADO\":4981.4700000000002546585164964199066162109375,\"SALARIO MENSUAL EMPLEADO\":149445.51000000000931322574615478515625}', 'update', 'OK', '2025-12-23 15:54:38');
INSERT INTO `nomina_import_detalle` VALUES (1028, 67, '2094', 'AAOJ790623', '{\"NOMBRE DE EMPRESA\":\"FARMACEUTICA HISPANOAMERICANA S.A. DE C.V.\",\"NUMERO EMPLEADO\":\"2094\",\"APELLIDO PATERNO EMPLEADO\":\"ANDRACA\",\"APELLIDO MATERNO EMPLEADO\":\"OSORNIO\",\"NOMBRES DEL EMPLEADO\":\"JESSICA\",\"RFC EMPLEADO_RAW\":\"AAOJ-790623-FX2\",\"RFC_BASE\":\"AAOJ790623\",\"NO. CURP EMPLEADO\":\"AAOJ790623MDFNSS02\",\"ES ACTIVO_RAW\":\"ACTIVO\",\"ES ACTIVO\":1,\"FECHA INGRESO DEL EMPLEADO\":\"2020-12-02\",\"FECHA BAJA\":null,\"TIPO EMPLEADO ID_RAW\":\"2\",\"TIPO EMPLEADO\":\"INDETERMINADO\",\"DEPARTAMENTO ID_RAW\":\"11\",\"DEPARTAMENTO EMPLEADO\":\"CONTROL ANALITICO\",\"PUESTO DEL EMPLEADO ID_RAW\":\"121\",\"PUESTO DEL EMPLEADO\":\"QUIMICO ANALISTA FISICOQUIMICO\",\"IDENTIFICADOR CENTRO TRABAJO EMPLEADO_RAW\":\"1001\",\"CENTRO TRABAJO EMPLEADO\":\"FH LAGO ISEO 184\",\"JEFE INMEDIATO EMPLEADO\":\"SUSANA HARUMY AGUILAR ARIAS\",\"SALARIO DIARIO EMPLEADO\":4981.47999999999956344254314899444580078125,\"SALARIO MENSUAL EMPLEADO\":149445.51000000000931322574615478515625}', 'update', 'OK', '2025-12-23 15:54:38');
INSERT INTO `nomina_import_detalle` VALUES (1029, 67, '2096', 'BASF641120', '{\"NOMBRE DE EMPRESA\":\"FARMACEUTICA HISPANOAMERICANA S.A. DE C.V.\",\"NUMERO EMPLEADO\":\"2096\",\"APELLIDO PATERNO EMPLEADO\":\"BAENA\",\"APELLIDO MATERNO EMPLEADO\":\"SILVA\",\"NOMBRES DEL EMPLEADO\":\"FELISA\",\"RFC EMPLEADO_RAW\":\"BASF-641120-8Z9\",\"RFC_BASE\":\"BASF641120\",\"NO. CURP EMPLEADO\":\"BASF641120MDFNLL05\",\"ES ACTIVO_RAW\":\"ACTIVO\",\"ES ACTIVO\":1,\"FECHA INGRESO DEL EMPLEADO\":\"2011-09-01\",\"FECHA BAJA\":null,\"TIPO EMPLEADO ID_RAW\":\"2\",\"TIPO EMPLEADO\":\"INDETERMINADO\",\"DEPARTAMENTO ID_RAW\":\"12\",\"DEPARTAMENTO EMPLEADO\":\"CONTROL DE CALIDAD\",\"PUESTO DEL EMPLEADO ID_RAW\":\"91\",\"PUESTO DEL EMPLEADO\":\"JEFE DE CONTROL DE CALIDAD\",\"IDENTIFICADOR CENTRO TRABAJO EMPLEADO_RAW\":\"1001\",\"CENTRO TRABAJO EMPLEADO\":\"FH LAGO ISEO 184\",\"JEFE INMEDIATO EMPLEADO\":\"SERGIO RODRIGUEZ CAMPOS\",\"SALARIO DIARIO EMPLEADO\":4981.47999999999956344254314899444580078125,\"SALARIO MENSUAL EMPLEADO\":149445.51000000000931322574615478515625}', 'update', 'OK', '2025-12-23 15:54:39');
INSERT INTO `nomina_import_detalle` VALUES (1030, 67, '2098', 'CAAY870523', '{\"NOMBRE DE EMPRESA\":\"FARMACEUTICA HISPANOAMERICANA S.A. DE C.V.\",\"NUMERO EMPLEADO\":\"2098\",\"APELLIDO PATERNO EMPLEADO\":\"CALIFORNIA\",\"APELLIDO MATERNO EMPLEADO\":\"ACOSTA\",\"NOMBRES DEL EMPLEADO\":\"YANIN\",\"RFC EMPLEADO_RAW\":\"CAAY-870523-LD7\",\"RFC_BASE\":\"CAAY870523\",\"NO. CURP EMPLEADO\":\"CAAY870523MMCLCN00\",\"ES ACTIVO_RAW\":\"ACTIVO\",\"ES ACTIVO\":1,\"FECHA INGRESO DEL EMPLEADO\":\"2017-06-26\",\"FECHA BAJA\":null,\"TIPO EMPLEADO ID_RAW\":\"2\",\"TIPO EMPLEADO\":\"INDETERMINADO\",\"DEPARTAMENTO ID_RAW\":\"11\",\"DEPARTAMENTO EMPLEADO\":\"CONTROL ANALITICO\",\"PUESTO DEL EMPLEADO ID_RAW\":\"189\",\"PUESTO DEL EMPLEADO\":\"QUIMICO ANALISTA FISICOQUIMICO SENIOR\",\"IDENTIFICADOR CENTRO TRABAJO EMPLEADO_RAW\":\"1001\",\"CENTRO TRABAJO EMPLEADO\":\"FH LAGO ISEO 184\",\"JEFE INMEDIATO EMPLEADO\":\"SUSANA HARUMY AGUILAR ARIAS\",\"SALARIO DIARIO EMPLEADO\":4981.47999999999956344254314899444580078125,\"SALARIO MENSUAL EMPLEADO\":149445.51000000000931322574615478515625}', 'update', 'OK', '2025-12-23 15:54:39');
INSERT INTO `nomina_import_detalle` VALUES (1031, 67, '2101', 'NESS930224', '{\"NOMBRE DE EMPRESA\":\"FARMACEUTICA HISPANOAMERICANA S.A. DE C.V.\",\"NUMERO EMPLEADO\":\"2101\",\"APELLIDO PATERNO EMPLEADO\":\"NERI\",\"APELLIDO MATERNO EMPLEADO\":\"SANCHEZ\",\"NOMBRES DEL EMPLEADO\":\"SHINE MARIE\",\"RFC EMPLEADO_RAW\":\"NESS-930224-R81\",\"RFC_BASE\":\"NESS930224\",\"NO. CURP EMPLEADO\":\"NESS930224MDFRNH06\",\"ES ACTIVO_RAW\":\"ACTIVO\",\"ES ACTIVO\":1,\"FECHA INGRESO DEL EMPLEADO\":\"2020-08-05\",\"FECHA BAJA\":null,\"TIPO EMPLEADO ID_RAW\":\"2\",\"TIPO EMPLEADO\":\"INDETERMINADO\",\"DEPARTAMENTO ID_RAW\":\"5\",\"DEPARTAMENTO EMPLEADO\":\"ASEGURAMIENTO DE CALIDAD\",\"PUESTO DEL EMPLEADO ID_RAW\":\"132\",\"PUESTO DEL EMPLEADO\":\"QUIMICO DE SISTEMAS DE CALIDAD\",\"IDENTIFICADOR CENTRO TRABAJO EMPLEADO_RAW\":\"1001\",\"CENTRO TRABAJO EMPLEADO\":\"FH LAGO ISEO 184\",\"JEFE INMEDIATO EMPLEADO\":\"MARIA FERNANDA CASTAÑEDA MOGUEL\",\"SALARIO DIARIO EMPLEADO\":4981.47999999999956344254314899444580078125,\"SALARIO MENSUAL EMPLEADO\":149445.51000000000931322574615478515625}', 'update', 'OK', '2025-12-23 15:54:39');
INSERT INTO `nomina_import_detalle` VALUES (1032, 67, '2102', 'AUAS940319', '{\"NOMBRE DE EMPRESA\":\"FARMACEUTICA HISPANOAMERICANA S.A. DE C.V.\",\"NUMERO EMPLEADO\":\"2102\",\"APELLIDO PATERNO EMPLEADO\":\"AGUILAR\",\"APELLIDO MATERNO EMPLEADO\":\"ARIAS\",\"NOMBRES DEL EMPLEADO\":\"SUSANA HARUMY\",\"RFC EMPLEADO_RAW\":\"AUAS-940319-AC5\",\"RFC_BASE\":\"AUAS940319\",\"NO. CURP EMPLEADO\":\"AUAS940319MDFGRS00\",\"ES ACTIVO_RAW\":\"ACTIVO\",\"ES ACTIVO\":1,\"FECHA INGRESO DEL EMPLEADO\":\"2018-02-13\",\"FECHA BAJA\":null,\"TIPO EMPLEADO ID_RAW\":\"2\",\"TIPO EMPLEADO\":\"INDETERMINADO\",\"DEPARTAMENTO ID_RAW\":\"11\",\"DEPARTAMENTO EMPLEADO\":\"CONTROL ANALITICO\",\"PUESTO DEL EMPLEADO ID_RAW\":\"217\",\"PUESTO DEL EMPLEADO\":\"JEFE DE CONTROL ANALITICO\",\"IDENTIFICADOR CENTRO TRABAJO EMPLEADO_RAW\":\"1001\",\"CENTRO TRABAJO EMPLEADO\":\"FH LAGO ISEO 184\",\"JEFE INMEDIATO EMPLEADO\":\"SERGIO RODRIGUEZ CAMPOS\",\"SALARIO DIARIO EMPLEADO\":4981.47999999999956344254314899444580078125,\"SALARIO MENSUAL EMPLEADO\":149445.51999999998952262103557586669921875}', 'update', 'OK', '2025-12-23 15:54:39');
INSERT INTO `nomina_import_detalle` VALUES (1033, 67, '2114', 'VAHS870928', '{\"NOMBRE DE EMPRESA\":\"FARMACEUTICA HISPANOAMERICANA S.A. DE C.V.\",\"NUMERO EMPLEADO\":\"2114\",\"APELLIDO PATERNO EMPLEADO\":\"VALERO\",\"APELLIDO MATERNO EMPLEADO\":\"HERNANDEZ\",\"NOMBRES DEL EMPLEADO\":\"SANDRA STEPHANY\",\"RFC EMPLEADO_RAW\":\"VAHS-870928-DU4\",\"RFC_BASE\":\"VAHS870928\",\"NO. CURP EMPLEADO\":\"VAHS870928MMCLRN05\",\"ES ACTIVO_RAW\":\"ACTIVO\",\"ES ACTIVO\":1,\"FECHA INGRESO DEL EMPLEADO\":\"2019-02-18\",\"FECHA BAJA\":null,\"TIPO EMPLEADO ID_RAW\":\"2\",\"TIPO EMPLEADO\":\"INDETERMINADO\",\"DEPARTAMENTO ID_RAW\":\"13\",\"DEPARTAMENTO EMPLEADO\":\"DESARROLLO\",\"PUESTO DEL EMPLEADO ID_RAW\":\"177\",\"PUESTO DEL EMPLEADO\":\"COORDINADOR DE TRANSFERENCIAS\",\"IDENTIFICADOR CENTRO TRABAJO EMPLEADO_RAW\":\"1004\",\"CENTRO TRABAJO EMPLEADO\":\"FH CANTABRICO\",\"JEFE INMEDIATO EMPLEADO\":\"ALEJANDRA MONTES LUNA\",\"SALARIO DIARIO EMPLEADO\":4981.47999999999956344254314899444580078125,\"SALARIO MENSUAL EMPLEADO\":149445.51999999998952262103557586669921875}', 'update', 'OK', '2025-12-23 15:54:39');
INSERT INTO `nomina_import_detalle` VALUES (1034, 67, '2121', 'AIGL930802', '{\"NOMBRE DE EMPRESA\":\"FARMACEUTICA HISPANOAMERICANA S.A. DE C.V.\",\"NUMERO EMPLEADO\":\"2121\",\"APELLIDO PATERNO EMPLEADO\":\"AVILES\",\"APELLIDO MATERNO EMPLEADO\":\"GARCIA\",\"NOMBRES DEL EMPLEADO\":\"LUIS ALBERTO\",\"RFC EMPLEADO_RAW\":\"AIGL-930802-1Z0\",\"RFC_BASE\":\"AIGL930802\",\"NO. CURP EMPLEADO\":\"AIGL930802HMCVRS01\",\"ES ACTIVO_RAW\":\"ACTIVO\",\"ES ACTIVO\":1,\"FECHA INGRESO DEL EMPLEADO\":\"2016-04-04\",\"FECHA BAJA\":null,\"TIPO EMPLEADO ID_RAW\":\"2\",\"TIPO EMPLEADO\":\"INDETERMINADO\",\"DEPARTAMENTO ID_RAW\":\"12\",\"DEPARTAMENTO EMPLEADO\":\"CONTROL DE CALIDAD\",\"PUESTO DEL EMPLEADO ID_RAW\":\"23\",\"PUESTO DEL EMPLEADO\":\"AUXILIAR DE LABORATORIO\",\"IDENTIFICADOR CENTRO TRABAJO EMPLEADO_RAW\":\"1004\",\"CENTRO TRABAJO EMPLEADO\":\"FH CANTABRICO\",\"JEFE INMEDIATO EMPLEADO\":\"SUSANA HARUMY AGUILAR ARIAS\",\"SALARIO DIARIO EMPLEADO\":4981.47999999999956344254314899444580078125,\"SALARIO MENSUAL EMPLEADO\":149445.51999999998952262103557586669921875}', 'update', 'OK', '2025-12-23 15:54:39');
INSERT INTO `nomina_import_detalle` VALUES (1035, 67, '2124', 'GUOM720405', '{\"NOMBRE DE EMPRESA\":\"FARMACEUTICA HISPANOAMERICANA S.A. DE C.V.\",\"NUMERO EMPLEADO\":\"2124\",\"APELLIDO PATERNO EMPLEADO\":\"GUEVARA\",\"APELLIDO MATERNO EMPLEADO\":\"OCEGUERA\",\"NOMBRES DEL EMPLEADO\":\"MIRIAM\",\"RFC EMPLEADO_RAW\":\"GUOM-720405-3M3\",\"RFC_BASE\":\"GUOM720405\",\"NO. CURP EMPLEADO\":\"GUOM720405MDFVCR03\",\"ES ACTIVO_RAW\":\"ACTIVO\",\"ES ACTIVO\":1,\"FECHA INGRESO DEL EMPLEADO\":\"2014-07-07\",\"FECHA BAJA\":null,\"TIPO EMPLEADO ID_RAW\":\"2\",\"TIPO EMPLEADO\":\"INDETERMINADO\",\"DEPARTAMENTO ID_RAW\":\"15\",\"DEPARTAMENTO EMPLEADO\":\"DIRECCION DE NUEVOS NEGOCIOS\",\"PUESTO DEL EMPLEADO ID_RAW\":\"1\",\"PUESTO DEL EMPLEADO\":\"ADMINISTRACION DE NUEVOS NEGOCIOS Y DIRECCION GENERAL\",\"IDENTIFICADOR CENTRO TRABAJO EMPLEADO_RAW\":\"1008\",\"CENTRO TRABAJO EMPLEADO\":\"FH CORPORATIVO DESP 701\",\"JEFE INMEDIATO EMPLEADO\":\"LORENA ADRIANA LOZANO PEREZ\",\"SALARIO DIARIO EMPLEADO\":4981.47999999999956344254314899444580078125,\"SALARIO MENSUAL EMPLEADO\":149445.51999999998952262103557586669921875}', 'update', 'OK', '2025-12-23 15:54:39');
INSERT INTO `nomina_import_detalle` VALUES (1036, 67, '2131', 'RAMA720114', '{\"NOMBRE DE EMPRESA\":\"FARMACEUTICA HISPANOAMERICANA S.A. DE C.V.\",\"NUMERO EMPLEADO\":\"2131\",\"APELLIDO PATERNO EMPLEADO\":\"RAMIREZ\",\"APELLIDO MATERNO EMPLEADO\":\"MARTINEZ\",\"NOMBRES DEL EMPLEADO\":\"ANDRES ROGELIO\",\"RFC EMPLEADO_RAW\":\"RAMA-720114-DN6\",\"RFC_BASE\":\"RAMA720114\",\"NO. CURP EMPLEADO\":\"RAMA720114HOCMRN09\",\"ES ACTIVO_RAW\":\"ACTIVO\",\"ES ACTIVO\":1,\"FECHA INGRESO DEL EMPLEADO\":\"2018-03-05\",\"FECHA BAJA\":null,\"TIPO EMPLEADO ID_RAW\":\"2\",\"TIPO EMPLEADO\":\"INDETERMINADO\",\"DEPARTAMENTO ID_RAW\":\"18\",\"DEPARTAMENTO EMPLEADO\":\"INGENIERIA Y MANTENIMIENTO\",\"PUESTO DEL EMPLEADO ID_RAW\":\"73\",\"PUESTO DEL EMPLEADO\":\"GERENTE DE INGENIERIA Y MANTENIMIENTO\",\"IDENTIFICADOR CENTRO TRABAJO EMPLEADO_RAW\":\"1001\",\"CENTRO TRABAJO EMPLEADO\":\"FH LAGO ISEO 184\",\"JEFE INMEDIATO EMPLEADO\":\"ANGEL ALBARRAN MARTINEZ\",\"SALARIO DIARIO EMPLEADO\":4981.47999999999956344254314899444580078125,\"SALARIO MENSUAL EMPLEADO\":149445.51999999998952262103557586669921875}', 'update', 'OK', '2025-12-23 15:54:39');
INSERT INTO `nomina_import_detalle` VALUES (1037, 67, '2134', 'CARA900628', '{\"NOMBRE DE EMPRESA\":\"FARMACEUTICA HISPANOAMERICANA S.A. DE C.V.\",\"NUMERO EMPLEADO\":\"2134\",\"APELLIDO PATERNO EMPLEADO\":\"CABALLERO\",\"APELLIDO MATERNO EMPLEADO\":\"ROMO\",\"NOMBRES DEL EMPLEADO\":\"ALAN ENRIQUE\",\"RFC EMPLEADO_RAW\":\"CARA-900628-CF4\",\"RFC_BASE\":\"CARA900628\",\"NO. CURP EMPLEADO\":\"CARA900628HDFBML09\",\"ES ACTIVO_RAW\":\"ACTIVO\",\"ES ACTIVO\":1,\"FECHA INGRESO DEL EMPLEADO\":\"2018-11-26\",\"FECHA BAJA\":null,\"TIPO EMPLEADO ID_RAW\":\"2\",\"TIPO EMPLEADO\":\"INDETERMINADO\",\"DEPARTAMENTO ID_RAW\":\"18\",\"DEPARTAMENTO EMPLEADO\":\"INGENIERIA Y MANTENIMIENTO\",\"PUESTO DEL EMPLEADO ID_RAW\":\"95\",\"PUESTO DEL EMPLEADO\":\"JEFE DE MANTENIMIENTO\",\"IDENTIFICADOR CENTRO TRABAJO EMPLEADO_RAW\":\"1001\",\"CENTRO TRABAJO EMPLEADO\":\"FH LAGO ISEO 184\",\"JEFE INMEDIATO EMPLEADO\":\"ANDRES ROGELIO RAMIREZ MARTINEZ\",\"SALARIO DIARIO EMPLEADO\":4981.47999999999956344254314899444580078125,\"SALARIO MENSUAL EMPLEADO\":149445.51999999998952262103557586669921875}', 'update', 'OK', '2025-12-23 15:54:39');
INSERT INTO `nomina_import_detalle` VALUES (1038, 67, '2136', 'GOMH610919', '{\"NOMBRE DE EMPRESA\":\"FARMACEUTICA HISPANOAMERICANA S.A. DE C.V.\",\"NUMERO EMPLEADO\":\"2136\",\"APELLIDO PATERNO EMPLEADO\":\"GONZALEZ\",\"APELLIDO MATERNO EMPLEADO\":\"MORA\",\"NOMBRES DEL EMPLEADO\":\"HECTOR\",\"RFC EMPLEADO_RAW\":\"GOMH-610919-1C7\",\"RFC_BASE\":\"GOMH610919\",\"NO. CURP EMPLEADO\":\"GOMH610919HTSNRC00\",\"ES ACTIVO_RAW\":\"ACTIVO\",\"ES ACTIVO\":1,\"FECHA INGRESO DEL EMPLEADO\":\"2018-04-17\",\"FECHA BAJA\":null,\"TIPO EMPLEADO ID_RAW\":\"2\",\"TIPO EMPLEADO\":\"INDETERMINADO\",\"DEPARTAMENTO ID_RAW\":\"18\",\"DEPARTAMENTO EMPLEADO\":\"INGENIERIA Y MANTENIMIENTO\",\"PUESTO DEL EMPLEADO ID_RAW\":\"159\",\"PUESTO DEL EMPLEADO\":\"TECNICO ESPECIALIZADO\",\"IDENTIFICADOR CENTRO TRABAJO EMPLEADO_RAW\":\"1001\",\"CENTRO TRABAJO EMPLEADO\":\"FH LAGO ISEO 184\",\"JEFE INMEDIATO EMPLEADO\":\"ALAN ENRIQUE CABALLERO ROMO\",\"SALARIO DIARIO EMPLEADO\":4981.489999999999781721271574497222900390625,\"SALARIO MENSUAL EMPLEADO\":149445.51999999998952262103557586669921875}', 'update', 'OK', '2025-12-23 15:54:40');
INSERT INTO `nomina_import_detalle` VALUES (1039, 67, '2164', 'MOOD910518', '{\"NOMBRE DE EMPRESA\":\"FARMACEUTICA HISPANOAMERICANA S.A. DE C.V.\",\"NUMERO EMPLEADO\":\"2164\",\"APELLIDO PATERNO EMPLEADO\":\"MOTA\",\"APELLIDO MATERNO EMPLEADO\":\"OCHOA\",\"NOMBRES DEL EMPLEADO\":\"DIANA CAROLINA\",\"RFC EMPLEADO_RAW\":\"MOOD-910518-H95\",\"RFC_BASE\":\"MOOD910518\",\"NO. CURP EMPLEADO\":\"MOOD910518MDFTCN04\",\"ES ACTIVO_RAW\":\"ACTIVO\",\"ES ACTIVO\":1,\"FECHA INGRESO DEL EMPLEADO\":\"2017-10-30\",\"FECHA BAJA\":null,\"TIPO EMPLEADO ID_RAW\":\"2\",\"TIPO EMPLEADO\":\"INDETERMINADO\",\"DEPARTAMENTO ID_RAW\":\"24\",\"DEPARTAMENTO EMPLEADO\":\"PRODUCCION FARMA\",\"PUESTO DEL EMPLEADO ID_RAW\":\"234\",\"PUESTO DEL EMPLEADO\":\"OPERADOR D\",\"IDENTIFICADOR CENTRO TRABAJO EMPLEADO_RAW\":\"1002\",\"CENTRO TRABAJO EMPLEADO\":\"FH LAGO ISEO 186\",\"JEFE INMEDIATO EMPLEADO\":\"ANA ITZEL CORDOVA MARTINEZ\",\"SALARIO DIARIO EMPLEADO\":4981.489999999999781721271574497222900390625,\"SALARIO MENSUAL EMPLEADO\":149445.51999999998952262103557586669921875}', 'update', 'OK', '2025-12-23 15:54:40');
INSERT INTO `nomina_import_detalle` VALUES (1040, 67, '2165', 'HEMR631116', '{\"NOMBRE DE EMPRESA\":\"FARMACEUTICA HISPANOAMERICANA S.A. DE C.V.\",\"NUMERO EMPLEADO\":\"2165\",\"APELLIDO PATERNO EMPLEADO\":\"HERNANDEZ\",\"APELLIDO MATERNO EMPLEADO\":\"MARTINEZ\",\"NOMBRES DEL EMPLEADO\":\"RAYMUNDO PEDRO\",\"RFC EMPLEADO_RAW\":\"HEMR-631116-PM2\",\"RFC_BASE\":\"HEMR631116\",\"NO. CURP EMPLEADO\":\"HEMR631116HDFRRY00\",\"ES ACTIVO_RAW\":\"ACTIVO\",\"ES ACTIVO\":1,\"FECHA INGRESO DEL EMPLEADO\":\"2015-11-04\",\"FECHA BAJA\":null,\"TIPO EMPLEADO ID_RAW\":\"2\",\"TIPO EMPLEADO\":\"INDETERMINADO\",\"DEPARTAMENTO ID_RAW\":\"24\",\"DEPARTAMENTO EMPLEADO\":\"PRODUCCION FARMA\",\"PUESTO DEL EMPLEADO ID_RAW\":\"234\",\"PUESTO DEL EMPLEADO\":\"OPERADOR D\",\"IDENTIFICADOR CENTRO TRABAJO EMPLEADO_RAW\":\"1002\",\"CENTRO TRABAJO EMPLEADO\":\"FH LAGO ISEO 186\",\"JEFE INMEDIATO EMPLEADO\":\"ANA ITZEL CORDOVA MARTINEZ\",\"SALARIO DIARIO EMPLEADO\":4981.489999999999781721271574497222900390625,\"SALARIO MENSUAL EMPLEADO\":149445.51999999998952262103557586669921875}', 'update', 'OK', '2025-12-23 15:54:40');
INSERT INTO `nomina_import_detalle` VALUES (1041, 67, '2167', 'TERI790101', '{\"NOMBRE DE EMPRESA\":\"FARMACEUTICA HISPANOAMERICANA S.A. DE C.V.\",\"NUMERO EMPLEADO\":\"2167\",\"APELLIDO PATERNO EMPLEADO\":\"TREJO\",\"APELLIDO MATERNO EMPLEADO\":\"RAZO\",\"NOMBRES DEL EMPLEADO\":\"IVAN\",\"RFC EMPLEADO_RAW\":\"TERI-790101-QN2\",\"RFC_BASE\":\"TERI790101\",\"NO. CURP EMPLEADO\":\"TERI790101HDFRZV02\",\"ES ACTIVO_RAW\":\"ACTIVO\",\"ES ACTIVO\":1,\"FECHA INGRESO DEL EMPLEADO\":\"2016-08-09\",\"FECHA BAJA\":null,\"TIPO EMPLEADO ID_RAW\":\"2\",\"TIPO EMPLEADO\":\"INDETERMINADO\",\"DEPARTAMENTO ID_RAW\":\"24\",\"DEPARTAMENTO EMPLEADO\":\"PRODUCCION FARMA\",\"PUESTO DEL EMPLEADO ID_RAW\":\"235\",\"PUESTO DEL EMPLEADO\":\"OPERADOR E\",\"IDENTIFICADOR CENTRO TRABAJO EMPLEADO_RAW\":\"1002\",\"CENTRO TRABAJO EMPLEADO\":\"FH LAGO ISEO 186\",\"JEFE INMEDIATO EMPLEADO\":\"ANA ITZEL CORDOVA MARTINEZ\",\"SALARIO DIARIO EMPLEADO\":4981.489999999999781721271574497222900390625,\"SALARIO MENSUAL EMPLEADO\":149445.51999999998952262103557586669921875}', 'update', 'OK', '2025-12-23 15:54:40');
INSERT INTO `nomina_import_detalle` VALUES (1042, 67, '2169', 'CAMC730716', '{\"NOMBRE DE EMPRESA\":\"FARMACEUTICA HISPANOAMERICANA S.A. DE C.V.\",\"NUMERO EMPLEADO\":\"2169\",\"APELLIDO PATERNO EMPLEADO\":\"CARRETERO\",\"APELLIDO MATERNO EMPLEADO\":\"MEJIA\",\"NOMBRES DEL EMPLEADO\":\"JOSE CARMELO\",\"RFC EMPLEADO_RAW\":\"CAMC-730716-C98\",\"RFC_BASE\":\"CAMC730716\",\"NO. CURP EMPLEADO\":\"CAMC730716HDFRJR07\",\"ES ACTIVO_RAW\":\"ACTIVO\",\"ES ACTIVO\":1,\"FECHA INGRESO DEL EMPLEADO\":\"2017-07-05\",\"FECHA BAJA\":null,\"TIPO EMPLEADO ID_RAW\":\"2\",\"TIPO EMPLEADO\":\"INDETERMINADO\",\"DEPARTAMENTO ID_RAW\":\"24\",\"DEPARTAMENTO EMPLEADO\":\"PRODUCCION FARMA\",\"PUESTO DEL EMPLEADO ID_RAW\":\"233\",\"PUESTO DEL EMPLEADO\":\"OPERADOR C\",\"IDENTIFICADOR CENTRO TRABAJO EMPLEADO_RAW\":\"1002\",\"CENTRO TRABAJO EMPLEADO\":\"FH LAGO ISEO 186\",\"JEFE INMEDIATO EMPLEADO\":\"ANA ITZEL CORDOVA MARTINEZ\",\"SALARIO DIARIO EMPLEADO\":4981.489999999999781721271574497222900390625,\"SALARIO MENSUAL EMPLEADO\":149445.52999999999883584678173065185546875}', 'update', 'OK', '2025-12-23 15:54:40');
INSERT INTO `nomina_import_detalle` VALUES (1043, 67, '2171', 'GOZB820715', '{\"NOMBRE DE EMPRESA\":\"FARMACEUTICA HISPANOAMERICANA S.A. DE C.V.\",\"NUMERO EMPLEADO\":\"2171\",\"APELLIDO PATERNO EMPLEADO\":\"GONZALEZ\",\"APELLIDO MATERNO EMPLEADO\":\"ZUÑIGA\",\"NOMBRES DEL EMPLEADO\":\"BRENDA SELENE\",\"RFC EMPLEADO_RAW\":\"GOZB-820715-3Q0\",\"RFC_BASE\":\"GOZB820715\",\"NO. CURP EMPLEADO\":\"GOZB820715MDFNXR04\",\"ES ACTIVO_RAW\":\"ACTIVO\",\"ES ACTIVO\":1,\"FECHA INGRESO DEL EMPLEADO\":\"2017-09-25\",\"FECHA BAJA\":null,\"TIPO EMPLEADO ID_RAW\":\"2\",\"TIPO EMPLEADO\":\"INDETERMINADO\",\"DEPARTAMENTO ID_RAW\":\"24\",\"DEPARTAMENTO EMPLEADO\":\"PRODUCCION FARMA\",\"PUESTO DEL EMPLEADO ID_RAW\":\"232\",\"PUESTO DEL EMPLEADO\":\"OPERADOR B\",\"IDENTIFICADOR CENTRO TRABAJO EMPLEADO_RAW\":\"1002\",\"CENTRO TRABAJO EMPLEADO\":\"FH LAGO ISEO 186\",\"JEFE INMEDIATO EMPLEADO\":\"ANA ITZEL CORDOVA MARTINEZ\",\"SALARIO DIARIO EMPLEADO\":4981.489999999999781721271574497222900390625,\"SALARIO MENSUAL EMPLEADO\":149445.52999999999883584678173065185546875}', 'update', 'OK', '2025-12-23 15:54:40');
INSERT INTO `nomina_import_detalle` VALUES (1044, 67, '2533', 'PASF601209', '{\"NOMBRE DE EMPRESA\":\"HISPANAT S.A. DE C.V.\",\"NUMERO EMPLEADO\":\"2533\",\"APELLIDO PATERNO EMPLEADO\":\"PABLO\",\"APELLIDO MATERNO EMPLEADO\":\"SANTIAGO\",\"NOMBRES DEL EMPLEADO\":\"FLORENTINO\",\"RFC EMPLEADO_RAW\":\"PASF-601209-750\",\"RFC_BASE\":\"PASF601209\",\"NO. CURP EMPLEADO\":\"PASF601209HOCBNL01\",\"ES ACTIVO_RAW\":\"ACTIVO\",\"ES ACTIVO\":1,\"FECHA INGRESO DEL EMPLEADO\":\"2024-06-01\",\"FECHA BAJA\":null,\"TIPO EMPLEADO ID_RAW\":\"4\",\"TIPO EMPLEADO\":\"ASIMILADOS\",\"DEPARTAMENTO ID_RAW\":\"34\",\"DEPARTAMENTO EMPLEADO\":\"ASIMILADOS\",\"PUESTO DEL EMPLEADO ID_RAW\":\"ASIM\",\"PUESTO DEL EMPLEADO\":\"ASIMILADOS\",\"IDENTIFICADOR CENTRO TRABAJO EMPLEADO_RAW\":\"9999\",\"CENTRO TRABAJO EMPLEADO\":\"ASIMILADOS\",\"JEFE INMEDIATO EMPLEADO\":\"\",\"SALARIO DIARIO EMPLEADO\":4981.9499999999998181010596454143524169921875,\"SALARIO MENSUAL EMPLEADO\":149445.98000000001047737896442413330078125}', 'update', 'OK', '2025-12-23 15:54:40');
INSERT INTO `nomina_import_detalle` VALUES (1045, 67, '2541', 'EOGA010828', '{\"NOMBRE DE EMPRESA\":\"HISPANAT S.A. DE C.V.\",\"NUMERO EMPLEADO\":\"2541\",\"APELLIDO PATERNO EMPLEADO\":\"ESCOBAR\",\"APELLIDO MATERNO EMPLEADO\":\"GUERRERO\",\"NOMBRES DEL EMPLEADO\":\"ARTURO IVAN\",\"RFC EMPLEADO_RAW\":\"EOGA-010828-L64\",\"RFC_BASE\":\"EOGA010828\",\"NO. CURP EMPLEADO\":\"EOGA010828HGRSRRA7\",\"ES ACTIVO_RAW\":\"ACTIVO\",\"ES ACTIVO\":1,\"FECHA INGRESO DEL EMPLEADO\":\"2025-03-03\",\"FECHA BAJA\":null,\"TIPO EMPLEADO ID_RAW\":\"4\",\"TIPO EMPLEADO\":\"ASIMILADOS\",\"DEPARTAMENTO ID_RAW\":\"ASIM\",\"DEPARTAMENTO EMPLEADO\":\"ASIMILADOS\",\"PUESTO DEL EMPLEADO ID_RAW\":\"ASIM\",\"PUESTO DEL EMPLEADO\":\"ASIMILADOS\",\"IDENTIFICADOR CENTRO TRABAJO EMPLEADO_RAW\":\"9999\",\"CENTRO TRABAJO EMPLEADO\":\"ASIMILADOS\",\"JEFE INMEDIATO EMPLEADO\":\"\",\"SALARIO DIARIO EMPLEADO\":4981.9499999999998181010596454143524169921875,\"SALARIO MENSUAL EMPLEADO\":149445.98000000001047737896442413330078125}', 'update', 'OK', '2025-12-23 15:54:40');
INSERT INTO `nomina_import_detalle` VALUES (1046, 67, '2543', 'LOHG050214', '{\"NOMBRE DE EMPRESA\":\"HISPANAT S.A. DE C.V.\",\"NUMERO EMPLEADO\":\"2543\",\"APELLIDO PATERNO EMPLEADO\":\"LOPEZ\",\"APELLIDO MATERNO EMPLEADO\":\"HERNANDEZ\",\"NOMBRES DEL EMPLEADO\":\"GEOVANNI ALEXANDER\",\"RFC EMPLEADO_RAW\":\"LOHG-050214-6CA\",\"RFC_BASE\":\"LOHG050214\",\"NO. CURP EMPLEADO\":\"LOHG050214HMCPRVA2\",\"ES ACTIVO_RAW\":\"ACTIVO\",\"ES ACTIVO\":1,\"FECHA INGRESO DEL EMPLEADO\":\"2025-04-14\",\"FECHA BAJA\":null,\"TIPO EMPLEADO ID_RAW\":\"4\",\"TIPO EMPLEADO\":\"ASIMILADOS\",\"DEPARTAMENTO ID_RAW\":\"ASIM\",\"DEPARTAMENTO EMPLEADO\":\"ASIMILADOS\",\"PUESTO DEL EMPLEADO ID_RAW\":\"ASIM\",\"PUESTO DEL EMPLEADO\":\"ASIMILADOS\",\"IDENTIFICADOR CENTRO TRABAJO EMPLEADO_RAW\":\"9999\",\"CENTRO TRABAJO EMPLEADO\":\"ASIMILADOS\",\"JEFE INMEDIATO EMPLEADO\":\"\",\"SALARIO DIARIO EMPLEADO\":4981.9499999999998181010596454143524169921875,\"SALARIO MENSUAL EMPLEADO\":149445.98000000001047737896442413330078125}', 'update', 'OK', '2025-12-23 15:54:41');
INSERT INTO `nomina_import_detalle` VALUES (1047, 67, '2544', 'RIJA021118', '{\"NOMBRE DE EMPRESA\":\"HISPANAT S.A. DE C.V.\",\"NUMERO EMPLEADO\":\"2544\",\"APELLIDO PATERNO EMPLEADO\":\"RIVERA\",\"APELLIDO MATERNO EMPLEADO\":\"JIMENEZ\",\"NOMBRES DEL EMPLEADO\":\"ALAN ALFONSO\",\"RFC EMPLEADO_RAW\":\"RIJA-021118-GD5\",\"RFC_BASE\":\"RIJA021118\",\"NO. CURP EMPLEADO\":\"RIJA021118HMCVMLA2\",\"ES ACTIVO_RAW\":\"ACTIVO\",\"ES ACTIVO\":1,\"FECHA INGRESO DEL EMPLEADO\":\"2025-05-28\",\"FECHA BAJA\":null,\"TIPO EMPLEADO ID_RAW\":\"4\",\"TIPO EMPLEADO\":\"ASIMILADOS\",\"DEPARTAMENTO ID_RAW\":\"ASIM\",\"DEPARTAMENTO EMPLEADO\":\"ASIMILADOS\",\"PUESTO DEL EMPLEADO ID_RAW\":\"ASIM\",\"PUESTO DEL EMPLEADO\":\"ASIMILADOS\",\"IDENTIFICADOR CENTRO TRABAJO EMPLEADO_RAW\":\"9999\",\"CENTRO TRABAJO EMPLEADO\":\"ASIMILADOS\",\"JEFE INMEDIATO EMPLEADO\":\"\",\"SALARIO DIARIO EMPLEADO\":4981.9499999999998181010596454143524169921875,\"SALARIO MENSUAL EMPLEADO\":149445.98999999999068677425384521484375}', 'update', 'OK', '2025-12-23 15:54:41');
INSERT INTO `nomina_import_detalle` VALUES (1048, 67, '2545', 'GAMA010301', '{\"NOMBRE DE EMPRESA\":\"HISPANAT S.A. DE C.V.\",\"NUMERO EMPLEADO\":\"2545\",\"APELLIDO PATERNO EMPLEADO\":\"GARCIA\",\"APELLIDO MATERNO EMPLEADO\":\"MARTINEZ\",\"NOMBRES DEL EMPLEADO\":\"ALEXIS YAIR\",\"RFC EMPLEADO_RAW\":\"GAMA-010301-4T9\",\"RFC_BASE\":\"GAMA010301\",\"NO. CURP EMPLEADO\":\"GAMA010301HMCRRLA8\",\"ES ACTIVO_RAW\":\"ACTIVO\",\"ES ACTIVO\":1,\"FECHA INGRESO DEL EMPLEADO\":\"2025-05-28\",\"FECHA BAJA\":null,\"TIPO EMPLEADO ID_RAW\":\"4\",\"TIPO EMPLEADO\":\"ASIMILADOS\",\"DEPARTAMENTO ID_RAW\":\"ASIM\",\"DEPARTAMENTO EMPLEADO\":\"ASIMILADOS\",\"PUESTO DEL EMPLEADO ID_RAW\":\"ASIM\",\"PUESTO DEL EMPLEADO\":\"ASIMILADOS\",\"IDENTIFICADOR CENTRO TRABAJO EMPLEADO_RAW\":\"9999\",\"CENTRO TRABAJO EMPLEADO\":\"ASIMILADOS\",\"JEFE INMEDIATO EMPLEADO\":\"\",\"SALARIO DIARIO EMPLEADO\":4981.9499999999998181010596454143524169921875,\"SALARIO MENSUAL EMPLEADO\":149445.98999999999068677425384521484375}', 'update', 'OK', '2025-12-23 15:54:41');
INSERT INTO `nomina_import_detalle` VALUES (1049, 67, '9012', 'OAAE000930', '{\"NOMBRE DE EMPRESA\":\"HISPANAT S.A. DE C.V.\",\"NUMERO EMPLEADO\":\"9012\",\"APELLIDO PATERNO EMPLEADO\":\"OCAMPO\",\"APELLIDO MATERNO EMPLEADO\":\"ALONSO\",\"NOMBRES DEL EMPLEADO\":\"EVELIN JHOANNA\",\"RFC EMPLEADO_RAW\":\"OAAE-000930-7L9\",\"RFC_BASE\":\"OAAE000930\",\"NO. CURP EMPLEADO\":\"OAAE000930MMCCLVA9\",\"ES ACTIVO_RAW\":\"ACTIVO\",\"ES ACTIVO\":1,\"FECHA INGRESO DEL EMPLEADO\":\"2025-07-09\",\"FECHA BAJA\":null,\"TIPO EMPLEADO ID_RAW\":\"4\",\"TIPO EMPLEADO\":\"ASIMILADOS\",\"DEPARTAMENTO ID_RAW\":\"ASIM\",\"DEPARTAMENTO EMPLEADO\":\"ASIMILADOS\",\"PUESTO DEL EMPLEADO ID_RAW\":\"ASIM\",\"PUESTO DEL EMPLEADO\":\"ASIMILADOS\",\"IDENTIFICADOR CENTRO TRABAJO EMPLEADO_RAW\":\"9999\",\"CENTRO TRABAJO EMPLEADO\":\"ASIMILADOS\",\"JEFE INMEDIATO EMPLEADO\":\"\",\"SALARIO DIARIO EMPLEADO\":4981.9499999999998181010596454143524169921875,\"SALARIO MENSUAL EMPLEADO\":149445.98999999999068677425384521484375}', 'update', 'OK', '2025-12-23 15:54:41');
INSERT INTO `nomina_import_detalle` VALUES (1050, 67, '9014', 'GOLE021018', '{\"NOMBRE DE EMPRESA\":\"HISPANAT S.A. DE C.V.\",\"NUMERO EMPLEADO\":\"9014\",\"APELLIDO PATERNO EMPLEADO\":\"GOMEZ\",\"APELLIDO MATERNO EMPLEADO\":\"LOPEZ\",\"NOMBRES DEL EMPLEADO\":\"MARIA ENRIQUETA\",\"RFC EMPLEADO_RAW\":\"GOLE-021018-EU2\",\"RFC_BASE\":\"GOLE021018\",\"NO. CURP EMPLEADO\":\"GOLE021018MMCMPNA6\",\"ES ACTIVO_RAW\":\"ACTIVO\",\"ES ACTIVO\":1,\"FECHA INGRESO DEL EMPLEADO\":\"2025-09-02\",\"FECHA BAJA\":null,\"TIPO EMPLEADO ID_RAW\":\"4\",\"TIPO EMPLEADO\":\"ASIMILADOS\",\"DEPARTAMENTO ID_RAW\":\"ASIM\",\"DEPARTAMENTO EMPLEADO\":\"ASIMILADOS\",\"PUESTO DEL EMPLEADO ID_RAW\":\"ASIM\",\"PUESTO DEL EMPLEADO\":\"ASIMILADOS\",\"IDENTIFICADOR CENTRO TRABAJO EMPLEADO_RAW\":\"9999\",\"CENTRO TRABAJO EMPLEADO\":\"ASIMILADOS\",\"JEFE INMEDIATO EMPLEADO\":\"\",\"SALARIO DIARIO EMPLEADO\":4981.9499999999998181010596454143524169921875,\"SALARIO MENSUAL EMPLEADO\":149445.98999999999068677425384521484375}', 'update', 'OK', '2025-12-23 15:54:41');
INSERT INTO `nomina_import_detalle` VALUES (1051, 67, '2549', 'SOPJ790110', '{\"NOMBRE DE EMPRESA\":\"HISPANAT S.A. DE C.V.\",\"NUMERO EMPLEADO\":\"2549\",\"APELLIDO PATERNO EMPLEADO\":\"SOLORIO\",\"APELLIDO MATERNO EMPLEADO\":\"PAVON\",\"NOMBRES DEL EMPLEADO\":\"JUAN GABRIEL\",\"RFC EMPLEADO_RAW\":\"SOPJ-790110-7C9\",\"RFC_BASE\":\"SOPJ790110\",\"NO. CURP EMPLEADO\":\"SOPJ790110HDFLVN07\",\"ES ACTIVO_RAW\":\"ACTIVO\",\"ES ACTIVO\":1,\"FECHA INGRESO DEL EMPLEADO\":\"2025-11-14\",\"FECHA BAJA\":null,\"TIPO EMPLEADO ID_RAW\":\"1\",\"TIPO EMPLEADO\":\"DETERMINADO\",\"DEPARTAMENTO ID_RAW\":\"28\",\"DEPARTAMENTO EMPLEADO\":\"TESORERIA\",\"PUESTO DEL EMPLEADO ID_RAW\":\"63\",\"PUESTO DEL EMPLEADO\":\"ENCARGADO DE PAGOS\",\"IDENTIFICADOR CENTRO TRABAJO EMPLEADO_RAW\":\"2008\",\"CENTRO TRABAJO EMPLEADO\":\"HN CORPORATIVO DESP 701\",\"JEFE INMEDIATO EMPLEADO\":\"\",\"SALARIO DIARIO EMPLEADO\":4981.9499999999998181010596454143524169921875,\"SALARIO MENSUAL EMPLEADO\":149445.98999999999068677425384521484375}', 'update', 'OK', '2025-12-23 15:54:41');
INSERT INTO `nomina_import_detalle` VALUES (1052, 67, '2529', 'GAFL510207', '{\"NOMBRE DE EMPRESA\":\"HISPANAT S.A. DE C.V.\",\"NUMERO EMPLEADO\":\"2529\",\"APELLIDO PATERNO EMPLEADO\":\"GARCIA\",\"APELLIDO MATERNO EMPLEADO\":\"FLORES\",\"NOMBRES DEL EMPLEADO\":\"JOSE LUIS\",\"RFC EMPLEADO_RAW\":\"GAFL-510207-JB5\",\"RFC_BASE\":\"GAFL510207\",\"NO. CURP EMPLEADO\":\"GAFL510207HNLRLS05\",\"ES ACTIVO_RAW\":\"ACTIVO\",\"ES ACTIVO\":1,\"FECHA INGRESO DEL EMPLEADO\":\"2024-03-01\",\"FECHA BAJA\":null,\"TIPO EMPLEADO ID_RAW\":\"4\",\"TIPO EMPLEADO\":\"ASIMILADOS\",\"DEPARTAMENTO ID_RAW\":\"34\",\"DEPARTAMENTO EMPLEADO\":\"ASIMILADOS\",\"PUESTO DEL EMPLEADO ID_RAW\":\"ASIM\",\"PUESTO DEL EMPLEADO\":\"ASIMILADOS\",\"IDENTIFICADOR CENTRO TRABAJO EMPLEADO_RAW\":\"9999\",\"CENTRO TRABAJO EMPLEADO\":\"ASIMILADOS\",\"JEFE INMEDIATO EMPLEADO\":\"\",\"SALARIO DIARIO EMPLEADO\":4981.9499999999998181010596454143524169921875,\"SALARIO MENSUAL EMPLEADO\":149445.98999999999068677425384521484375}', 'update', 'OK', '2025-12-23 15:54:41');
INSERT INTO `nomina_import_detalle` VALUES (1053, 67, '2003', 'VAVA800525', '{\"NOMBRE DE EMPRESA\":\"HISPANAT S.A. DE C.V.\",\"NUMERO EMPLEADO\":\"2003\",\"APELLIDO PATERNO EMPLEADO\":\"VAZQUEZ\",\"APELLIDO MATERNO EMPLEADO\":\"VALENCIA\",\"NOMBRES DEL EMPLEADO\":\"ANDRES\",\"RFC EMPLEADO_RAW\":\"VAVA-800525-4P4\",\"RFC_BASE\":\"VAVA800525\",\"NO. CURP EMPLEADO\":\"VAVA800525HDFZLN00\",\"ES ACTIVO_RAW\":\"ACTIVO\",\"ES ACTIVO\":1,\"FECHA INGRESO DEL EMPLEADO\":\"2016-04-18\",\"FECHA BAJA\":null,\"TIPO EMPLEADO ID_RAW\":\"2\",\"TIPO EMPLEADO\":\"INDETERMINADO\",\"DEPARTAMENTO ID_RAW\":\"1\",\"DEPARTAMENTO EMPLEADO\":\"ADMINISTRACION\",\"PUESTO DEL EMPLEADO ID_RAW\":\"183\",\"PUESTO DEL EMPLEADO\":\"CHOFER EJECUTIVO\",\"IDENTIFICADOR CENTRO TRABAJO EMPLEADO_RAW\":\"2013\",\"CENTRO TRABAJO EMPLEADO\":\"HN SOCIOS\",\"JEFE INMEDIATO EMPLEADO\":\"\",\"SALARIO DIARIO EMPLEADO\":4981.9600000000000363797880709171295166015625,\"SALARIO MENSUAL EMPLEADO\":149445.98999999999068677425384521484375}', 'update', 'OK', '2025-12-23 15:54:41');
INSERT INTO `nomina_import_detalle` VALUES (1054, 67, '2004', 'MEMS801119', '{\"NOMBRE DE EMPRESA\":\"HISPANAT S.A. DE C.V.\",\"NUMERO EMPLEADO\":\"2004\",\"APELLIDO PATERNO EMPLEADO\":\"MEJIA\",\"APELLIDO MATERNO EMPLEADO\":\"MARTINEZ\",\"NOMBRES DEL EMPLEADO\":\"SALVADOR\",\"RFC EMPLEADO_RAW\":\"MEMS-801119-PX7\",\"RFC_BASE\":\"MEMS801119\",\"NO. CURP EMPLEADO\":\"MEMS801119HDFJRL06\",\"ES ACTIVO_RAW\":\"ACTIVO\",\"ES ACTIVO\":1,\"FECHA INGRESO DEL EMPLEADO\":\"2018-06-18\",\"FECHA BAJA\":null,\"TIPO EMPLEADO ID_RAW\":\"2\",\"TIPO EMPLEADO\":\"INDETERMINADO\",\"DEPARTAMENTO ID_RAW\":\"1\",\"DEPARTAMENTO EMPLEADO\":\"ADMINISTRACION\",\"PUESTO DEL EMPLEADO ID_RAW\":\"183\",\"PUESTO DEL EMPLEADO\":\"CHOFER EJECUTIVO\",\"IDENTIFICADOR CENTRO TRABAJO EMPLEADO_RAW\":\"2013\",\"CENTRO TRABAJO EMPLEADO\":\"HN SOCIOS\",\"JEFE INMEDIATO EMPLEADO\":\"\",\"SALARIO DIARIO EMPLEADO\":4981.9600000000000363797880709171295166015625,\"SALARIO MENSUAL EMPLEADO\":149445.98999999999068677425384521484375}', 'update', 'OK', '2025-12-23 15:54:42');
INSERT INTO `nomina_import_detalle` VALUES (1055, 67, '2128', 'CAGM960120', '{\"NOMBRE DE EMPRESA\":\"HISPANAT S.A. DE C.V.\",\"NUMERO EMPLEADO\":\"2128\",\"APELLIDO PATERNO EMPLEADO\":\"CASADOS\",\"APELLIDO MATERNO EMPLEADO\":\"GONZALEZ\",\"NOMBRES DEL EMPLEADO\":\"JOSE MANUEL\",\"RFC EMPLEADO_RAW\":\"CAGM-960120-733\",\"RFC_BASE\":\"CAGM960120\",\"NO. CURP EMPLEADO\":\"CAGM960120HTSSNN07\",\"ES ACTIVO_RAW\":\"ACTIVO\",\"ES ACTIVO\":1,\"FECHA INGRESO DEL EMPLEADO\":\"2019-09-23\",\"FECHA BAJA\":null,\"TIPO EMPLEADO ID_RAW\":\"2\",\"TIPO EMPLEADO\":\"INDETERMINADO\",\"DEPARTAMENTO ID_RAW\":\"1\",\"DEPARTAMENTO EMPLEADO\":\"ADMINISTRACION\",\"PUESTO DEL EMPLEADO ID_RAW\":\"13\",\"PUESTO DEL EMPLEADO\":\"AUDITOR FINANCIERO CORPORATIVO\",\"IDENTIFICADOR CENTRO TRABAJO EMPLEADO_RAW\":\"2008\",\"CENTRO TRABAJO EMPLEADO\":\"HN CORPORATIVO DESP 701\",\"JEFE INMEDIATO EMPLEADO\":\"\",\"SALARIO DIARIO EMPLEADO\":4981.9600000000000363797880709171295166015625,\"SALARIO MENSUAL EMPLEADO\":149445.98999999999068677425384521484375}', 'update', 'OK', '2025-12-23 15:54:42');
INSERT INTO `nomina_import_detalle` VALUES (1056, 67, '2262', 'GOFL650715', '{\"NOMBRE DE EMPRESA\":\"HISPANAT S.A. DE C.V.\",\"NUMERO EMPLEADO\":\"2262\",\"APELLIDO PATERNO EMPLEADO\":\"GONZALEZ\",\"APELLIDO MATERNO EMPLEADO\":\"FERNANDEZ\",\"NOMBRES DEL EMPLEADO\":\"MARIA DE LA LUZ\",\"RFC EMPLEADO_RAW\":\"GOFL-650715-M52\",\"RFC_BASE\":\"GOFL650715\",\"NO. CURP EMPLEADO\":\"GOFL650715MTSNRZ06\",\"ES ACTIVO_RAW\":\"ACTIVO\",\"ES ACTIVO\":1,\"FECHA INGRESO DEL EMPLEADO\":\"2019-10-28\",\"FECHA BAJA\":null,\"TIPO EMPLEADO ID_RAW\":\"2\",\"TIPO EMPLEADO\":\"INDETERMINADO\",\"DEPARTAMENTO ID_RAW\":\"1\",\"DEPARTAMENTO EMPLEADO\":\"ADMINISTRACION\",\"PUESTO DEL EMPLEADO ID_RAW\":\"186\",\"PUESTO DEL EMPLEADO\":\"GERENTE DE FACTURACION\",\"IDENTIFICADOR CENTRO TRABAJO EMPLEADO_RAW\":\"2013\",\"CENTRO TRABAJO EMPLEADO\":\"HN SOCIOS\",\"JEFE INMEDIATO EMPLEADO\":\"\",\"SALARIO DIARIO EMPLEADO\":4981.9600000000000363797880709171295166015625,\"SALARIO MENSUAL EMPLEADO\":149445.98999999999068677425384521484375}', 'update', 'OK', '2025-12-23 15:54:42');
INSERT INTO `nomina_import_detalle` VALUES (1057, 67, '2542', 'VIOA890303', '{\"NOMBRE DE EMPRESA\":\"HISPANAT S.A. DE C.V.\",\"NUMERO EMPLEADO\":\"2542\",\"APELLIDO PATERNO EMPLEADO\":\"VIGUERAS\",\"APELLIDO MATERNO EMPLEADO\":\"OCAMPO\",\"NOMBRES DEL EMPLEADO\":\"ABDHUL\",\"RFC EMPLEADO_RAW\":\"VIOA-890303-FP9\",\"RFC_BASE\":\"VIOA890303\",\"NO. CURP EMPLEADO\":\"VIOA890303HDFGCB19\",\"ES ACTIVO_RAW\":\"ACTIVO\",\"ES ACTIVO\":1,\"FECHA INGRESO DEL EMPLEADO\":\"2025-03-28\",\"FECHA BAJA\":null,\"TIPO EMPLEADO ID_RAW\":\"2\",\"TIPO EMPLEADO\":\"INDETERMINADO\",\"DEPARTAMENTO ID_RAW\":\"1\",\"DEPARTAMENTO EMPLEADO\":\"ADMINISTRACION\",\"PUESTO DEL EMPLEADO ID_RAW\":\"183\",\"PUESTO DEL EMPLEADO\":\"CHOFER EJECUTIVO\",\"IDENTIFICADOR CENTRO TRABAJO EMPLEADO_RAW\":\"2013\",\"CENTRO TRABAJO EMPLEADO\":\"HN SOCIOS\",\"JEFE INMEDIATO EMPLEADO\":\"\",\"SALARIO DIARIO EMPLEADO\":4981.9600000000000363797880709171295166015625,\"SALARIO MENSUAL EMPLEADO\":149446}', 'update', 'OK', '2025-12-23 15:54:42');
INSERT INTO `nomina_import_detalle` VALUES (1058, 67, '2546', 'HETC860528', '{\"NOMBRE DE EMPRESA\":\"HISPANAT S.A. DE C.V.\",\"NUMERO EMPLEADO\":\"2546\",\"APELLIDO PATERNO EMPLEADO\":\"HERNANDEZ\",\"APELLIDO MATERNO EMPLEADO\":\"TELLEZ\",\"NOMBRES DEL EMPLEADO\":\"MARIA DEL CARMEN\",\"RFC EMPLEADO_RAW\":\"HETC-860528-6Q8\",\"RFC_BASE\":\"HETC860528\",\"NO. CURP EMPLEADO\":\"HETC860528MDFRLR04\",\"ES ACTIVO_RAW\":\"ACTIVO\",\"ES ACTIVO\":1,\"FECHA INGRESO DEL EMPLEADO\":\"2025-06-04\",\"FECHA BAJA\":null,\"TIPO EMPLEADO ID_RAW\":\"2\",\"TIPO EMPLEADO\":\"INDETERMINADO\",\"DEPARTAMENTO ID_RAW\":\"1\",\"DEPARTAMENTO EMPLEADO\":\"ADMINISTRACION\",\"PUESTO DEL EMPLEADO ID_RAW\":\"10\",\"PUESTO DEL EMPLEADO\":\"ASISTENTE ADMINISTRATIVO\",\"IDENTIFICADOR CENTRO TRABAJO EMPLEADO_RAW\":\"2008\",\"CENTRO TRABAJO EMPLEADO\":\"HN CORPORATIVO DESP 701\",\"JEFE INMEDIATO EMPLEADO\":\"\",\"SALARIO DIARIO EMPLEADO\":4981.9600000000000363797880709171295166015625,\"SALARIO MENSUAL EMPLEADO\":149446}', 'update', 'OK', '2025-12-23 15:54:42');
INSERT INTO `nomina_import_detalle` VALUES (1059, 67, '5378', 'VEON890104', '{\"NOMBRE DE EMPRESA\":\"HISPANAT S.A. DE C.V.\",\"NUMERO EMPLEADO\":\"5378\",\"APELLIDO PATERNO EMPLEADO\":\"VELAZQUEZ\",\"APELLIDO MATERNO EMPLEADO\":\"OJEDA\",\"NOMBRES DEL EMPLEADO\":\"NANCY\",\"RFC EMPLEADO_RAW\":\"VEON-890104-M42\",\"RFC_BASE\":\"VEON890104\",\"NO. CURP EMPLEADO\":\"VEON890104MMCLJN03\",\"ES ACTIVO_RAW\":\"ACTIVO\",\"ES ACTIVO\":1,\"FECHA INGRESO DEL EMPLEADO\":\"2021-07-07\",\"FECHA BAJA\":null,\"TIPO EMPLEADO ID_RAW\":\"2\",\"TIPO EMPLEADO\":\"INDETERMINADO\",\"DEPARTAMENTO ID_RAW\":\"15\",\"DEPARTAMENTO EMPLEADO\":\"DIRECCION DE NUEVOS NEGOCIOS\",\"PUESTO DEL EMPLEADO ID_RAW\":\"173\",\"PUESTO DEL EMPLEADO\":\"REPRESENTANTE DE VENTAS KAM DE PROYECTOS ESPECIALES\",\"IDENTIFICADOR CENTRO TRABAJO EMPLEADO_RAW\":\"2008\",\"CENTRO TRABAJO EMPLEADO\":\"HN CORPORATIVO DESP 701\",\"JEFE INMEDIATO EMPLEADO\":\"\",\"SALARIO DIARIO EMPLEADO\":4981.9600000000000363797880709171295166015625,\"SALARIO MENSUAL EMPLEADO\":149446}', 'update', 'OK', '2025-12-23 15:54:42');
INSERT INTO `nomina_import_detalle` VALUES (1060, 67, '2441', 'OERP681118', '{\"NOMBRE DE EMPRESA\":\"HISPANAT S.A. DE C.V.\",\"NUMERO EMPLEADO\":\"2441\",\"APELLIDO PATERNO EMPLEADO\":\"OLVERA\",\"APELLIDO MATERNO EMPLEADO\":\"RODRIGUEZ\",\"NOMBRES DEL EMPLEADO\":\"PORFIRIO\",\"RFC EMPLEADO_RAW\":\"OERP-681118-3H4\",\"RFC_BASE\":\"OERP681118\",\"NO. CURP EMPLEADO\":\"OERP681118HDFLDR03\",\"ES ACTIVO_RAW\":\"ACTIVO\",\"ES ACTIVO\":1,\"FECHA INGRESO DEL EMPLEADO\":\"2025-03-18\",\"FECHA BAJA\":null,\"TIPO EMPLEADO ID_RAW\":\"4\",\"TIPO EMPLEADO\":\"ASIMILADOS\",\"DEPARTAMENTO ID_RAW\":\"ASIM\",\"DEPARTAMENTO EMPLEADO\":\"ASIMILADOS\",\"PUESTO DEL EMPLEADO ID_RAW\":\"ASIM\",\"PUESTO DEL EMPLEADO\":\"ASIMILADOS\",\"IDENTIFICADOR CENTRO TRABAJO EMPLEADO_RAW\":\"9999\",\"CENTRO TRABAJO EMPLEADO\":\"ASIMILADOS\",\"JEFE INMEDIATO EMPLEADO\":\"\",\"SALARIO DIARIO EMPLEADO\":4981.9600000000000363797880709171295166015625,\"SALARIO MENSUAL EMPLEADO\":149446}', 'update', 'OK', '2025-12-23 15:54:42');

-- ----------------------------
-- Table structure for nomina_importaciones
-- ----------------------------
DROP TABLE IF EXISTS `nomina_importaciones`;
CREATE TABLE `nomina_importaciones`  (
  `import_id` int(11) NOT NULL AUTO_INCREMENT,
  `empresa_id` int(11) NULL DEFAULT NULL,
  `usuario_id` int(11) NULL DEFAULT NULL,
  `archivo_nombre` varchar(255) CHARACTER SET utf8mb4 COLLATE utf8mb4_general_ci NULL DEFAULT NULL,
  `total_registros` int(11) NOT NULL DEFAULT 0,
  `status` enum('cargado','procesado','error') CHARACTER SET utf8mb4 COLLATE utf8mb4_general_ci NOT NULL DEFAULT 'cargado',
  `mensaje` text CHARACTER SET utf8mb4 COLLATE utf8mb4_general_ci NULL,
  `created_at` datetime NOT NULL DEFAULT CURRENT_TIMESTAMP,
  PRIMARY KEY (`import_id`) USING BTREE,
  INDEX `fk_imp_empresa`(`empresa_id`) USING BTREE,
  INDEX `fk_imp_usuario`(`usuario_id`) USING BTREE,
  CONSTRAINT `fk_imp_empresa` FOREIGN KEY (`empresa_id`) REFERENCES `empresas` (`empresa_id`) ON DELETE CASCADE ON UPDATE CASCADE,
  CONSTRAINT `fk_imp_usuario` FOREIGN KEY (`usuario_id`) REFERENCES `usuarios` (`usuario_id`) ON DELETE SET NULL ON UPDATE CASCADE
) ENGINE = InnoDB AUTO_INCREMENT = 68 CHARACTER SET = utf8mb4 COLLATE = utf8mb4_general_ci ROW_FORMAT = Dynamic;

-- ----------------------------
-- Records of nomina_importaciones
-- ----------------------------
INSERT INTO `nomina_importaciones` VALUES (41, 2, 1, 'RepUsuarioIMANCERA_20251219_125504.xlsx', 166, 'procesado', 'Total=166; Insertados=166; Actualizados=0; Errores=0', '2025-12-22 12:44:05');
INSERT INTO `nomina_importaciones` VALUES (66, NULL, 1, 'RepUsuarioIMANCERA_20251219_125504.xlsx', 166, 'procesado', 'Total=166; Insertados=0; Actualizados=166; Errores=0', '2025-12-22 13:34:19');
INSERT INTO `nomina_importaciones` VALUES (67, NULL, 1, 'RepUsuarioIMANCERA_20251219_125504.xlsx', 166, 'procesado', 'Total=166; Insertados=0; Actualizados=166; Errores=0', '2025-12-23 15:54:21');

-- ----------------------------
-- Table structure for org_adscripciones
-- ----------------------------
DROP TABLE IF EXISTS `org_adscripciones`;
CREATE TABLE `org_adscripciones`  (
  `adscripcion_id` int(11) NOT NULL AUTO_INCREMENT,
  `empresa_id` int(11) NOT NULL,
  `unidad_id` int(11) NOT NULL,
  `nombre` varchar(150) CHARACTER SET utf8mb4 COLLATE utf8mb4_general_ci NOT NULL,
  `clave` varchar(50) CHARACTER SET utf8mb4 COLLATE utf8mb4_general_ci NULL DEFAULT NULL,
  `estatus` tinyint(1) NOT NULL DEFAULT 1,
  PRIMARY KEY (`adscripcion_id`) USING BTREE,
  UNIQUE INDEX `uq_ads_empresa_unidad_nombre`(`empresa_id`, `unidad_id`, `nombre`) USING BTREE,
  INDEX `idx_ads_unidad`(`unidad_id`, `estatus`) USING BTREE,
  CONSTRAINT `fk_ads_empresa` FOREIGN KEY (`empresa_id`) REFERENCES `empresas` (`empresa_id`) ON DELETE CASCADE ON UPDATE CASCADE,
  CONSTRAINT `fk_ads_unidad` FOREIGN KEY (`unidad_id`) REFERENCES `org_unidades` (`unidad_id`) ON DELETE CASCADE ON UPDATE CASCADE
) ENGINE = InnoDB AUTO_INCREMENT = 66 CHARACTER SET = utf8mb4 COLLATE = utf8mb4_general_ci ROW_FORMAT = Dynamic;

-- ----------------------------
-- Records of org_adscripciones
-- ----------------------------
INSERT INTO `org_adscripciones` VALUES (1, 1, 5, 'DIRECCION DE ADMINISTRACION Y FINANZAS', '14', 1);
INSERT INTO `org_adscripciones` VALUES (2, 1, 5, 'ADMINISTRACION', '1', 1);
INSERT INTO `org_adscripciones` VALUES (3, 2, 5, 'ADMINISTRACION', 'HP3', 1);
INSERT INTO `org_adscripciones` VALUES (4, 4, 5, 'ADMINISTRACION', '1', 1);
INSERT INTO `org_adscripciones` VALUES (5, 3, 5, 'ADMINISTRACION', 'AL9', 1);
INSERT INTO `org_adscripciones` VALUES (6, 2, 4, 'ALMACEN', 'HP8', 1);
INSERT INTO `org_adscripciones` VALUES (7, 3, 4, 'ALMACEN', 'AL1', 1);
INSERT INTO `org_adscripciones` VALUES (8, 1, 4, 'ALMACEN DE INSUMOS', '2', 1);
INSERT INTO `org_adscripciones` VALUES (9, 1, 4, 'ALMACEN DE MATERIALES DE ENVASE Y EMPAQUE', '34', 1);
INSERT INTO `org_adscripciones` VALUES (10, 1, 4, 'ALMACEN DE PRODUCTO TERMINADO', '3', 1);
INSERT INTO `org_adscripciones` VALUES (11, 1, 4, 'ASEGURAMIENTO DE CALIDAD', '5', 1);
INSERT INTO `org_adscripciones` VALUES (12, 2, 4, 'ASEGURAMIENTO DE CALIDAD', 'HP4', 1);
INSERT INTO `org_adscripciones` VALUES (13, 2, 5, 'ASIMILADOS', 'ASIM', 1);
INSERT INTO `org_adscripciones` VALUES (14, 4, 5, 'ASIMILADOS', '34', 1);
INSERT INTO `org_adscripciones` VALUES (15, 1, 4, 'ASUNTOS REGULATORIOS', '6', 1);
INSERT INTO `org_adscripciones` VALUES (16, 2, 4, 'ASUNTOS REGULATORIOS', 'HP11', 1);
INSERT INTO `org_adscripciones` VALUES (17, 1, 5, 'AUDITORIA INTERNA', '7', 1);
INSERT INTO `org_adscripciones` VALUES (18, 3, 3, 'COMPRAS', 'AL2', 1);
INSERT INTO `org_adscripciones` VALUES (19, 3, 3, 'COMPRAS Y PLANEACION', 'AL17', 1);
INSERT INTO `org_adscripciones` VALUES (20, 1, 3, 'COMPRAS', '8', 1);
INSERT INTO `org_adscripciones` VALUES (21, 1, 4, 'CONTROL ANALITICO', '11', 1);
INSERT INTO `org_adscripciones` VALUES (22, 1, 5, 'CONTABILIDAD', '9', 1);
INSERT INTO `org_adscripciones` VALUES (23, 2, 5, 'CONTABILIDAD', 'HP13', 1);
INSERT INTO `org_adscripciones` VALUES (24, 1, 4, 'CONTROL DE CALIDAD', '12', 1);
INSERT INTO `org_adscripciones` VALUES (25, 1, 4, 'CONTROL DE GESTION', '42', 1);
INSERT INTO `org_adscripciones` VALUES (26, 1, 4, 'CONTRALORIA GENERAL', '10', 1);
INSERT INTO `org_adscripciones` VALUES (27, 2, 4, 'CONTROL DE CALIDAD', 'HP5', 1);
INSERT INTO `org_adscripciones` VALUES (28, 3, 4, 'CONTROL ESTADISTICO DE LA CALIDAD', 'AL13', 1);
INSERT INTO `org_adscripciones` VALUES (29, 1, 5, 'CREDITO Y COBRANZA', '40', 1);
INSERT INTO `org_adscripciones` VALUES (30, 1, 6, 'DESARROLLO', '13', 1);
INSERT INTO `org_adscripciones` VALUES (31, 1, 1, 'DIRECCION GENERAL', '17', 1);
INSERT INTO `org_adscripciones` VALUES (32, 4, 6, 'DIRECCION DE NUEVOS NEGOCIOS', '15', 1);
INSERT INTO `org_adscripciones` VALUES (33, 1, 7, 'EXPORTACIONES', '32', 1);
INSERT INTO `org_adscripciones` VALUES (34, 2, 4, 'FABRICACION', 'HP9', 1);
INSERT INTO `org_adscripciones` VALUES (35, 1, 5, 'FACTURACION', '33', 1);
INSERT INTO `org_adscripciones` VALUES (36, 2, 10, 'HIGIENE Y SEGURIDAD', 'HP2', 1);
INSERT INTO `org_adscripciones` VALUES (37, 3, 4, 'INGENIERIA', 'AL8', 1);
INSERT INTO `org_adscripciones` VALUES (38, 1, 4, 'INGENIERIA Y MANTENIMIENTO', '18', 1);
INSERT INTO `org_adscripciones` VALUES (39, 1, 5, 'JURIDICO', '41', 1);
INSERT INTO `org_adscripciones` VALUES (40, 2, 4, 'MANTENIMIENTO', 'HP7', 1);
INSERT INTO `org_adscripciones` VALUES (41, 3, 4, 'MANTENIMIENTO', 'AL5', 1);
INSERT INTO `org_adscripciones` VALUES (42, 1, 9, 'MARKETING', '19', 1);
INSERT INTO `org_adscripciones` VALUES (43, 1, 4, 'METROLOGIA', '36', 1);
INSERT INTO `org_adscripciones` VALUES (44, 2, 4, 'METROLOGIA', 'HP12', 1);
INSERT INTO `org_adscripciones` VALUES (45, 1, 6, 'DIRECCION DE NUEVOS NEGOCIOS', '15', 1);
INSERT INTO `org_adscripciones` VALUES (46, 1, 4, 'DIRECCION DE OPERACIONES', '16', 1);
INSERT INTO `org_adscripciones` VALUES (47, 1, 4, 'PLANEACION Y MATERIALES', '22', 1);
INSERT INTO `org_adscripciones` VALUES (48, 3, 4, 'PLANEACION', 'AL16', 1);
INSERT INTO `org_adscripciones` VALUES (49, 1, 4, 'PRODUCCION AEROSOLES', '23', 1);
INSERT INTO `org_adscripciones` VALUES (50, 3, 4, 'PRODUCCION', 'AL6', 1);
INSERT INTO `org_adscripciones` VALUES (51, 1, 4, 'PRODUCCION FARMA', '24', 1);
INSERT INTO `org_adscripciones` VALUES (52, 2, 10, 'RECURSOS HUMANOS', 'HP1', 1);
INSERT INTO `org_adscripciones` VALUES (53, 3, 10, 'RECURSOS HUMANOS', 'AL7', 1);
INSERT INTO `org_adscripciones` VALUES (54, 1, 10, 'RECURSOS HUMANOS', '25', 1);
INSERT INTO `org_adscripciones` VALUES (55, 3, 10, 'SEGURIDAD E HIGIENE', 'AL15', 1);
INSERT INTO `org_adscripciones` VALUES (56, 1, 10, 'SEGURIDAD E HIGIENE Y SALUD OCUPACIONAL', '26', 1);
INSERT INTO `org_adscripciones` VALUES (57, 1, 9, 'SISTEMAS', '27', 1);
INSERT INTO `org_adscripciones` VALUES (58, 2, 9, 'SISTEMAS', 'HP10', 1);
INSERT INTO `org_adscripciones` VALUES (59, 3, 4, 'SISTEMA DE GESTION DE CALIDAD', 'AL14', 1);
INSERT INTO `org_adscripciones` VALUES (60, 1, 5, 'TESORERIA', '28', 1);
INSERT INTO `org_adscripciones` VALUES (61, 4, 5, 'TESORERIA', '28', 1);
INSERT INTO `org_adscripciones` VALUES (62, 1, 4, 'VALIDACION', '29', 1);
INSERT INTO `org_adscripciones` VALUES (63, 2, 4, 'VALIDACION', 'HP6', 1);
INSERT INTO `org_adscripciones` VALUES (64, 1, 2, 'VENTAS GOBIERNO', '30', 1);
INSERT INTO `org_adscripciones` VALUES (65, 1, 2, 'VENTAS PRIVADO IMPULSO', '31', 1);

-- ----------------------------
-- Table structure for org_centros_trabajo
-- ----------------------------
DROP TABLE IF EXISTS `org_centros_trabajo`;
CREATE TABLE `org_centros_trabajo`  (
  `empresa_id` int(11) NOT NULL,
  `centro_trabajo_id` int(11) NOT NULL,
  `nombre` varchar(150) CHARACTER SET utf8mb4 COLLATE utf8mb4_general_ci NOT NULL,
  `clave` varchar(50) CHARACTER SET utf8mb4 COLLATE utf8mb4_general_ci NULL DEFAULT NULL,
  `estatus` tinyint(1) NOT NULL DEFAULT 1,
  `created_at` datetime NOT NULL DEFAULT CURRENT_TIMESTAMP,
  `updated_at` datetime NOT NULL DEFAULT CURRENT_TIMESTAMP ON UPDATE CURRENT_TIMESTAMP,
  PRIMARY KEY (`empresa_id`, `centro_trabajo_id`) USING BTREE
) ENGINE = InnoDB CHARACTER SET = utf8mb4 COLLATE = utf8mb4_general_ci ROW_FORMAT = Dynamic;

-- ----------------------------
-- Records of org_centros_trabajo
-- ----------------------------
INSERT INTO `org_centros_trabajo` VALUES (1, 1001, 'FH LAGO ISEO 184', NULL, 1, '2025-12-26 13:20:21', '2025-12-26 13:20:21');
INSERT INTO `org_centros_trabajo` VALUES (1, 1002, 'FH LAGO ISEO 186', NULL, 1, '2025-12-26 13:20:21', '2025-12-26 13:20:21');
INSERT INTO `org_centros_trabajo` VALUES (1, 1004, 'FH CANTABRICO', NULL, 1, '2025-12-26 13:20:21', '2025-12-26 13:20:21');
INSERT INTO `org_centros_trabajo` VALUES (1, 1005, 'FH ALMACEN AZAHARES', NULL, 1, '2025-12-26 13:20:21', '2025-12-26 13:20:21');
INSERT INTO `org_centros_trabajo` VALUES (1, 1006, 'FH ALMACEN PINO', NULL, 1, '2025-12-26 13:20:21', '2025-12-26 13:20:21');
INSERT INTO `org_centros_trabajo` VALUES (1, 1008, 'FH CORPORATIVO', NULL, 1, '2025-12-26 13:20:21', '2025-12-30 14:15:04');
INSERT INTO `org_centros_trabajo` VALUES (1, 1009, 'FH CORPORATIVO DESP 702', NULL, 1, '2025-12-26 13:20:21', '2025-12-26 16:48:32');
INSERT INTO `org_centros_trabajo` VALUES (1, 1012, 'FH SHAKESPEARE', NULL, 1, '2025-12-26 13:20:21', '2025-12-26 13:20:21');
INSERT INTO `org_centros_trabajo` VALUES (2, 3000, 'SAN MATEO-HEPTAPHARMA', NULL, 1, '2025-12-26 13:20:21', '2025-12-26 13:20:21');
INSERT INTO `org_centros_trabajo` VALUES (3, 4000, 'SAN MATEO-ALUTUB', NULL, 1, '2025-12-26 13:20:21', '2025-12-26 13:20:21');
INSERT INTO `org_centros_trabajo` VALUES (4, 2008, 'HN CORPORATIVO DESP 701', NULL, 1, '2025-12-26 13:20:21', '2025-12-26 13:20:21');

-- ----------------------------
-- Table structure for org_puestos
-- ----------------------------
DROP TABLE IF EXISTS `org_puestos`;
CREATE TABLE `org_puestos`  (
  `puesto_id` int(11) NOT NULL AUTO_INCREMENT,
  `empresa_id` int(11) NOT NULL,
  `unidad_id` int(11) NULL DEFAULT NULL,
  `nombre` varchar(150) CHARACTER SET utf8mb4 COLLATE utf8mb4_general_ci NOT NULL,
  `clave` varchar(50) CHARACTER SET utf8mb4 COLLATE utf8mb4_general_ci NULL DEFAULT NULL,
  `nivel` varchar(50) CHARACTER SET utf8mb4 COLLATE utf8mb4_general_ci NULL DEFAULT NULL,
  `puntos_hay` int(11) NULL DEFAULT NULL,
  `estatus` tinyint(1) NOT NULL DEFAULT 1,
  `sindicalizado` int(11) NULL DEFAULT NULL,
  `codigo` varchar(20) CHARACTER SET utf8mb4 COLLATE utf8mb4_general_ci NULL DEFAULT NULL,
  PRIMARY KEY (`puesto_id`) USING BTREE,
  INDEX `idx_puesto_empresa`(`empresa_id`, `estatus`) USING BTREE,
  INDEX `idx_puesto_unidad`(`empresa_id`, `unidad_id`, `estatus`) USING BTREE,
  INDEX `fk_puesto_unidad`(`unidad_id`) USING BTREE,
  CONSTRAINT `fk_puesto_empresa` FOREIGN KEY (`empresa_id`) REFERENCES `empresas` (`empresa_id`) ON DELETE CASCADE ON UPDATE CASCADE,
  CONSTRAINT `fk_puesto_unidad` FOREIGN KEY (`unidad_id`) REFERENCES `org_unidades` (`unidad_id`) ON DELETE SET NULL ON UPDATE CASCADE
) ENGINE = InnoDB AUTO_INCREMENT = 317 CHARACTER SET = utf8mb4 COLLATE = utf8mb4_general_ci ROW_FORMAT = Dynamic;

-- ----------------------------
-- Records of org_puestos
-- ----------------------------
INSERT INTO `org_puestos` VALUES (1, 3, 5, 'ASIMILADOS', 'ASIM', 'ASIMILADOS', NULL, 1, 0, NULL);
INSERT INTO `org_puestos` VALUES (2, 4, 5, 'ASISTENTE ADMINISTRATIVO', '10', 'JEFATURA DE AREA', NULL, 1, 0, NULL);
INSERT INTO `org_puestos` VALUES (3, 4, 5, 'AUDITOR FINANCIERO CORPORATIVO', '13', 'JEFATURA DE AREA', NULL, 1, 0, NULL);
INSERT INTO `org_puestos` VALUES (4, 3, 5, 'AUXILIAR ADMINISTRATIVO', 'AL15', 'ANALISTA', NULL, 1, 0, NULL);
INSERT INTO `org_puestos` VALUES (5, 1, 5, 'AUXILIAR ADMINISTRATIVO', '16', 'ANALISTA', NULL, 1, 0, NULL);
INSERT INTO `org_puestos` VALUES (6, 4, 5, 'CHOFER EJECUTIVO', '183', 'OPERATIVO', NULL, 1, 0, NULL);
INSERT INTO `org_puestos` VALUES (7, 1, 5, 'DIRECTOR DE ADMINISTRACION', '52', 'DIRECCION GENERAL', NULL, 1, 0, NULL);
INSERT INTO `org_puestos` VALUES (8, 1, 5, 'DIRECTOR DE CONTRALORIA', '54', 'DIRECCION', NULL, 1, 0, NULL);
INSERT INTO `org_puestos` VALUES (9, 1, 5, 'DIRECTOR DE FINANZAS', '55', 'DIRECCION GENERAL', NULL, 1, 0, NULL);
INSERT INTO `org_puestos` VALUES (10, 1, 5, 'DIRECTOR DE TESORERIA', '57', 'DIRECCION', NULL, 1, 0, NULL);
INSERT INTO `org_puestos` VALUES (11, 4, 5, 'GERENTE DE FACTURACION', '186', 'GERENCIA', NULL, 1, 0, NULL);
INSERT INTO `org_puestos` VALUES (12, 2, 5, 'GERENTE GENERAL', 'HP24', 'GERENCIA', NULL, 1, 0, NULL);
INSERT INTO `org_puestos` VALUES (13, 3, 5, 'JEFE DE FINANZAS Y CONTABILIDAD', 'AL40', 'JEFATURA DE AREA', NULL, 1, 0, NULL);
INSERT INTO `org_puestos` VALUES (14, 3, 5, 'SUBDIRECTOR ADMINISTRATIVO Y COMERCIAL', 'AL33', 'SUBDIRECCION', NULL, 1, 0, NULL);
INSERT INTO `org_puestos` VALUES (15, 1, 5, 'AUDITOR INTERNO', '14', 'ANALISTA', NULL, 1, 0, NULL);
INSERT INTO `org_puestos` VALUES (16, 1, 5, 'AUDITOR SENIOR', '15', 'ANALISTA', NULL, 1, 0, NULL);
INSERT INTO `org_puestos` VALUES (17, 2, 5, 'AUXILIAR CONTABLE', 'HP88', 'ANALISTA', NULL, 1, 0, NULL);
INSERT INTO `org_puestos` VALUES (18, 1, 5, 'CONTADOR GENERAL', '32', 'GERENCIA', NULL, 1, 0, NULL);
INSERT INTO `org_puestos` VALUES (19, 1, 5, 'ENCARGADO DE PAGOS', '63', 'ANALISTA', NULL, 1, 0, NULL);
INSERT INTO `org_puestos` VALUES (20, 1, 5, 'AUXILIAR DE CUENTAS POR PAGAR', '21', 'ANALISTA', NULL, 1, 0, NULL);
INSERT INTO `org_puestos` VALUES (21, 1, 5, 'AUXILIAR FISCAL', '27', 'ANALISTA', NULL, 1, 0, NULL);
INSERT INTO `org_puestos` VALUES (22, 1, 5, 'CONTADOR FISCAL', '173', 'ANALISTA', NULL, 1, 0, NULL);
INSERT INTO `org_puestos` VALUES (23, 1, 5, 'CONTRALOR GENERAL', '33', 'GERENCIA', NULL, 1, 0, NULL);
INSERT INTO `org_puestos` VALUES (24, 1, 5, 'JEFE DE PRESUPUESTOS', '98', 'JEFATURA DE AREA', NULL, 1, 0, NULL);
INSERT INTO `org_puestos` VALUES (25, 1, 5, 'SUPERVISOR DE ACTIVO FIJO', '146', 'SUPERVISOR', NULL, 1, 0, NULL);
INSERT INTO `org_puestos` VALUES (26, 1, 5, 'AUXILIAR DE CONTROL DE GESTION', '261', 'ANALISTA', NULL, 1, 0, NULL);
INSERT INTO `org_puestos` VALUES (27, 1, 5, 'ADMINISTRATIVO CREDITO Y COBRANZA GOBIERNO', '4', 'ANALISTA', NULL, 1, 0, NULL);
INSERT INTO `org_puestos` VALUES (28, 1, 5, 'AUXILIAR DE CREDITO Y COBRANZA', '20', 'ANALISTA', NULL, 1, 0, NULL);
INSERT INTO `org_puestos` VALUES (29, 1, 5, 'AUXILIAR DE MESA DE CONTROL', '257', 'ANALISTA', NULL, 1, 0, NULL);
INSERT INTO `org_puestos` VALUES (30, 1, 5, 'GESTOR DE CREDITO Y COBRANZA GOBIERNO', '83', 'ANALISTA', NULL, 1, 0, NULL);
INSERT INTO `org_puestos` VALUES (31, 1, 5, 'DIRECTOR DE ADMINISTRACION Y FINANZAS', '53', 'DIRECCION', NULL, 1, 0, NULL);
INSERT INTO `org_puestos` VALUES (32, 1, 5, 'JEFE DE CONTROL DE GESTION', '248', 'JEFATURA DE AREA', NULL, 1, 0, NULL);
INSERT INTO `org_puestos` VALUES (33, 1, 5, 'JEFE DE COSTOS', '92', 'JEFATURA DE AREA', NULL, 1, 0, NULL);
INSERT INTO `org_puestos` VALUES (34, 1, 5, 'JEFE DE CUENTAS POR COBRAR Y FACTURACION', '249', 'JEFATURA DE AREA', NULL, 1, 0, NULL);
INSERT INTO `org_puestos` VALUES (35, 1, 5, 'ANALISTA DE FACTURACION', '206', 'ANALISTA', NULL, 1, 0, NULL);
INSERT INTO `org_puestos` VALUES (36, 1, 5, 'ANALISTA DE FACTURACION', '206', 'ANALISTA', NULL, 1, 0, NULL);
INSERT INTO `org_puestos` VALUES (37, 1, 5, 'AUXILIAR DE FACTURACION', '244', 'ANALISTA', NULL, 1, 0, NULL);
INSERT INTO `org_puestos` VALUES (38, 1, 5, 'AUXILIAR DE FACTURACION PRIVADO', '22', 'ANALISTA', NULL, 1, 0, NULL);
INSERT INTO `org_puestos` VALUES (39, 1, 5, 'GERENTE DE JURIDICO', '255', 'GERENCIA', NULL, 1, 0, NULL);
INSERT INTO `org_puestos` VALUES (40, 4, 5, 'ENCARGADO DE PAGOS', '63', 'ANALISTA', NULL, 1, 0, NULL);
INSERT INTO `org_puestos` VALUES (41, 1, 5, 'AUXILIAR ADMINISTRATIVO DE TESORERIA', '17', 'ANALISTA', NULL, 1, 0, NULL);
INSERT INTO `org_puestos` VALUES (42, 1, 5, 'GERENTE DE TESORERIA', '79', 'GERENCIA', NULL, 1, 0, NULL);
INSERT INTO `org_puestos` VALUES (43, 1, 5, 'GESTOR DE TESORERIA', '84', 'ANALISTA', NULL, 1, 0, NULL);
INSERT INTO `org_puestos` VALUES (44, 4, 5, 'ASIMILADOS', 'ASIM', 'ASIMILADOS', NULL, 1, 0, NULL);
INSERT INTO `org_puestos` VALUES (45, 2, 5, 'ASIMILADOS', 'ASIM', 'ASIMILADOS', NULL, 1, 0, NULL);
INSERT INTO `org_puestos` VALUES (46, 1, 5, 'JEFE DE TESORERIA', '220', 'JEFATURA DE AREA', NULL, 1, 0, NULL);
INSERT INTO `org_puestos` VALUES (47, 1, 13, 'ANALISTA DE DOCUMENTACION', '250', 'ANALISTA', NULL, 1, 0, NULL);
INSERT INTO `org_puestos` VALUES (48, 2, 13, 'ANALISTA DE DOCUMENTACION', 'HP4', 'ANALISTA', NULL, 1, 0, NULL);
INSERT INTO `org_puestos` VALUES (49, 2, 13, 'ANALISTA DE SISTEMA DE CALIDAD', 'HP6', 'ANALISTA', NULL, 1, 0, NULL);
INSERT INTO `org_puestos` VALUES (50, 2, 13, 'ANALISTA DE SISTEMAS DE CALIDAD', 'HP8', 'ANALISTA', NULL, 1, 0, NULL);
INSERT INTO `org_puestos` VALUES (51, 1, 13, 'ANALISTA DE DOCUMENTACION', '250', 'ANALISTA', NULL, 1, 0, NULL);
INSERT INTO `org_puestos` VALUES (52, 2, 13, 'AUXILIAR ADMINISTRATIVO', 'HP70', 'ANALISTA', NULL, 1, 0, NULL);
INSERT INTO `org_puestos` VALUES (53, 1, 13, 'AUXILIAR ADMINISTRATIVO', '16', 'ANALISTA', NULL, 1, 0, NULL);
INSERT INTO `org_puestos` VALUES (54, 1, 13, 'COORDINADOR DE ASEGURAMIENTO DE CALIDAD', '35', 'SUPERVISOR', NULL, 1, 0, NULL);
INSERT INTO `org_puestos` VALUES (55, 2, 13, 'GERENTE DE LA UNIDAD DE CALIDAD Y RESPONSABLE SANITARIO', 'HP21', 'GERENCIA', NULL, 1, 0, NULL);
INSERT INTO `org_puestos` VALUES (56, 1, 13, 'COORDINADOR DE ASEGURAMIENTO DE CALIDAD DE ALMACEN DE INSUMOS', '36', 'SUPERVISOR', NULL, 1, 0, NULL);
INSERT INTO `org_puestos` VALUES (57, 1, 13, 'GERENTE DE UNIDAD DE CALIDAD RESPONSABLE SANITARIO', '80', 'GERENCIA', NULL, 1, 0, NULL);
INSERT INTO `org_puestos` VALUES (58, 1, 13, 'INSPECTOR DE ASEGURAMIENTO DE CALIDAD', '170', 'ANALISTA', NULL, 1, 0, NULL);
INSERT INTO `org_puestos` VALUES (59, 2, 13, 'INSPECTOR DE ASEGURAMIENTO DE CALIDAD', 'HP25', 'ANALISTA', NULL, 1, 0, NULL);
INSERT INTO `org_puestos` VALUES (60, 1, 13, 'INSPECTOR DE ASEGURAMIENTO DE CALIDAD', '170', 'ANALISTA', NULL, 1, 0, NULL);
INSERT INTO `org_puestos` VALUES (61, 1, 13, 'INSPECTOR DE PROCESOS', '86', 'ANALISTA', NULL, 1, 0, NULL);
INSERT INTO `org_puestos` VALUES (62, 1, 13, 'INSPECTOR DE PROCESOS', '86', 'ANALISTA', NULL, 1, 0, NULL);
INSERT INTO `org_puestos` VALUES (63, 2, 13, 'JEFE DE ASEGURAMIENTO DE CALIDAD', 'HP27', 'JEFATURA DE AREA', NULL, 1, 0, NULL);
INSERT INTO `org_puestos` VALUES (64, 1, 13, 'JEFE DE ASEGURAMIENTO DE CALIDAD', '88', 'JEFATURA DE AREA', NULL, 1, 0, NULL);
INSERT INTO `org_puestos` VALUES (65, 1, 13, 'QUIMICO ANALISTA DE DOCUMENTACION', '119', 'ANALISTA', NULL, 1, 0, NULL);
INSERT INTO `org_puestos` VALUES (66, 1, 13, 'QUIMICO DE ASEGURAMIENTO DE CALIDAD', '122', 'ANALISTA', NULL, 1, 0, NULL);
INSERT INTO `org_puestos` VALUES (67, 1, 13, 'QUIMICO DE ASEGURAMIENTO DE CALIDAD', '122', 'ANALISTA', NULL, 1, 0, NULL);
INSERT INTO `org_puestos` VALUES (68, 1, 13, 'QUIMICO DE ASEGURAMIENTO DE CALIDAD DE ALMACEN DE INSUMOS', '123', 'ANALISTA', NULL, 1, 0, NULL);
INSERT INTO `org_puestos` VALUES (69, 1, 13, 'QUIMICO DE MEJORA CONTINUA', '221', 'ANALISTA', NULL, 1, 0, NULL);
INSERT INTO `org_puestos` VALUES (70, 1, 13, 'QUIMICO DE SISTEMAS DE CALIDAD', '132', 'ANALISTA', NULL, 1, 0, NULL);
INSERT INTO `org_puestos` VALUES (71, 2, 13, 'SUPERVISOR DE ASEGURAMIENTO DE CALIDAD', 'HP74', 'SUPERVISOR', NULL, 1, 0, NULL);
INSERT INTO `org_puestos` VALUES (72, 1, 13, 'SUBGERENTE DE ASEGURAMIENTO DE CALIDAD', '210', 'SUBGERENCIA', NULL, 1, 0, NULL);
INSERT INTO `org_puestos` VALUES (73, 2, 13, 'COORDINADOR DE ASUNTOS REGULATORIOS Y FARMACOVIGILANCIA', 'HP57', 'SUPERVISOR', NULL, 1, 0, NULL);
INSERT INTO `org_puestos` VALUES (74, 1, 13, 'ANALISTA DE ASUNTOS REGULATORIOS', '164', 'ANALISTA', NULL, 1, 0, NULL);
INSERT INTO `org_puestos` VALUES (75, 1, 13, 'COORDINADOR DE FARMACOVIGILANCIA', '198', 'SUPERVISOR', NULL, 1, 0, NULL);
INSERT INTO `org_puestos` VALUES (76, 1, 13, 'ESPECIALISTA DE ASUNTOS REGULATORIOS LATAM', '201', 'ANALISTA', NULL, 1, 0, NULL);
INSERT INTO `org_puestos` VALUES (77, 1, 13, 'ESPECIALISTA DE ASUNTOS REGULATORIOS MEXICO', '64', 'ANALISTA', NULL, 1, 0, NULL);
INSERT INTO `org_puestos` VALUES (78, 1, 13, 'ESPECIALISTA DE ASUNTOS REGULATORIOS MEXICO', '64', 'ANALISTA', NULL, 1, 0, NULL);
INSERT INTO `org_puestos` VALUES (79, 2, 13, 'QUIMICO DE FARMACOVIGILANCIA', 'HP66', 'ANALISTA', NULL, 1, 0, NULL);
INSERT INTO `org_puestos` VALUES (80, 1, 13, 'GERENTE DE ASUNTOS REGULATORIOS', '72', 'GERENCIA', NULL, 1, 0, NULL);
INSERT INTO `org_puestos` VALUES (81, 1, 13, 'QUIMICO DE FARMACOVIGILANCIA JR.', '128', 'ANALISTA', NULL, 1, 0, NULL);
INSERT INTO `org_puestos` VALUES (82, 2, 13, 'ANALISTA DE CONTROL FISICOQUIMICO', 'HP2', 'ANALISTA', NULL, 1, 0, NULL);
INSERT INTO `org_puestos` VALUES (83, 2, 13, 'ANALISTA DE CONTROL MICROBIOLOGICO', 'HP3', 'ANALISTA', NULL, 1, 0, NULL);
INSERT INTO `org_puestos` VALUES (84, 2, 13, 'ANALISTA DE DOCUMENTACION', 'HP4', 'ANALISTA', NULL, 1, 0, NULL);
INSERT INTO `org_puestos` VALUES (85, 2, 13, 'AUXILIAR DE LABORATORIO', 'HP13', 'OPERATIVO', NULL, 1, 1, NULL);
INSERT INTO `org_puestos` VALUES (86, 1, 13, 'QUIMICO DE FARMACOVIGILANCIA SR', '180', 'ANALISTA', NULL, 1, 0, NULL);
INSERT INTO `org_puestos` VALUES (87, 1, 13, 'AUXILIAR DE LABORATORIO', '23', 'OPERATIVO', NULL, 1, 1, NULL);
INSERT INTO `org_puestos` VALUES (88, 2, 13, 'JEFE DE CONTROL DE CALIDAD', 'HP28', 'JEFATURA DE AREA', NULL, 1, 0, NULL);
INSERT INTO `org_puestos` VALUES (89, 1, 13, 'AUXILIAR DE LABORATORIO', '23', 'OPERATIVO', NULL, 1, 1, NULL);
INSERT INTO `org_puestos` VALUES (90, 1, 13, 'JEFE DE CONTROL DE CALIDAD', '91', 'JEFATURA DE AREA', NULL, 1, 0, NULL);
INSERT INTO `org_puestos` VALUES (91, 1, 13, 'QUIMICO ANALISTA DE DOCUMENTACION', '119', 'ANALISTA', NULL, 1, 0, NULL);
INSERT INTO `org_puestos` VALUES (92, 1, 13, 'QUIMICO ANALISTA DE MICROBIOLOGIA', '120', 'ANALISTA', NULL, 1, 0, NULL);
INSERT INTO `org_puestos` VALUES (93, 1, 13, 'QUIMICO ANALISTA FISICOQUIMICO', '121', 'ANALISTA', NULL, 1, 0, NULL);
INSERT INTO `org_puestos` VALUES (94, 2, 13, 'SUPERVISOR DE CONTROL DE CALIDAD', 'HP75', 'SUPERVISOR', NULL, 1, 0, NULL);
INSERT INTO `org_puestos` VALUES (95, 1, 13, 'QUIMICO ANALISTA FISICOQUIMICO', '121', 'ANALISTA', NULL, 1, 0, NULL);
INSERT INTO `org_puestos` VALUES (96, 1, 13, 'TECNICO ANALISTA', '166', 'ANALISTA', NULL, 1, 0, NULL);
INSERT INTO `org_puestos` VALUES (97, 3, 13, 'INSPECTOR DE PROCESOS', 'AL18', 'ANALISTA', NULL, 1, 0, NULL);
INSERT INTO `org_puestos` VALUES (98, 3, 13, 'INSPECTOR DE PRODUCTO TERMINADO Y MATERIA PRIMA', 'AL17', 'ANALISTA', NULL, 1, 0, NULL);
INSERT INTO `org_puestos` VALUES (99, 3, 13, 'JEFE DE CONTROL ESTADISTICO DE LA CALIDAD', 'AL23', 'JEFATURA DE AREA', NULL, 1, 0, NULL);
INSERT INTO `org_puestos` VALUES (100, 3, 13, 'REVISADOR DE PROCESO', 'AL29', 'OPERATIVO', NULL, 1, 1, NULL);
INSERT INTO `org_puestos` VALUES (101, 1, 13, 'QUIMICO DE VALIDACION', '133', 'ANALISTA', NULL, 1, 0, NULL);
INSERT INTO `org_puestos` VALUES (102, 3, 13, 'JEFE DEL SISTEMA DE GESTION DE CALIDAD', 'AL34', 'JEFATURA DE AREA', NULL, 1, 0, NULL);
INSERT INTO `org_puestos` VALUES (103, 2, 13, 'ANALISTA DE VALIDACION', 'HP9', 'ANALISTA', NULL, 1, 0, NULL);
INSERT INTO `org_puestos` VALUES (104, 1, 13, 'QUIMICO DE VALIDACION Y CALIFICACION', '134', 'ANALISTA', NULL, 1, 0, NULL);
INSERT INTO `org_puestos` VALUES (105, 1, 13, 'QUIMICO DE VALIDACION Y CALIFICACION', '134', 'ANALISTA', NULL, 1, 0, NULL);
INSERT INTO `org_puestos` VALUES (106, 1, 13, 'SUBGERENTE DE VALIDACION', '253', 'SUBGERENCIA', NULL, 1, 0, NULL);
INSERT INTO `org_puestos` VALUES (107, 1, 3, 'ESPECIALISTA DE COMPRAS GENERALES', '66', 'ANALISTA', NULL, 1, 0, NULL);
INSERT INTO `org_puestos` VALUES (108, 2, 13, 'SUBGERENTE DE VALIDACION', 'HP97', 'SUBGERENCIA', NULL, 1, 0, NULL);
INSERT INTO `org_puestos` VALUES (109, 2, 13, 'SUPERVISOR DE VALIDACION', 'HP45', 'SUPERVISOR', NULL, 1, 0, NULL);
INSERT INTO `org_puestos` VALUES (110, 1, 3, 'ESPECIALISTA DE COMPRAS GENERALES', '66', 'ANALISTA', NULL, 1, 0, NULL);
INSERT INTO `org_puestos` VALUES (111, 1, 3, 'JEFE DE COMPRAS', '90', 'JEFATURA DE AREA', NULL, 1, 0, NULL);
INSERT INTO `org_puestos` VALUES (112, 1, 12, 'ANALISTA DE ASUNTOS REGULATORIOS', '164', 'ANALISTA', NULL, 1, 0, NULL);
INSERT INTO `org_puestos` VALUES (113, 3, 3, 'JEFE DE COMPRAS', 'AL2', 'JEFATURA DE AREA', NULL, 1, 0, NULL);
INSERT INTO `org_puestos` VALUES (114, 3, 3, 'AUXILIAR ADMINISTRATIVO Y COMPRAS', 'AL38', 'ANALISTA', NULL, 1, 0, NULL);
INSERT INTO `org_puestos` VALUES (115, 1, 12, 'AUXILIAR DE LABORATORIO', '23', 'OPERATIVO', NULL, 1, 1, NULL);
INSERT INTO `org_puestos` VALUES (116, 1, 12, 'COORDINADOR ANALITICO', '34', 'SUPERVISOR', NULL, 1, 0, NULL);
INSERT INTO `org_puestos` VALUES (117, 1, 12, 'COORDINADOR DE FORMULACIONES', '193', 'SUPERVISOR', NULL, 1, 0, NULL);
INSERT INTO `org_puestos` VALUES (118, 1, 12, 'COORDINADOR DE TRANSFERENCIAS', '177', 'SUPERVISOR', NULL, 1, 0, NULL);
INSERT INTO `org_puestos` VALUES (119, 1, 12, 'GERENTE DE DESARROLLO', '167', 'GERENCIA', NULL, 1, 0, NULL);
INSERT INTO `org_puestos` VALUES (120, 1, 12, 'QUIMICO DE ASISTENCIA TECNICA', '200', 'ANALISTA', NULL, 1, 0, NULL);
INSERT INTO `org_puestos` VALUES (121, 1, 12, 'QUIMICO DE DESARROLLO ANALITICO', '125', 'ANALISTA', NULL, 1, 0, NULL);
INSERT INTO `org_puestos` VALUES (122, 1, 12, 'QUIMICO DE DESARROLLO ANALITICO', '125', 'ANALISTA', NULL, 1, 0, NULL);
INSERT INTO `org_puestos` VALUES (123, 1, 12, 'QUIMICO DE DOCUMENTACION', '127', 'ANALISTA', NULL, 1, 0, NULL);
INSERT INTO `org_puestos` VALUES (124, 1, 12, 'QUIMICO DE DOCUMENTACION', '127', 'ANALISTA', NULL, 1, 0, NULL);
INSERT INTO `org_puestos` VALUES (125, 1, 12, 'QUIMICO DE FORMULACIONES', '130', 'ANALISTA', NULL, 1, 0, NULL);
INSERT INTO `org_puestos` VALUES (126, 1, 12, 'QUIMICO DE TRANSFERENCIAS', '190', 'ANALISTA', NULL, 1, 0, NULL);
INSERT INTO `org_puestos` VALUES (127, 1, 12, 'QUIMICO DE TRANSFERENCIAS', '190', 'ANALISTA', NULL, 1, 0, NULL);
INSERT INTO `org_puestos` VALUES (128, 1, 12, 'QUIMICO DE TRANSFERENCIAS', '190', 'ANALISTA', NULL, 1, 0, NULL);
INSERT INTO `org_puestos` VALUES (129, 1, 1, 'DIRECTOR GENERAL', '58', 'DIRECCION GENERAL', NULL, 1, 0, NULL);
INSERT INTO `org_puestos` VALUES (130, 1, 7, 'GERENTE COMERCIAL DE EXPORTACIONES Y NUEVAS LINEAS', '256', 'GERENCIA', NULL, 1, 0, NULL);
INSERT INTO `org_puestos` VALUES (131, 1, 11, 'AUXILIAR DE LIMPIEZA', '24', 'OPERATIVO', NULL, 1, 1, NULL);
INSERT INTO `org_puestos` VALUES (132, 1, 11, 'AUXILIAR DE LIMPIEZA', '24', 'OPERATIVO', NULL, 1, 1, NULL);
INSERT INTO `org_puestos` VALUES (133, 1, 11, 'AUXILIAR DE LIMPIEZA', '24', 'OPERATIVO', NULL, 1, 1, NULL);
INSERT INTO `org_puestos` VALUES (134, 1, 11, 'AUXILIAR DE LIMPIEZA', '24', 'OPERATIVO', NULL, 1, 1, NULL);
INSERT INTO `org_puestos` VALUES (135, 1, 11, 'AUXILIAR DE MANTENIMIENTO', '246', 'OPERATIVO', NULL, 1, 0, NULL);
INSERT INTO `org_puestos` VALUES (136, 1, 11, 'GERENTE DE INGENIERIA Y MANTENIMIENTO', '73', 'GERENCIA', NULL, 1, 0, NULL);
INSERT INTO `org_puestos` VALUES (137, 1, 11, 'JEFE DE MANTENIMIENTO', '95', 'JEFATURA DE AREA', NULL, 1, 0, NULL);
INSERT INTO `org_puestos` VALUES (138, 1, 11, 'MECANICO', '176', 'OPERATIVO', NULL, 1, 0, NULL);
INSERT INTO `org_puestos` VALUES (139, 1, 11, 'MECANICO', '176', 'OPERATIVO', NULL, 1, 0, NULL);
INSERT INTO `org_puestos` VALUES (140, 1, 11, 'TECNICO DE DOCUMENTACION', '225', 'ANALISTA', NULL, 1, 0, NULL);
INSERT INTO `org_puestos` VALUES (141, 1, 11, 'TECNICO EN MANTENIMIENTO GENERAL', '175', 'ANALISTA', NULL, 1, 0, NULL);
INSERT INTO `org_puestos` VALUES (142, 1, 11, 'TECNICO ESPECIALIZADO', '159', 'ANALISTA', NULL, 1, 0, NULL);
INSERT INTO `org_puestos` VALUES (143, 2, 11, 'AUXILIAR DE LAVANDERIA', 'HP14', 'OPERATIVO', NULL, 1, 1, NULL);
INSERT INTO `org_puestos` VALUES (144, 2, 11, 'AUXILIAR DE LIMPIEZA DE SERVICIOS GENERALES', 'HP15', 'OPERATIVO', NULL, 1, 1, NULL);
INSERT INTO `org_puestos` VALUES (145, 2, 11, 'AYUDANTE GENERAL', 'HP81', 'OPERATIVO', NULL, 1, 1, NULL);
INSERT INTO `org_puestos` VALUES (146, 2, 11, 'GERENTE DE INGENIERIA Y MANTENIMIENTO', 'HP98', 'GERENCIA', NULL, 1, 0, NULL);
INSERT INTO `org_puestos` VALUES (147, 3, 11, 'JEFE DE MANTENIMIENTO', 'AL6', 'JEFATURA DE AREA', NULL, 1, 0, NULL);
INSERT INTO `org_puestos` VALUES (148, 3, 11, 'MECANICO', 'AL20', 'OPERATIVO', NULL, 1, 1, NULL);
INSERT INTO `org_puestos` VALUES (149, 2, 11, 'SUPERVISOR DE MANTENIMIENTO', 'HP51', 'SUPERVISOR', NULL, 1, 0, NULL);
INSERT INTO `org_puestos` VALUES (150, 2, 11, 'TECNICO DE AREAS ASEPTICAS', 'HP52', 'OPERATIVO', NULL, 1, 0, NULL);
INSERT INTO `org_puestos` VALUES (151, 2, 11, 'TECNICO DE DOCUMENTACION', 'HP77', 'OPERATIVO', NULL, 1, 0, NULL);
INSERT INTO `org_puestos` VALUES (152, 2, 11, 'TECNICO ELECTROMECANICO', 'HP46', 'OPERATIVO', NULL, 1, 0, NULL);
INSERT INTO `org_puestos` VALUES (153, 2, 11, 'TECNICO EN SERVICIOS GENERALES', 'HP93', 'OPERATIVO', NULL, 1, 0, NULL);
INSERT INTO `org_puestos` VALUES (154, 2, 11, 'TECNICO MECANICO DE SERVICIO CRITICO', 'HP47', 'OPERATIVO', NULL, 1, 0, NULL);
INSERT INTO `org_puestos` VALUES (155, 1, 9, 'AUXILIAR ADMINISTRATIVO', '16', 'ANALISTA', NULL, 1, 0, NULL);
INSERT INTO `org_puestos` VALUES (156, 1, 9, 'CAMBACISTA', '245', 'VENTAS', NULL, 1, 0, NULL);
INSERT INTO `org_puestos` VALUES (157, 1, 9, 'CAMBACISTA', '245', 'VENTAS', NULL, 1, 0, NULL);
INSERT INTO `org_puestos` VALUES (158, 1, 9, 'COORDINADOR DE INTELIGENCIA DE MERCADOS ', '39', 'SUPERVISOR', NULL, 1, 0, NULL);
INSERT INTO `org_puestos` VALUES (159, 1, 9, 'COORDINADOR DE MARCA JR.', '40', 'SUPERVISOR', NULL, 1, 0, NULL);
INSERT INTO `org_puestos` VALUES (160, 1, 9, 'COORDINADOR DE MARKETING DIGITAL', '41', 'SUPERVISOR', NULL, 1, 0, NULL);
INSERT INTO `org_puestos` VALUES (161, 1, 9, 'DISEÑADOR GRAFICO', '171', 'ANALISTA', NULL, 1, 0, NULL);
INSERT INTO `org_puestos` VALUES (162, 1, 9, 'GERENTE DE MARKETING', '74', 'GERENCIA', NULL, 1, 0, NULL);
INSERT INTO `org_puestos` VALUES (163, 1, 9, 'INGENIERO DE EMPAQUE', '184', 'VENTAS', NULL, 1, 0, NULL);
INSERT INTO `org_puestos` VALUES (164, 1, 9, 'PROMOVENDEDORA', '114', 'VENTAS', NULL, 1, 0, NULL);
INSERT INTO `org_puestos` VALUES (165, 1, 9, 'PROMOVENDEDORA', '114', 'VENTAS', NULL, 1, 0, NULL);
INSERT INTO `org_puestos` VALUES (166, 1, 9, 'PROMOVENDEDORA', '114', 'VENTAS', NULL, 1, 0, NULL);
INSERT INTO `org_puestos` VALUES (167, 1, 9, 'SUPERVISOR DE PROMOVENDEDORAS', '156', 'SUPERVISOR', NULL, 1, 0, NULL);
INSERT INTO `org_puestos` VALUES (168, 1, 6, 'ADMINISTRACION DE NUEVOS NEGOCIOS Y DIRECCION GENERAL', '1', 'JEFATURA DE AREA', NULL, 1, 0, NULL);
INSERT INTO `org_puestos` VALUES (169, 1, 6, 'COORDINADOR DE OPERACIONES DE PROYECTOS ESPECIALES', '242', 'SUPERVISOR', NULL, 1, 0, NULL);
INSERT INTO `org_puestos` VALUES (170, 1, 6, 'DIRECTOR DE NUEVOS NEGOCIOS', '56', 'DIRECCION', NULL, 1, 0, NULL);
INSERT INTO `org_puestos` VALUES (171, 1, 6, 'GERENTE CORPORATIVO DE NUEVOS NEGOCIOS', '252', 'GERENCIA', NULL, 1, 0, NULL);
INSERT INTO `org_puestos` VALUES (172, 1, 6, 'LIDER DE NUEVOS NEGOCIOS SR', '205', 'ANALISTA', NULL, 1, 0, NULL);
INSERT INTO `org_puestos` VALUES (173, 1, 6, 'LIDER DE PROYECTOS DE INVERSION', '247', 'ANALISTA', NULL, 1, 0, NULL);
INSERT INTO `org_puestos` VALUES (174, 1, 6, 'MENSAJERO', '103', 'ANALISTA', NULL, 1, 0, NULL);
INSERT INTO `org_puestos` VALUES (175, 1, 6, 'MENSAJERO', '103', 'ANALISTA', NULL, 1, 0, NULL);
INSERT INTO `org_puestos` VALUES (176, 4, 6, 'REPRESENTANTE DE VENTAS KAM DE PROYECTOS ESPECIALES', '173', 'ANALISTA', NULL, 1, 0, NULL);
INSERT INTO `org_puestos` VALUES (177, 2, 4, 'ANALISTA DE INVENTARIOS', 'HP69', 'ANALISTA', NULL, 1, 0, NULL);
INSERT INTO `org_puestos` VALUES (178, 3, 4, 'AUXILIAR DE ALMACEN', 'AL26', 'OPERATIVO', NULL, 1, 1, NULL);
INSERT INTO `org_puestos` VALUES (179, 2, 4, 'AUXILIAR DE LIMPIEZA DE SERVICIOS GENERALES', 'HP15', 'OPERATIVO', NULL, 1, 1, NULL);
INSERT INTO `org_puestos` VALUES (180, 3, 4, 'CHOFER ALMACENISTA', 'AL41', 'OPERATIVO', NULL, 1, 1, NULL);
INSERT INTO `org_puestos` VALUES (181, 2, 4, 'JEFE DE ALMACEN', 'HP26', 'JEFATURA DE AREA', NULL, 1, 0, NULL);
INSERT INTO `org_puestos` VALUES (182, 3, 4, 'JEFE DE ALMACEN', 'AL1', 'JEFATURA DE AREA', NULL, 1, 1, NULL);
INSERT INTO `org_puestos` VALUES (183, 2, 4, 'MONTACARGUISTA', 'HP89', 'OPERATIVO', NULL, 1, 1, NULL);
INSERT INTO `org_puestos` VALUES (184, 2, 4, 'OPERADOR DE ALMACEN', 'HP31', 'OPERATIVO', NULL, 1, 1, NULL);
INSERT INTO `org_puestos` VALUES (185, 2, 4, 'PESADOR', 'HP91', 'OPERATIVO', NULL, 1, 1, NULL);
INSERT INTO `org_puestos` VALUES (186, 2, 4, 'SUPERVISOR DE ALMACEN', 'HP43', 'SUPERVISOR', NULL, 1, 0, NULL);
INSERT INTO `org_puestos` VALUES (187, 1, 4, 'ANALISTA DE INVENTARIOS', '7', 'ANALISTA', NULL, 1, 0, NULL);
INSERT INTO `org_puestos` VALUES (188, 1, 4, 'AUXILIAR DE LIMPIEZA', '24', 'OPERATIVO', NULL, 1, 1, NULL);
INSERT INTO `org_puestos` VALUES (189, 1, 4, 'AYUDANTE GENERAL', '28', 'OPERATIVO', NULL, 1, 1, NULL);
INSERT INTO `org_puestos` VALUES (190, 1, 4, 'AYUDANTE GENERAL', '28', 'OPERATIVO', NULL, 1, 1, NULL);
INSERT INTO `org_puestos` VALUES (191, 1, 4, 'MONTACARGUISTA', '104', 'OPERATIVO', NULL, 1, 1, NULL);
INSERT INTO `org_puestos` VALUES (192, 1, 4, 'PESADOR', '109', 'OPERATIVO', NULL, 1, 1, NULL);
INSERT INTO `org_puestos` VALUES (193, 1, 4, 'PESADOR', '109', 'OPERATIVO', NULL, 1, 1, NULL);
INSERT INTO `org_puestos` VALUES (194, 1, 4, 'SUPERVISOR DE MATERIALES DE ACONDICIONAMIENTO', '151', 'SUPERVISOR', NULL, 1, 0, NULL);
INSERT INTO `org_puestos` VALUES (195, 1, 4, 'AYUDANTE GENERAL', '28', 'OPERATIVO', NULL, 1, 1, NULL);
INSERT INTO `org_puestos` VALUES (196, 1, 4, 'SUPERVISOR DE MATERIALES DE ENVASE Y EMPAQUE', '199', 'SUPERVISOR', NULL, 1, 0, NULL);
INSERT INTO `org_puestos` VALUES (197, 1, 4, 'SUPERVISOR DE MATERIALES DE ENVASE Y EMPAQUE', '199', 'SUPERVISOR', NULL, 1, 0, NULL);
INSERT INTO `org_puestos` VALUES (198, 1, 4, 'AYUDANTE GENERAL', '28', 'OPERATIVO', NULL, 1, 1, NULL);
INSERT INTO `org_puestos` VALUES (199, 1, 4, 'ANALISTA DE INVENTARIOS', '7', 'ANALISTA', NULL, 1, 0, NULL);
INSERT INTO `org_puestos` VALUES (200, 1, 4, 'AUXILIAR DE DOCUMENTACION DE EMBARQUES', '208', 'OPERATIVO', NULL, 1, 0, NULL);
INSERT INTO `org_puestos` VALUES (201, 1, 4, 'AUXILIAR DE INVENTARIOS', '237', 'OPERATIVO', NULL, 1, 0, NULL);
INSERT INTO `org_puestos` VALUES (202, 1, 4, 'AUXILIAR DE LIMPIEZA', '24', 'OPERATIVO', NULL, 1, 1, NULL);
INSERT INTO `org_puestos` VALUES (203, 1, 4, 'AYUDANTE GENERAL', '28', 'OPERATIVO', NULL, 1, 1, NULL);
INSERT INTO `org_puestos` VALUES (204, 1, 4, 'AYUDANTE GENERAL', '28', 'OPERATIVO', NULL, 1, 1, NULL);
INSERT INTO `org_puestos` VALUES (205, 1, 4, 'CHOFER', '30', 'OPERATIVO', NULL, 1, 1, NULL);
INSERT INTO `org_puestos` VALUES (206, 1, 4, 'COORDINADOR DE ALMACEN', '228', 'SUPERVISOR', NULL, 1, 0, NULL);
INSERT INTO `org_puestos` VALUES (207, 1, 4, 'GERENTE DE ALMACENES', '239', 'GERENCIA', NULL, 1, 0, NULL);
INSERT INTO `org_puestos` VALUES (208, 1, 4, 'JEFE DE EMBARQUES', '241', 'JEFATURA DE AREA', NULL, 1, 0, NULL);
INSERT INTO `org_puestos` VALUES (209, 1, 4, 'MONTACARGUISTA', '104', 'OPERATIVO', NULL, 1, 1, NULL);
INSERT INTO `org_puestos` VALUES (210, 1, 4, 'SUPERVISOR ADMINISTRATIVO DE EMBARQUES', '145', 'SUPERVISOR', NULL, 1, 0, NULL);
INSERT INTO `org_puestos` VALUES (211, 1, 4, 'SUPERVISOR DE ALMACEN', '147', 'SUPERVISOR', NULL, 1, 0, NULL);
INSERT INTO `org_puestos` VALUES (212, 1, 4, 'SUPERVISOR DE PISO', '229', 'SUPERVISOR', NULL, 1, 0, NULL);
INSERT INTO `org_puestos` VALUES (213, 1, 4, 'SUPERVISOR OPERATIVO DE EMBARQUES', '157', 'SUPERVISOR', NULL, 1, 0, NULL);
INSERT INTO `org_puestos` VALUES (214, 1, 4, 'JEFE DE CONTROL ANALITICO', '217', 'JEFATURA DE AREA', NULL, 1, 0, NULL);
INSERT INTO `org_puestos` VALUES (215, 1, 4, 'QUIMICO ANALISTA DE DOCUMENTACION', '119', 'ANALISTA', NULL, 1, 0, NULL);
INSERT INTO `org_puestos` VALUES (216, 1, 4, 'QUIMICO ANALISTA FISICOQUIMICO', '121', 'ANALISTA', NULL, 1, 0, NULL);
INSERT INTO `org_puestos` VALUES (217, 1, 4, 'QUIMICO ANALISTA FISICOQUIMICO SENIOR', '189', 'ANALISTA', NULL, 1, 0, NULL);
INSERT INTO `org_puestos` VALUES (218, 1, 4, 'ASISTENTE DE DIRECCION DE OPERACIONES', '11', 'ANALISTA', NULL, 1, 0, NULL);
INSERT INTO `org_puestos` VALUES (219, 2, 4, 'ANALISTA DE DOCUMENTACION', 'HP4', 'ANALISTA', NULL, 1, 0, NULL);
INSERT INTO `org_puestos` VALUES (220, 2, 4, 'AYUDANTE GENERAL', 'HP81', 'OPERATIVO', NULL, 1, 1, NULL);
INSERT INTO `org_puestos` VALUES (221, 2, 4, 'GERENTE DE LA UNIDAD DE FABRICACION', 'HP22', 'GERENCIA', NULL, 1, 0, NULL);
INSERT INTO `org_puestos` VALUES (222, 2, 4, 'JEFE DE FABRICACION', 'HP54', 'JEFATURA DE AREA', NULL, 1, 0, NULL);
INSERT INTO `org_puestos` VALUES (223, 2, 4, 'OPERADOR A', 'HP82', 'OPERATIVO', NULL, 1, 1, NULL);
INSERT INTO `org_puestos` VALUES (224, 2, 4, 'OPERADOR B', 'HP83', 'OPERATIVO', NULL, 1, 1, NULL);
INSERT INTO `org_puestos` VALUES (225, 2, 4, 'OPERADOR C', 'HP84', 'OPERATIVO', NULL, 1, 1, NULL);
INSERT INTO `org_puestos` VALUES (226, 2, 4, 'OPERADOR D', 'HP85', 'OPERATIVO', NULL, 1, 1, NULL);
INSERT INTO `org_puestos` VALUES (227, 2, 4, 'SUPERVISOR DE PRODUCCION', 'HP76', 'SUPERVISOR', NULL, 1, 0, NULL);
INSERT INTO `org_puestos` VALUES (228, 2, 4, 'SUPERVISOR DE PRODUCCION INYECTABLES', 'HP44', 'SUPERVISOR', NULL, 1, 0, NULL);
INSERT INTO `org_puestos` VALUES (229, 3, 4, 'INGENIERIA DE LITOGRAFIA', 'AL31', 'ANALISTA', NULL, 1, 0, NULL);
INSERT INTO `org_puestos` VALUES (230, 3, 4, 'INGENIERIA DE PRENSA', 'AL5', 'ANALISTA', NULL, 1, 0, NULL);
INSERT INTO `org_puestos` VALUES (231, 1, 4, 'JEFE DE METROLOGIA', '219', 'JEFATURA DE AREA', NULL, 1, 0, NULL);
INSERT INTO `org_puestos` VALUES (232, 2, 4, 'JEFE DE METROLOGIA', 'HP96', 'JEFATURA DE AREA', NULL, 1, 0, NULL);
INSERT INTO `org_puestos` VALUES (233, 1, 4, 'QUIMICO DE METROLOGIA', '222', 'OPERATIVO', NULL, 1, 0, NULL);
INSERT INTO `org_puestos` VALUES (234, 2, 4, 'QUIMICO DE METROLOGIA', 'HP73', 'OPERATIVO', NULL, 1, 0, NULL);
INSERT INTO `org_puestos` VALUES (235, 3, 4, 'JEFE DE PLANEACION', 'AL39', 'JEFATURA DE AREA', NULL, 1, 0, NULL);
INSERT INTO `org_puestos` VALUES (236, 1, 4, 'GERENTE DE PLANEACION Y LOGISTICA', '240', 'GERENCIA', NULL, 1, 0, NULL);
INSERT INTO `org_puestos` VALUES (237, 1, 4, 'JEFE DE PLANEACION Y MATERIALES', '97', 'JEFATURA DE AREA', NULL, 1, 0, NULL);
INSERT INTO `org_puestos` VALUES (238, 1, 4, 'PLANEADOR JR', '112', 'ANALISTA', NULL, 1, 0, NULL);
INSERT INTO `org_puestos` VALUES (239, 1, 4, 'PLANEADOR SENIOR', '113', 'ANALISTA', NULL, 1, 0, NULL);
INSERT INTO `org_puestos` VALUES (240, 1, 4, 'SUBDIRECTOR DE CADENA DE SUMINISTRO', '238', 'SUBDIRECCION', NULL, 1, 0, NULL);
INSERT INTO `org_puestos` VALUES (241, 1, 4, 'SUPERVISOR DE MEJORA CONTINUA DE CADENA DE SUMINISTRO', '152', 'SUPERVISOR', NULL, 1, 0, NULL);
INSERT INTO `org_puestos` VALUES (242, 3, 4, 'AUXILIAR ADMINISTRATIVO DE PRODUCCION', 'AL37', 'ANALISTA', NULL, 1, 0, NULL);
INSERT INTO `org_puestos` VALUES (243, 3, 4, 'GERENTE DE PLANTA', 'AL32', 'GERENCIA', NULL, 1, 0, NULL);
INSERT INTO `org_puestos` VALUES (244, 3, 4, 'JEFE DE INGENIERIA', 'AL14', 'JEFATURA DE AREA', NULL, 1, 0, NULL);
INSERT INTO `org_puestos` VALUES (245, 3, 4, 'JEFE DE PRENSA', 'AL42', 'JEFATURA DE AREA', NULL, 1, 0, NULL);
INSERT INTO `org_puestos` VALUES (246, 3, 4, 'OPERADOR DE LITOGRAFIA', 'AL8', 'OPERATIVO', NULL, 1, 1, NULL);
INSERT INTO `org_puestos` VALUES (247, 3, 4, 'OPERADOR DE PRENSA', 'AL10', 'OPERATIVO', NULL, 1, 1, NULL);
INSERT INTO `org_puestos` VALUES (248, 3, 4, 'SUPERVISOR DE PRODUCCION', 'AL3', 'SUPERVISOR', NULL, 1, 0, NULL);
INSERT INTO `org_puestos` VALUES (249, 1, 4, 'AYUDANTE GENERAL', '28', 'OPERATIVO', NULL, 1, 1, NULL);
INSERT INTO `org_puestos` VALUES (250, 1, 4, 'AYUDANTE GENERAL', '28', 'OPERATIVO', NULL, 1, 1, NULL);
INSERT INTO `org_puestos` VALUES (251, 1, 4, 'AYUDANTE GENERAL', '28', 'OPERATIVO', NULL, 1, 1, NULL);
INSERT INTO `org_puestos` VALUES (252, 1, 4, 'GERENTE DE PLANTA', '251', 'GERENCIA', NULL, 1, 0, NULL);
INSERT INTO `org_puestos` VALUES (253, 1, 4, 'JEFE DE PRODUCCION', '99', 'JEFATURA DE AREA', NULL, 1, 0, NULL);
INSERT INTO `org_puestos` VALUES (254, 1, 4, 'OPERADOR A', '231', 'OPERATIVO', NULL, 1, 1, NULL);
INSERT INTO `org_puestos` VALUES (255, 1, 4, 'OPERADOR B', '232', 'OPERATIVO', NULL, 1, 1, NULL);
INSERT INTO `org_puestos` VALUES (256, 1, 4, 'OPERADOR B', '232', 'OPERATIVO', NULL, 1, 1, NULL);
INSERT INTO `org_puestos` VALUES (257, 1, 4, 'OPERADOR C', '233', 'OPERATIVO', NULL, 1, 1, NULL);
INSERT INTO `org_puestos` VALUES (258, 1, 4, 'OPERADOR D', '234', 'OPERATIVO', NULL, 1, 1, NULL);
INSERT INTO `org_puestos` VALUES (259, 1, 4, 'QUIMICO DE DOCUMENTACION', '127', 'ANALISTA', NULL, 1, 0, NULL);
INSERT INTO `org_puestos` VALUES (260, 1, 4, 'QUIMICO DE DOCUMENTACION', '127', 'ANALISTA', NULL, 1, 0, NULL);
INSERT INTO `org_puestos` VALUES (261, 1, 4, 'SUPERVISOR DE PRODUCCION', '153', 'SUPERVISOR', NULL, 1, 0, NULL);
INSERT INTO `org_puestos` VALUES (262, 1, 4, 'SUPERVISOR DE PRODUCCION ', '154', 'SUPERVISOR', NULL, 1, 0, NULL);
INSERT INTO `org_puestos` VALUES (263, 1, 4, 'AYUDANTE GENERAL', '28', 'OPERATIVO', NULL, 1, 1, NULL);
INSERT INTO `org_puestos` VALUES (264, 1, 4, 'AYUDANTE GENERAL', '28', 'OPERATIVO', NULL, 1, 1, NULL);
INSERT INTO `org_puestos` VALUES (265, 1, 4, 'OPERADOR A', '231', 'OPERATIVO', NULL, 1, 1, NULL);
INSERT INTO `org_puestos` VALUES (266, 1, 4, 'OPERADOR B', '232', 'OPERATIVO', NULL, 1, 1, NULL);
INSERT INTO `org_puestos` VALUES (267, 1, 4, 'OPERADOR B', '232', 'OPERATIVO', NULL, 1, 1, NULL);
INSERT INTO `org_puestos` VALUES (268, 1, 4, 'OPERADOR C', '233', 'OPERATIVO', NULL, 1, 1, NULL);
INSERT INTO `org_puestos` VALUES (269, 1, 4, 'OPERADOR C', '233', 'OPERATIVO', NULL, 1, 1, NULL);
INSERT INTO `org_puestos` VALUES (270, 1, 4, 'OPERADOR D', '234', 'OPERATIVO', NULL, 1, 1, NULL);
INSERT INTO `org_puestos` VALUES (271, 1, 4, 'OPERADOR E', '235', 'OPERATIVO', NULL, 1, 1, NULL);
INSERT INTO `org_puestos` VALUES (272, 1, 4, 'SUPERVISOR DE PRODUCCION', '153', 'SUPERVISOR', NULL, 1, 0, NULL);
INSERT INTO `org_puestos` VALUES (273, 2, 10, 'ANALISTA DE SEGURIDAD INDUSTRIAL Y PROTECCION AMBIENTAL', 'HP5', 'ANALISTA', NULL, 1, 0, NULL);
INSERT INTO `org_puestos` VALUES (274, 2, 10, 'ENFERMERO DE HIGIENE Y SEGURIDAD INDUSTRIAL', 'HP19', 'ANALISTA', NULL, 1, 0, NULL);
INSERT INTO `org_puestos` VALUES (275, 2, 10, 'GERENTE CORPORATIVO DE SALUD OCUPACIONAL Y SEGURIDAD E HIGIENE', 'HP53', 'GERENCIA', NULL, 1, 0, NULL);
INSERT INTO `org_puestos` VALUES (276, 2, 10, 'TECNICO DE URGENCIAS MEDICAS', 'HP78', 'ANALISTA', NULL, 1, 0, NULL);
INSERT INTO `org_puestos` VALUES (277, 1, 10, 'ASISTENTE DE RECURSOS HUMANOS', '12', 'ANALISTA', NULL, 1, 0, NULL);
INSERT INTO `org_puestos` VALUES (278, 1, 10, 'AUXILIAR DE DESARROLLO ORGANIZACIONAL', '209', 'ANALISTA', NULL, 1, 0, NULL);
INSERT INTO `org_puestos` VALUES (279, 1, 10, 'AUXILIAR DE LIMPIEZA', '24', 'OPERATIVO', NULL, 1, 1, NULL);
INSERT INTO `org_puestos` VALUES (280, 3, 10, 'AUXILIAR DE LIMPIEZA', 'AL24', 'OPERATIVO', NULL, 1, 1, NULL);
INSERT INTO `org_puestos` VALUES (281, 1, 10, 'AUXILIAR DE RECLUTAMIENTO', '192', 'ANALISTA', NULL, 1, 0, NULL);
INSERT INTO `org_puestos` VALUES (282, 2, 10, 'AUXILIAR DE RECLUTAMIENTO Y SELECCION', 'HP65', 'ANALISTA', NULL, 1, 0, NULL);
INSERT INTO `org_puestos` VALUES (283, 1, 10, 'COORDINADOR DE RECLUTAMIENTO SELECCION Y DO', '43', 'SUPERVISOR', NULL, 1, 0, NULL);
INSERT INTO `org_puestos` VALUES (284, 2, 10, 'COORDINADOR DE RECURSOS HUMANOS', 'HP18', 'SUPERVISOR', NULL, 1, 0, NULL);
INSERT INTO `org_puestos` VALUES (285, 3, 10, 'COORDINADOR DE RECURSOS HUMANOS', 'AL12', 'SUPERVISOR', NULL, 1, 0, NULL);
INSERT INTO `org_puestos` VALUES (286, 1, 10, 'GENERALISTA DE RECURSOS HUMANOS RECLUTAMIENTO Y SELECCION', '70', 'ANALISTA', NULL, 1, 0, NULL);
INSERT INTO `org_puestos` VALUES (287, 2, 10, 'GENERALISTA DE RECURSOS HUMANOS RECLUTAMIENTO Y SELECCION', 'HP90', 'ANALISTA', NULL, 1, 0, NULL);
INSERT INTO `org_puestos` VALUES (288, 1, 10, 'GERENTE DE COMPENSACIONES', '258', 'GERENCIA', NULL, 1, 0, NULL);
INSERT INTO `org_puestos` VALUES (289, 1, 10, 'JEFE DE DESARROLLO ORGANIZACIONAL Y COMPENSACIONES', '260', 'JEFATURA DE AREA', NULL, 1, 0, NULL);
INSERT INTO `org_puestos` VALUES (290, 1, 10, 'RECEPCIONISTA', '135', 'ANALISTA', NULL, 1, 0, NULL);
INSERT INTO `org_puestos` VALUES (291, 1, 10, 'SUBDIRECTOR CORPORATIVO DE RECURSOS HUMANOS', '254', 'SUBDIRECCION', NULL, 1, 0, NULL);
INSERT INTO `org_puestos` VALUES (292, 1, 10, 'SUBGERENTE DE CAPACITACION Y COMUNICACION INTERNA', '259', 'SUBGERENCIA', NULL, 1, 0, NULL);
INSERT INTO `org_puestos` VALUES (293, 3, 10, 'ANALISTA DE SEGURIDAD E HIGIENE', 'AL11', 'ANALISTA', NULL, 1, 0, NULL);
INSERT INTO `org_puestos` VALUES (294, 1, 10, 'AUXILIAR DE SEGURIDAD Y MEDIO AMBIENTE', '163', 'ANALISTA', NULL, 1, 0, NULL);
INSERT INTO `org_puestos` VALUES (295, 1, 10, 'ENFERMERA DE SALUD OCUPACIONAL', '178', 'ANALISTA', NULL, 1, 0, NULL);
INSERT INTO `org_puestos` VALUES (296, 1, 8, 'ANALISTA DE SISTEMAS', '9', 'ANALISTA', NULL, 1, 0, NULL);
INSERT INTO `org_puestos` VALUES (297, 1, 8, 'ANALISTA DE SISTEMAS', '9', 'ANALISTA', NULL, 1, 0, NULL);
INSERT INTO `org_puestos` VALUES (298, 2, 8, 'ANALISTA DE SISTEMAS', 'HP7', 'ANALISTA', NULL, 1, 0, NULL);
INSERT INTO `org_puestos` VALUES (299, 1, 8, 'COORDINADOR DE SISTEMAS', '44', 'SUPERVISOR', NULL, 1, 0, NULL);
INSERT INTO `org_puestos` VALUES (300, 1, 8, 'DESARROLLADOR', '48', 'ANALISTA', NULL, 1, 0, NULL);
INSERT INTO `org_puestos` VALUES (301, 1, 8, 'GERENTE DE SISTEMAS', '78', 'GERENCIA', NULL, 1, 0, NULL);
INSERT INTO `org_puestos` VALUES (302, 1, 8, 'SOPORTE ESPECIALIZADO SAP BO', '143', 'ANALISTA', NULL, 1, 0, NULL);
INSERT INTO `org_puestos` VALUES (303, 1, 2, 'ADMINISTRACION DE VENTAS Y ATENCION A CLIENTES', '2', 'VENTAS', NULL, 1, 0, NULL);
INSERT INTO `org_puestos` VALUES (304, 1, 2, 'ADMINISTRACION Y OPERACION DE VENTAS', '3', 'VENTAS', NULL, 1, 0, NULL);
INSERT INTO `org_puestos` VALUES (305, 1, 2, 'ADMINISTRATIVO Y OPERACION DE VENTAS GOBIERNO', '203', 'VENTAS', NULL, 1, 0, NULL);
INSERT INTO `org_puestos` VALUES (306, 1, 2, 'DIRECTOR NACIONAL DE VENTAS', '207', 'DIRECCION', NULL, 1, 0, NULL);
INSERT INTO `org_puestos` VALUES (307, 1, 2, 'EJECUTIVO DE LICITACIONES Y COTIZACIONES', '181', 'VENTAS', NULL, 1, 0, NULL);
INSERT INTO `org_puestos` VALUES (308, 1, 2, 'EJECUTIVO DE NEGOCIOS OTROS GOBIERNOS', '61', 'JEFATURA DE AREA', NULL, 1, 0, NULL);
INSERT INTO `org_puestos` VALUES (309, 1, 2, 'EJECUTIVO DE NEGOCIOS OTROS GOBIERNOS', '61', 'VENTAS', NULL, 1, 0, NULL);
INSERT INTO `org_puestos` VALUES (310, 1, 2, 'GERENTE DE VENTAS GOBIERNO', '81', 'GERENCIA', NULL, 1, 0, NULL);
INSERT INTO `org_puestos` VALUES (311, 1, 2, 'REPRESENTANTE DE VENTAS HOSPITALES', '136', 'VENTAS', NULL, 1, 0, NULL);
INSERT INTO `org_puestos` VALUES (312, 1, 2, 'GERENTE DE VENTAS PRIVADO IMPULSO', '194', 'GERENCIA', NULL, 1, 0, NULL);
INSERT INTO `org_puestos` VALUES (313, 1, 2, 'REPRESENTANTE DE VENTAS HOSPITALES', '136', 'VENTAS', NULL, 1, 0, NULL);
INSERT INTO `org_puestos` VALUES (314, 1, 2, 'REPRESENTANTE DE VENTAS PRIVADO IMPULSO CDMX', '137', 'VENTAS', NULL, 1, 0, NULL);
INSERT INTO `org_puestos` VALUES (315, 1, 2, 'REPRESENTANTE DE VENTAS PRIVADO IMPULSO OCCIDENTE', '139', 'VENTAS', NULL, 1, 0, NULL);
INSERT INTO `org_puestos` VALUES (316, 1, 2, 'REPRESENTANTE DE VENTAS PRIVADO IMPULSO SURESTE', '140', 'VENTAS', NULL, 1, 0, NULL);

-- ----------------------------
-- Table structure for org_unidades
-- ----------------------------
DROP TABLE IF EXISTS `org_unidades`;
CREATE TABLE `org_unidades`  (
  `unidad_id` int(11) NOT NULL AUTO_INCREMENT,
  `empresa_id` int(11) NOT NULL,
  `nombre` varchar(150) CHARACTER SET utf8mb4 COLLATE utf8mb4_general_ci NOT NULL,
  `clave` varchar(50) CHARACTER SET utf8mb4 COLLATE utf8mb4_general_ci NULL DEFAULT NULL,
  `unidad_padre_id` int(11) NULL DEFAULT NULL,
  `estatus` tinyint(1) NOT NULL DEFAULT 1,
  PRIMARY KEY (`unidad_id`) USING BTREE,
  UNIQUE INDEX `uq_unidad_empresa_nombre`(`empresa_id`, `nombre`) USING BTREE,
  INDEX `idx_unidad_empresa`(`empresa_id`, `estatus`) USING BTREE,
  INDEX `idx_unidad_padre`(`empresa_id`, `unidad_padre_id`) USING BTREE,
  INDEX `fk_unidad_padre`(`unidad_padre_id`) USING BTREE,
  CONSTRAINT `fk_unidad_empresa` FOREIGN KEY (`empresa_id`) REFERENCES `empresas` (`empresa_id`) ON DELETE CASCADE ON UPDATE CASCADE,
  CONSTRAINT `fk_unidad_padre` FOREIGN KEY (`unidad_padre_id`) REFERENCES `org_unidades` (`unidad_id`) ON DELETE SET NULL ON UPDATE CASCADE
) ENGINE = InnoDB AUTO_INCREMENT = 14 CHARACTER SET = utf8mb4 COLLATE = utf8mb4_general_ci ROW_FORMAT = Dynamic;

-- ----------------------------
-- Records of org_unidades
-- ----------------------------
INSERT INTO `org_unidades` VALUES (1, 1, 'DIRECCION GENERAL', 'DG', NULL, 1);
INSERT INTO `org_unidades` VALUES (2, 1, 'VENTAS', 'VEN', 1, 1);
INSERT INTO `org_unidades` VALUES (3, 1, 'COMPRAS', 'COM', 1, 1);
INSERT INTO `org_unidades` VALUES (4, 1, 'OPERACIONES', 'OPS', 1, 1);
INSERT INTO `org_unidades` VALUES (5, 1, 'ADMINISTRACIÓN', 'ADM', 1, 1);
INSERT INTO `org_unidades` VALUES (6, 1, 'NUEVOS NEGOCIOS', 'NNG', 1, 1);
INSERT INTO `org_unidades` VALUES (7, 1, 'EXPORTACIONES', 'EXP', 1, 1);
INSERT INTO `org_unidades` VALUES (8, 1, 'SISTEMAS', 'SIS', 6, 1);
INSERT INTO `org_unidades` VALUES (9, 1, 'MARKETING', 'MKT', 6, 1);
INSERT INTO `org_unidades` VALUES (10, 1, 'RECURSOS HUMANOS', 'RHS', 1, 1);
INSERT INTO `org_unidades` VALUES (11, 1, 'MANTENIMIENTO', 'MAN', 1, 1);
INSERT INTO `org_unidades` VALUES (12, 1, 'DESARROLLO', 'DESA', 6, 1);
INSERT INTO `org_unidades` VALUES (13, 1, 'CALIDAD', 'CAL', 1, 1);

-- ----------------------------
-- Table structure for password_resets
-- ----------------------------
DROP TABLE IF EXISTS `password_resets`;
CREATE TABLE `password_resets`  (
  `reset_id` int(11) NOT NULL AUTO_INCREMENT,
  `usuario_id` int(11) NOT NULL,
  `token_hash` char(64) CHARACTER SET utf8mb4 COLLATE utf8mb4_general_ci NOT NULL,
  `expires_at` datetime NOT NULL,
  `used_at` datetime NULL DEFAULT NULL,
  `requested_ip` varchar(45) CHARACTER SET utf8mb4 COLLATE utf8mb4_general_ci NULL DEFAULT NULL,
  `created_at` datetime NOT NULL DEFAULT CURRENT_TIMESTAMP,
  PRIMARY KEY (`reset_id`) USING BTREE,
  UNIQUE INDEX `uq_token_hash`(`token_hash`) USING BTREE,
  INDEX `idx_pr_user`(`usuario_id`, `expires_at`) USING BTREE,
  CONSTRAINT `fk_pr_usuario` FOREIGN KEY (`usuario_id`) REFERENCES `usuarios` (`usuario_id`) ON DELETE CASCADE ON UPDATE CASCADE
) ENGINE = InnoDB AUTO_INCREMENT = 5 CHARACTER SET = utf8mb4 COLLATE = utf8mb4_general_ci ROW_FORMAT = Dynamic;

-- ----------------------------
-- Records of password_resets
-- ----------------------------
INSERT INTO `password_resets` VALUES (1, 1, '920ab5bc1874ead7b1a8d608054d4d959a96d4f9d46ca8edf037868206d6fb42', '2025-12-22 10:20:40', '2025-12-22 09:21:03', '::1', '2025-12-22 09:20:40');
INSERT INTO `password_resets` VALUES (2, 1, 'fb70dd3c017c1c5ad34de91fbb41dc2b197ff6815bf19e07515088a08ad47563', '2025-12-23 15:07:46', '2025-12-23 14:08:14', '::1', '2025-12-23 14:07:46');
INSERT INTO `password_resets` VALUES (3, 1, '1bf6a20f2a6cba888c9a0a630e1955e1ba15b373b2094a0330609e60671d7250', '2025-12-29 09:49:39', '2025-12-29 08:50:10', '::1', '2025-12-29 08:49:39');
INSERT INTO `password_resets` VALUES (4, 1, '9aaa0b89b35c9aec4d8e5dc15fe593c0c8261c49b38ac3f86e5b46f767f4aad8', '2026-01-05 13:03:13', '2026-01-05 12:03:38', '::1', '2026-01-05 12:03:13');

-- ----------------------------
-- Table structure for permisos
-- ----------------------------
DROP TABLE IF EXISTS `permisos`;
CREATE TABLE `permisos`  (
  `permiso_id` int(11) NOT NULL AUTO_INCREMENT,
  `clave` varchar(80) CHARACTER SET utf8mb4 COLLATE utf8mb4_general_ci NOT NULL,
  `descripcion` varchar(150) CHARACTER SET utf8mb4 COLLATE utf8mb4_general_ci NULL DEFAULT NULL,
  `modulo` varchar(50) CHARACTER SET utf8mb4 COLLATE utf8mb4_general_ci NULL DEFAULT NULL,
  PRIMARY KEY (`permiso_id`) USING BTREE,
  UNIQUE INDEX `uq_perm_clave`(`clave`) USING BTREE
) ENGINE = InnoDB AUTO_INCREMENT = 17 CHARACTER SET = utf8mb4 COLLATE = utf8mb4_general_ci ROW_FORMAT = Dynamic;

-- ----------------------------
-- Records of permisos
-- ----------------------------
INSERT INTO `permisos` VALUES (1, 'dashboard.ver', 'Ver dashboard', 'dashboard');
INSERT INTO `permisos` VALUES (2, 'vacaciones.ver', 'Ver vacaciones', 'vacaciones');
INSERT INTO `permisos` VALUES (3, 'vacaciones.solicitar', 'Solicitar vacaciones', 'vacaciones');
INSERT INTO `permisos` VALUES (4, 'usuarios.admin', 'Administrar usuarios', 'admin');
INSERT INTO `permisos` VALUES (5, 'empresas.seleccionar', 'Seleccionar empresa', 'seguridad');
INSERT INTO `permisos` VALUES (8, 'documentos.ver', 'Ver normatividad/documentos RH', 'documentos');
INSERT INTO `permisos` VALUES (9, 'clima.ver', 'Ver módulo de clima', 'clima');
INSERT INTO `permisos` VALUES (10, 'clima.responder', 'Responder encuesta de clima', 'clima');
INSERT INTO `permisos` VALUES (11, 'incidencias.ver', 'Ver incidencias', 'incidencias');
INSERT INTO `permisos` VALUES (12, 'capacitacion.ver', 'Ver capacitación', 'capacitacion');
INSERT INTO `permisos` VALUES (13, 'nomina.importar', 'Importar nómina', 'nomina');
INSERT INTO `permisos` VALUES (14, 'clima.admin', 'Administrar clima laboral (configuración completa)', 'Clima Laboral');
INSERT INTO `permisos` VALUES (15, 'clima.ver_resultados', 'Ver resultados de clima laboral', 'Clima Laboral');
INSERT INTO `permisos` VALUES (16, 'clima.planes', 'Gestionar planes de acción', 'Clima Laboral');

-- ----------------------------
-- Table structure for rh_documentos
-- ----------------------------
DROP TABLE IF EXISTS `rh_documentos`;
CREATE TABLE `rh_documentos`  (
  `documento_id` int(11) NOT NULL AUTO_INCREMENT,
  `empresa_id` int(11) NOT NULL,
  `titulo` varchar(180) CHARACTER SET utf8mb4 COLLATE utf8mb4_general_ci NOT NULL,
  `descripcion` text CHARACTER SET utf8mb4 COLLATE utf8mb4_general_ci NULL,
  `archivo_path` varchar(255) CHARACTER SET utf8mb4 COLLATE utf8mb4_general_ci NOT NULL,
  `visible_empleados` tinyint(1) NOT NULL DEFAULT 1,
  `estatus` tinyint(1) NOT NULL DEFAULT 1,
  `created_at` datetime NOT NULL DEFAULT CURRENT_TIMESTAMP,
  PRIMARY KEY (`documento_id`) USING BTREE,
  INDEX `idx_doc_empresa`(`empresa_id`, `visible_empleados`, `estatus`) USING BTREE,
  CONSTRAINT `fk_doc_empresa` FOREIGN KEY (`empresa_id`) REFERENCES `empresas` (`empresa_id`) ON DELETE CASCADE ON UPDATE CASCADE
) ENGINE = InnoDB AUTO_INCREMENT = 1 CHARACTER SET = utf8mb4 COLLATE = utf8mb4_general_ci ROW_FORMAT = Dynamic;

-- ----------------------------
-- Records of rh_documentos
-- ----------------------------

-- ----------------------------
-- Table structure for rol_permisos
-- ----------------------------
DROP TABLE IF EXISTS `rol_permisos`;
CREATE TABLE `rol_permisos`  (
  `rol_id` int(11) NOT NULL,
  `permiso_id` int(11) NOT NULL,
  PRIMARY KEY (`rol_id`, `permiso_id`) USING BTREE,
  INDEX `fk_rp_permiso`(`permiso_id`) USING BTREE,
  CONSTRAINT `fk_rp_permiso` FOREIGN KEY (`permiso_id`) REFERENCES `permisos` (`permiso_id`) ON DELETE CASCADE ON UPDATE CASCADE,
  CONSTRAINT `fk_rp_rol` FOREIGN KEY (`rol_id`) REFERENCES `roles` (`rol_id`) ON DELETE CASCADE ON UPDATE CASCADE
) ENGINE = InnoDB CHARACTER SET = utf8mb4 COLLATE = utf8mb4_general_ci ROW_FORMAT = Dynamic;

-- ----------------------------
-- Records of rol_permisos
-- ----------------------------
INSERT INTO `rol_permisos` VALUES (1, 1);
INSERT INTO `rol_permisos` VALUES (2, 1);
INSERT INTO `rol_permisos` VALUES (3, 1);
INSERT INTO `rol_permisos` VALUES (4, 1);
INSERT INTO `rol_permisos` VALUES (5, 1);
INSERT INTO `rol_permisos` VALUES (1, 2);
INSERT INTO `rol_permisos` VALUES (2, 2);
INSERT INTO `rol_permisos` VALUES (3, 2);
INSERT INTO `rol_permisos` VALUES (4, 2);
INSERT INTO `rol_permisos` VALUES (5, 2);
INSERT INTO `rol_permisos` VALUES (1, 3);
INSERT INTO `rol_permisos` VALUES (2, 3);
INSERT INTO `rol_permisos` VALUES (3, 3);
INSERT INTO `rol_permisos` VALUES (4, 3);
INSERT INTO `rol_permisos` VALUES (5, 3);
INSERT INTO `rol_permisos` VALUES (4, 4);
INSERT INTO `rol_permisos` VALUES (5, 4);
INSERT INTO `rol_permisos` VALUES (5, 5);
INSERT INTO `rol_permisos` VALUES (1, 8);
INSERT INTO `rol_permisos` VALUES (2, 8);
INSERT INTO `rol_permisos` VALUES (3, 8);
INSERT INTO `rol_permisos` VALUES (4, 8);
INSERT INTO `rol_permisos` VALUES (5, 8);
INSERT INTO `rol_permisos` VALUES (1, 9);
INSERT INTO `rol_permisos` VALUES (2, 9);
INSERT INTO `rol_permisos` VALUES (3, 9);
INSERT INTO `rol_permisos` VALUES (4, 9);
INSERT INTO `rol_permisos` VALUES (5, 9);
INSERT INTO `rol_permisos` VALUES (1, 10);
INSERT INTO `rol_permisos` VALUES (2, 10);
INSERT INTO `rol_permisos` VALUES (3, 10);
INSERT INTO `rol_permisos` VALUES (4, 10);
INSERT INTO `rol_permisos` VALUES (5, 10);
INSERT INTO `rol_permisos` VALUES (1, 11);
INSERT INTO `rol_permisos` VALUES (2, 11);
INSERT INTO `rol_permisos` VALUES (3, 11);
INSERT INTO `rol_permisos` VALUES (4, 11);
INSERT INTO `rol_permisos` VALUES (5, 11);
INSERT INTO `rol_permisos` VALUES (1, 12);
INSERT INTO `rol_permisos` VALUES (2, 12);
INSERT INTO `rol_permisos` VALUES (3, 12);
INSERT INTO `rol_permisos` VALUES (4, 12);
INSERT INTO `rol_permisos` VALUES (5, 12);
INSERT INTO `rol_permisos` VALUES (4, 13);
INSERT INTO `rol_permisos` VALUES (5, 13);

-- ----------------------------
-- Table structure for roles
-- ----------------------------
DROP TABLE IF EXISTS `roles`;
CREATE TABLE `roles`  (
  `rol_id` int(11) NOT NULL AUTO_INCREMENT,
  `nombre` varchar(50) CHARACTER SET utf8mb4 COLLATE utf8mb4_general_ci NOT NULL,
  `descripcion` varchar(150) CHARACTER SET utf8mb4 COLLATE utf8mb4_general_ci NULL DEFAULT NULL,
  `estatus` tinyint(1) NOT NULL DEFAULT 1,
  PRIMARY KEY (`rol_id`) USING BTREE,
  UNIQUE INDEX `uq_rol_nombre`(`nombre`) USING BTREE
) ENGINE = InnoDB AUTO_INCREMENT = 6 CHARACTER SET = utf8mb4 COLLATE = utf8mb4_general_ci ROW_FORMAT = Dynamic;

-- ----------------------------
-- Records of roles
-- ----------------------------
INSERT INTO `roles` VALUES (1, 'Empleado', 'Acceso básico', 1);
INSERT INTO `roles` VALUES (2, 'Jefe', 'Acceso a equipo', 1);
INSERT INTO `roles` VALUES (3, 'RH Operativo', 'Gestión RH', 1);
INSERT INTO `roles` VALUES (4, 'RH Admin', 'Administración RH', 1);
INSERT INTO `roles` VALUES (5, 'Super Admin', 'Control total', 1);

-- ----------------------------
-- Table structure for usuario_empresas
-- ----------------------------
DROP TABLE IF EXISTS `usuario_empresas`;
CREATE TABLE `usuario_empresas`  (
  `usuario_id` int(11) NOT NULL,
  `empresa_id` int(11) NOT NULL,
  `empleado_id` int(11) NULL DEFAULT NULL,
  `es_admin` tinyint(1) NOT NULL DEFAULT 0,
  `estatus` tinyint(1) NOT NULL DEFAULT 1,
  PRIMARY KEY (`usuario_id`, `empresa_id`) USING BTREE,
  INDEX `fk_ue_empresa`(`empresa_id`) USING BTREE,
  INDEX `idx_ue_empleado`(`empleado_id`) USING BTREE,
  CONSTRAINT `fk_ue_empleado` FOREIGN KEY (`empleado_id`) REFERENCES `empleados` (`empleado_id`) ON DELETE SET NULL ON UPDATE CASCADE,
  CONSTRAINT `fk_ue_empresa` FOREIGN KEY (`empresa_id`) REFERENCES `empresas` (`empresa_id`) ON DELETE CASCADE ON UPDATE CASCADE,
  CONSTRAINT `fk_ue_usuario` FOREIGN KEY (`usuario_id`) REFERENCES `usuarios` (`usuario_id`) ON DELETE CASCADE ON UPDATE CASCADE
) ENGINE = InnoDB CHARACTER SET = utf8mb4 COLLATE = utf8mb4_general_ci ROW_FORMAT = Dynamic;

-- ----------------------------
-- Records of usuario_empresas
-- ----------------------------
INSERT INTO `usuario_empresas` VALUES (1, 1, 5526, 1, 1);
INSERT INTO `usuario_empresas` VALUES (1, 2, 5526, 1, 1);
INSERT INTO `usuario_empresas` VALUES (1, 3, 5526, 1, 1);
INSERT INTO `usuario_empresas` VALUES (1, 4, 5526, 1, 1);
INSERT INTO `usuario_empresas` VALUES (568, 2, 6093, 0, 1);
INSERT INTO `usuario_empresas` VALUES (569, 2, 6094, 0, 1);
INSERT INTO `usuario_empresas` VALUES (570, 2, 6095, 0, 1);
INSERT INTO `usuario_empresas` VALUES (571, 2, 6096, 0, 1);
INSERT INTO `usuario_empresas` VALUES (572, 2, 6097, 0, 1);
INSERT INTO `usuario_empresas` VALUES (573, 2, 6098, 0, 1);
INSERT INTO `usuario_empresas` VALUES (574, 2, 6099, 0, 1);
INSERT INTO `usuario_empresas` VALUES (575, 2, 6100, 0, 1);
INSERT INTO `usuario_empresas` VALUES (576, 2, 6101, 0, 1);
INSERT INTO `usuario_empresas` VALUES (577, 2, 6102, 0, 1);
INSERT INTO `usuario_empresas` VALUES (578, 2, 6103, 0, 1);
INSERT INTO `usuario_empresas` VALUES (579, 2, 6104, 0, 1);
INSERT INTO `usuario_empresas` VALUES (580, 2, 6105, 0, 1);
INSERT INTO `usuario_empresas` VALUES (581, 2, 6106, 0, 1);
INSERT INTO `usuario_empresas` VALUES (582, 2, 6107, 0, 1);
INSERT INTO `usuario_empresas` VALUES (583, 2, 6108, 0, 1);
INSERT INTO `usuario_empresas` VALUES (584, 2, 6109, 0, 1);
INSERT INTO `usuario_empresas` VALUES (585, 2, 6110, 0, 1);
INSERT INTO `usuario_empresas` VALUES (586, 2, 6111, 0, 1);
INSERT INTO `usuario_empresas` VALUES (587, 2, 6112, 0, 1);
INSERT INTO `usuario_empresas` VALUES (588, 2, 6113, 0, 1);
INSERT INTO `usuario_empresas` VALUES (589, 2, 6114, 0, 1);
INSERT INTO `usuario_empresas` VALUES (590, 2, 6115, 0, 1);
INSERT INTO `usuario_empresas` VALUES (591, 2, 6116, 0, 1);
INSERT INTO `usuario_empresas` VALUES (592, 2, 6117, 0, 1);
INSERT INTO `usuario_empresas` VALUES (593, 2, 6118, 0, 1);
INSERT INTO `usuario_empresas` VALUES (594, 2, 6119, 0, 1);
INSERT INTO `usuario_empresas` VALUES (595, 2, 6120, 0, 1);
INSERT INTO `usuario_empresas` VALUES (596, 2, 6121, 0, 1);
INSERT INTO `usuario_empresas` VALUES (597, 2, 6122, 0, 1);
INSERT INTO `usuario_empresas` VALUES (598, 2, 6123, 0, 1);
INSERT INTO `usuario_empresas` VALUES (599, 2, 6124, 0, 1);
INSERT INTO `usuario_empresas` VALUES (600, 2, 6125, 0, 1);
INSERT INTO `usuario_empresas` VALUES (601, 2, 6126, 0, 1);
INSERT INTO `usuario_empresas` VALUES (602, 2, 6127, 0, 1);
INSERT INTO `usuario_empresas` VALUES (603, 2, 6128, 0, 1);
INSERT INTO `usuario_empresas` VALUES (604, 2, 6129, 0, 1);
INSERT INTO `usuario_empresas` VALUES (605, 2, 6130, 0, 1);
INSERT INTO `usuario_empresas` VALUES (606, 2, 6131, 0, 1);
INSERT INTO `usuario_empresas` VALUES (607, 2, 6132, 0, 1);
INSERT INTO `usuario_empresas` VALUES (608, 2, 6133, 0, 1);
INSERT INTO `usuario_empresas` VALUES (609, 2, 6134, 0, 1);
INSERT INTO `usuario_empresas` VALUES (610, 2, 6135, 0, 1);
INSERT INTO `usuario_empresas` VALUES (611, 2, 6136, 0, 1);
INSERT INTO `usuario_empresas` VALUES (612, 2, 6137, 0, 1);
INSERT INTO `usuario_empresas` VALUES (613, 2, 6138, 0, 1);
INSERT INTO `usuario_empresas` VALUES (614, 2, 6139, 0, 1);
INSERT INTO `usuario_empresas` VALUES (615, 2, 6140, 0, 1);
INSERT INTO `usuario_empresas` VALUES (616, 2, 6141, 0, 1);
INSERT INTO `usuario_empresas` VALUES (617, 3, 6142, 0, 1);
INSERT INTO `usuario_empresas` VALUES (618, 3, 6143, 0, 1);
INSERT INTO `usuario_empresas` VALUES (619, 3, 6144, 0, 1);
INSERT INTO `usuario_empresas` VALUES (620, 3, 6145, 0, 1);
INSERT INTO `usuario_empresas` VALUES (621, 3, 6146, 0, 1);
INSERT INTO `usuario_empresas` VALUES (622, 3, 6147, 0, 1);
INSERT INTO `usuario_empresas` VALUES (623, 3, 6148, 0, 1);
INSERT INTO `usuario_empresas` VALUES (624, 3, 6149, 0, 1);
INSERT INTO `usuario_empresas` VALUES (625, 3, 6150, 0, 1);
INSERT INTO `usuario_empresas` VALUES (626, 3, 6151, 0, 1);
INSERT INTO `usuario_empresas` VALUES (627, 3, 6152, 0, 1);
INSERT INTO `usuario_empresas` VALUES (628, 3, 6153, 0, 1);
INSERT INTO `usuario_empresas` VALUES (629, 3, 6154, 0, 1);
INSERT INTO `usuario_empresas` VALUES (630, 3, 6155, 0, 1);
INSERT INTO `usuario_empresas` VALUES (631, 3, 6156, 0, 1);
INSERT INTO `usuario_empresas` VALUES (632, 3, 6157, 0, 1);
INSERT INTO `usuario_empresas` VALUES (633, 3, 6158, 0, 1);
INSERT INTO `usuario_empresas` VALUES (634, 3, 6159, 0, 1);
INSERT INTO `usuario_empresas` VALUES (635, 3, 6160, 0, 1);
INSERT INTO `usuario_empresas` VALUES (636, 3, 6161, 0, 1);
INSERT INTO `usuario_empresas` VALUES (637, 3, 6162, 0, 1);
INSERT INTO `usuario_empresas` VALUES (638, 3, 6163, 0, 1);
INSERT INTO `usuario_empresas` VALUES (639, 3, 6164, 0, 1);
INSERT INTO `usuario_empresas` VALUES (640, 3, 6165, 0, 1);
INSERT INTO `usuario_empresas` VALUES (641, 3, 6166, 0, 1);
INSERT INTO `usuario_empresas` VALUES (642, 3, 6167, 0, 1);
INSERT INTO `usuario_empresas` VALUES (643, 3, 6168, 0, 1);
INSERT INTO `usuario_empresas` VALUES (644, 3, 6169, 0, 1);
INSERT INTO `usuario_empresas` VALUES (645, 3, 6170, 0, 1);
INSERT INTO `usuario_empresas` VALUES (646, 3, 6171, 0, 1);
INSERT INTO `usuario_empresas` VALUES (647, 3, 6172, 0, 1);
INSERT INTO `usuario_empresas` VALUES (648, 3, 6173, 0, 1);
INSERT INTO `usuario_empresas` VALUES (649, 3, 6174, 0, 1);
INSERT INTO `usuario_empresas` VALUES (650, 3, 6175, 0, 1);
INSERT INTO `usuario_empresas` VALUES (651, 3, 6176, 0, 1);
INSERT INTO `usuario_empresas` VALUES (652, 3, 6177, 0, 1);
INSERT INTO `usuario_empresas` VALUES (653, 3, 6178, 0, 1);
INSERT INTO `usuario_empresas` VALUES (654, 3, 6179, 0, 1);
INSERT INTO `usuario_empresas` VALUES (655, 3, 6180, 0, 1);
INSERT INTO `usuario_empresas` VALUES (656, 3, 6181, 0, 1);
INSERT INTO `usuario_empresas` VALUES (657, 3, 6182, 0, 1);
INSERT INTO `usuario_empresas` VALUES (658, 3, 6183, 0, 1);
INSERT INTO `usuario_empresas` VALUES (659, 3, 6184, 0, 1);
INSERT INTO `usuario_empresas` VALUES (660, 3, 6185, 0, 1);
INSERT INTO `usuario_empresas` VALUES (661, 3, 6186, 0, 1);
INSERT INTO `usuario_empresas` VALUES (662, 3, 6187, 0, 1);
INSERT INTO `usuario_empresas` VALUES (663, 3, 6188, 0, 1);
INSERT INTO `usuario_empresas` VALUES (664, 3, 6189, 0, 1);
INSERT INTO `usuario_empresas` VALUES (665, 3, 6190, 0, 1);
INSERT INTO `usuario_empresas` VALUES (666, 3, 6191, 0, 1);
INSERT INTO `usuario_empresas` VALUES (667, 1, 6192, 0, 1);
INSERT INTO `usuario_empresas` VALUES (668, 1, 6193, 0, 1);
INSERT INTO `usuario_empresas` VALUES (669, 1, 6194, 0, 1);
INSERT INTO `usuario_empresas` VALUES (670, 1, 6195, 0, 1);
INSERT INTO `usuario_empresas` VALUES (671, 1, 6196, 0, 1);
INSERT INTO `usuario_empresas` VALUES (672, 1, 6197, 0, 1);
INSERT INTO `usuario_empresas` VALUES (673, 1, 6198, 0, 1);
INSERT INTO `usuario_empresas` VALUES (674, 1, 6199, 0, 1);
INSERT INTO `usuario_empresas` VALUES (675, 1, 6200, 0, 1);
INSERT INTO `usuario_empresas` VALUES (676, 1, 6201, 0, 1);
INSERT INTO `usuario_empresas` VALUES (677, 1, 6202, 0, 1);
INSERT INTO `usuario_empresas` VALUES (678, 1, 6203, 0, 1);
INSERT INTO `usuario_empresas` VALUES (679, 1, 6204, 0, 1);
INSERT INTO `usuario_empresas` VALUES (680, 1, 6205, 0, 1);
INSERT INTO `usuario_empresas` VALUES (681, 1, 6206, 0, 1);
INSERT INTO `usuario_empresas` VALUES (682, 1, 6207, 0, 1);
INSERT INTO `usuario_empresas` VALUES (683, 1, 6208, 0, 1);
INSERT INTO `usuario_empresas` VALUES (684, 1, 6209, 0, 1);
INSERT INTO `usuario_empresas` VALUES (685, 1, 6210, 0, 1);
INSERT INTO `usuario_empresas` VALUES (686, 1, 6211, 0, 1);
INSERT INTO `usuario_empresas` VALUES (687, 1, 6212, 0, 1);
INSERT INTO `usuario_empresas` VALUES (688, 1, 6213, 0, 1);
INSERT INTO `usuario_empresas` VALUES (689, 1, 6214, 0, 1);
INSERT INTO `usuario_empresas` VALUES (690, 1, 6215, 0, 1);
INSERT INTO `usuario_empresas` VALUES (691, 1, 6216, 0, 1);
INSERT INTO `usuario_empresas` VALUES (692, 1, 6217, 0, 1);
INSERT INTO `usuario_empresas` VALUES (693, 1, 6218, 0, 1);
INSERT INTO `usuario_empresas` VALUES (694, 1, 6219, 0, 1);
INSERT INTO `usuario_empresas` VALUES (695, 1, 6220, 0, 1);
INSERT INTO `usuario_empresas` VALUES (696, 1, 6221, 0, 1);
INSERT INTO `usuario_empresas` VALUES (697, 1, 6222, 0, 1);
INSERT INTO `usuario_empresas` VALUES (698, 1, 6223, 0, 1);
INSERT INTO `usuario_empresas` VALUES (699, 1, 6224, 0, 1);
INSERT INTO `usuario_empresas` VALUES (700, 1, 6225, 0, 1);
INSERT INTO `usuario_empresas` VALUES (701, 1, 6226, 0, 1);
INSERT INTO `usuario_empresas` VALUES (702, 1, 6227, 0, 1);
INSERT INTO `usuario_empresas` VALUES (703, 1, 6228, 0, 1);
INSERT INTO `usuario_empresas` VALUES (704, 1, 6229, 0, 1);
INSERT INTO `usuario_empresas` VALUES (705, 1, 6230, 0, 1);
INSERT INTO `usuario_empresas` VALUES (706, 1, 6231, 0, 1);
INSERT INTO `usuario_empresas` VALUES (707, 1, 6232, 0, 1);
INSERT INTO `usuario_empresas` VALUES (708, 1, 6233, 0, 1);
INSERT INTO `usuario_empresas` VALUES (709, 1, 6234, 0, 1);
INSERT INTO `usuario_empresas` VALUES (710, 1, 6235, 0, 1);
INSERT INTO `usuario_empresas` VALUES (711, 1, 6236, 0, 1);
INSERT INTO `usuario_empresas` VALUES (712, 1, 6237, 0, 1);
INSERT INTO `usuario_empresas` VALUES (713, 1, 6238, 0, 1);
INSERT INTO `usuario_empresas` VALUES (714, 1, 6239, 0, 1);
INSERT INTO `usuario_empresas` VALUES (715, 1, 6240, 0, 1);
INSERT INTO `usuario_empresas` VALUES (716, 1, 6241, 0, 1);
INSERT INTO `usuario_empresas` VALUES (717, 4, 6242, 0, 1);
INSERT INTO `usuario_empresas` VALUES (718, 4, 6243, 0, 1);
INSERT INTO `usuario_empresas` VALUES (719, 4, 6244, 0, 1);
INSERT INTO `usuario_empresas` VALUES (720, 4, 6245, 0, 1);
INSERT INTO `usuario_empresas` VALUES (721, 4, 6246, 0, 1);
INSERT INTO `usuario_empresas` VALUES (722, 4, 6247, 0, 1);
INSERT INTO `usuario_empresas` VALUES (723, 4, 6248, 0, 1);
INSERT INTO `usuario_empresas` VALUES (724, 4, 6249, 0, 1);
INSERT INTO `usuario_empresas` VALUES (725, 4, 6250, 0, 1);
INSERT INTO `usuario_empresas` VALUES (726, 4, 6251, 0, 1);
INSERT INTO `usuario_empresas` VALUES (727, 4, 6252, 0, 1);
INSERT INTO `usuario_empresas` VALUES (728, 4, 6253, 0, 1);
INSERT INTO `usuario_empresas` VALUES (729, 4, 6254, 0, 1);
INSERT INTO `usuario_empresas` VALUES (730, 4, 6255, 0, 1);
INSERT INTO `usuario_empresas` VALUES (731, 4, 6256, 0, 1);
INSERT INTO `usuario_empresas` VALUES (732, 4, 6257, 0, 1);
INSERT INTO `usuario_empresas` VALUES (733, 4, 6258, 0, 1);

-- ----------------------------
-- Table structure for usuario_roles
-- ----------------------------
DROP TABLE IF EXISTS `usuario_roles`;
CREATE TABLE `usuario_roles`  (
  `usuario_id` int(11) NOT NULL,
  `rol_id` int(11) NOT NULL,
  PRIMARY KEY (`usuario_id`, `rol_id`) USING BTREE,
  INDEX `fk_ur_rol`(`rol_id`) USING BTREE,
  CONSTRAINT `fk_ur_rol` FOREIGN KEY (`rol_id`) REFERENCES `roles` (`rol_id`) ON DELETE CASCADE ON UPDATE CASCADE,
  CONSTRAINT `fk_ur_usuario` FOREIGN KEY (`usuario_id`) REFERENCES `usuarios` (`usuario_id`) ON DELETE CASCADE ON UPDATE CASCADE
) ENGINE = InnoDB CHARACTER SET = utf8mb4 COLLATE = utf8mb4_general_ci ROW_FORMAT = Dynamic;

-- ----------------------------
-- Records of usuario_roles
-- ----------------------------
INSERT INTO `usuario_roles` VALUES (568, 1);
INSERT INTO `usuario_roles` VALUES (569, 1);
INSERT INTO `usuario_roles` VALUES (570, 1);
INSERT INTO `usuario_roles` VALUES (571, 1);
INSERT INTO `usuario_roles` VALUES (572, 1);
INSERT INTO `usuario_roles` VALUES (573, 1);
INSERT INTO `usuario_roles` VALUES (574, 1);
INSERT INTO `usuario_roles` VALUES (575, 1);
INSERT INTO `usuario_roles` VALUES (576, 1);
INSERT INTO `usuario_roles` VALUES (577, 1);
INSERT INTO `usuario_roles` VALUES (578, 1);
INSERT INTO `usuario_roles` VALUES (579, 1);
INSERT INTO `usuario_roles` VALUES (580, 1);
INSERT INTO `usuario_roles` VALUES (581, 1);
INSERT INTO `usuario_roles` VALUES (582, 1);
INSERT INTO `usuario_roles` VALUES (583, 1);
INSERT INTO `usuario_roles` VALUES (584, 1);
INSERT INTO `usuario_roles` VALUES (585, 1);
INSERT INTO `usuario_roles` VALUES (586, 1);
INSERT INTO `usuario_roles` VALUES (587, 1);
INSERT INTO `usuario_roles` VALUES (588, 1);
INSERT INTO `usuario_roles` VALUES (589, 1);
INSERT INTO `usuario_roles` VALUES (590, 1);
INSERT INTO `usuario_roles` VALUES (591, 1);
INSERT INTO `usuario_roles` VALUES (592, 1);
INSERT INTO `usuario_roles` VALUES (593, 1);
INSERT INTO `usuario_roles` VALUES (594, 1);
INSERT INTO `usuario_roles` VALUES (595, 1);
INSERT INTO `usuario_roles` VALUES (596, 1);
INSERT INTO `usuario_roles` VALUES (597, 1);
INSERT INTO `usuario_roles` VALUES (598, 1);
INSERT INTO `usuario_roles` VALUES (599, 1);
INSERT INTO `usuario_roles` VALUES (600, 1);
INSERT INTO `usuario_roles` VALUES (601, 1);
INSERT INTO `usuario_roles` VALUES (602, 1);
INSERT INTO `usuario_roles` VALUES (603, 1);
INSERT INTO `usuario_roles` VALUES (604, 1);
INSERT INTO `usuario_roles` VALUES (605, 1);
INSERT INTO `usuario_roles` VALUES (606, 1);
INSERT INTO `usuario_roles` VALUES (607, 1);
INSERT INTO `usuario_roles` VALUES (608, 1);
INSERT INTO `usuario_roles` VALUES (609, 1);
INSERT INTO `usuario_roles` VALUES (610, 1);
INSERT INTO `usuario_roles` VALUES (611, 1);
INSERT INTO `usuario_roles` VALUES (612, 1);
INSERT INTO `usuario_roles` VALUES (613, 1);
INSERT INTO `usuario_roles` VALUES (614, 1);
INSERT INTO `usuario_roles` VALUES (615, 1);
INSERT INTO `usuario_roles` VALUES (616, 1);
INSERT INTO `usuario_roles` VALUES (617, 1);
INSERT INTO `usuario_roles` VALUES (618, 1);
INSERT INTO `usuario_roles` VALUES (619, 1);
INSERT INTO `usuario_roles` VALUES (620, 1);
INSERT INTO `usuario_roles` VALUES (621, 1);
INSERT INTO `usuario_roles` VALUES (622, 1);
INSERT INTO `usuario_roles` VALUES (623, 1);
INSERT INTO `usuario_roles` VALUES (624, 1);
INSERT INTO `usuario_roles` VALUES (625, 1);
INSERT INTO `usuario_roles` VALUES (626, 1);
INSERT INTO `usuario_roles` VALUES (627, 1);
INSERT INTO `usuario_roles` VALUES (628, 1);
INSERT INTO `usuario_roles` VALUES (629, 1);
INSERT INTO `usuario_roles` VALUES (630, 1);
INSERT INTO `usuario_roles` VALUES (631, 1);
INSERT INTO `usuario_roles` VALUES (632, 1);
INSERT INTO `usuario_roles` VALUES (633, 1);
INSERT INTO `usuario_roles` VALUES (634, 1);
INSERT INTO `usuario_roles` VALUES (635, 1);
INSERT INTO `usuario_roles` VALUES (636, 1);
INSERT INTO `usuario_roles` VALUES (637, 1);
INSERT INTO `usuario_roles` VALUES (638, 1);
INSERT INTO `usuario_roles` VALUES (639, 1);
INSERT INTO `usuario_roles` VALUES (640, 1);
INSERT INTO `usuario_roles` VALUES (641, 1);
INSERT INTO `usuario_roles` VALUES (642, 1);
INSERT INTO `usuario_roles` VALUES (643, 1);
INSERT INTO `usuario_roles` VALUES (644, 1);
INSERT INTO `usuario_roles` VALUES (645, 1);
INSERT INTO `usuario_roles` VALUES (646, 1);
INSERT INTO `usuario_roles` VALUES (647, 1);
INSERT INTO `usuario_roles` VALUES (648, 1);
INSERT INTO `usuario_roles` VALUES (649, 1);
INSERT INTO `usuario_roles` VALUES (650, 1);
INSERT INTO `usuario_roles` VALUES (651, 1);
INSERT INTO `usuario_roles` VALUES (652, 1);
INSERT INTO `usuario_roles` VALUES (653, 1);
INSERT INTO `usuario_roles` VALUES (654, 1);
INSERT INTO `usuario_roles` VALUES (655, 1);
INSERT INTO `usuario_roles` VALUES (656, 1);
INSERT INTO `usuario_roles` VALUES (657, 1);
INSERT INTO `usuario_roles` VALUES (658, 1);
INSERT INTO `usuario_roles` VALUES (659, 1);
INSERT INTO `usuario_roles` VALUES (660, 1);
INSERT INTO `usuario_roles` VALUES (661, 1);
INSERT INTO `usuario_roles` VALUES (662, 1);
INSERT INTO `usuario_roles` VALUES (663, 1);
INSERT INTO `usuario_roles` VALUES (664, 1);
INSERT INTO `usuario_roles` VALUES (665, 1);
INSERT INTO `usuario_roles` VALUES (666, 1);
INSERT INTO `usuario_roles` VALUES (667, 1);
INSERT INTO `usuario_roles` VALUES (668, 1);
INSERT INTO `usuario_roles` VALUES (669, 1);
INSERT INTO `usuario_roles` VALUES (670, 1);
INSERT INTO `usuario_roles` VALUES (671, 1);
INSERT INTO `usuario_roles` VALUES (672, 1);
INSERT INTO `usuario_roles` VALUES (673, 1);
INSERT INTO `usuario_roles` VALUES (674, 1);
INSERT INTO `usuario_roles` VALUES (675, 1);
INSERT INTO `usuario_roles` VALUES (676, 1);
INSERT INTO `usuario_roles` VALUES (677, 1);
INSERT INTO `usuario_roles` VALUES (678, 1);
INSERT INTO `usuario_roles` VALUES (679, 1);
INSERT INTO `usuario_roles` VALUES (680, 1);
INSERT INTO `usuario_roles` VALUES (681, 1);
INSERT INTO `usuario_roles` VALUES (682, 1);
INSERT INTO `usuario_roles` VALUES (683, 1);
INSERT INTO `usuario_roles` VALUES (684, 1);
INSERT INTO `usuario_roles` VALUES (685, 1);
INSERT INTO `usuario_roles` VALUES (686, 1);
INSERT INTO `usuario_roles` VALUES (687, 1);
INSERT INTO `usuario_roles` VALUES (688, 1);
INSERT INTO `usuario_roles` VALUES (689, 1);
INSERT INTO `usuario_roles` VALUES (690, 1);
INSERT INTO `usuario_roles` VALUES (691, 1);
INSERT INTO `usuario_roles` VALUES (692, 1);
INSERT INTO `usuario_roles` VALUES (693, 1);
INSERT INTO `usuario_roles` VALUES (694, 1);
INSERT INTO `usuario_roles` VALUES (695, 1);
INSERT INTO `usuario_roles` VALUES (696, 1);
INSERT INTO `usuario_roles` VALUES (697, 1);
INSERT INTO `usuario_roles` VALUES (698, 1);
INSERT INTO `usuario_roles` VALUES (699, 1);
INSERT INTO `usuario_roles` VALUES (700, 1);
INSERT INTO `usuario_roles` VALUES (701, 1);
INSERT INTO `usuario_roles` VALUES (702, 1);
INSERT INTO `usuario_roles` VALUES (703, 1);
INSERT INTO `usuario_roles` VALUES (704, 1);
INSERT INTO `usuario_roles` VALUES (705, 1);
INSERT INTO `usuario_roles` VALUES (706, 1);
INSERT INTO `usuario_roles` VALUES (707, 1);
INSERT INTO `usuario_roles` VALUES (708, 1);
INSERT INTO `usuario_roles` VALUES (709, 1);
INSERT INTO `usuario_roles` VALUES (710, 1);
INSERT INTO `usuario_roles` VALUES (711, 1);
INSERT INTO `usuario_roles` VALUES (712, 1);
INSERT INTO `usuario_roles` VALUES (713, 1);
INSERT INTO `usuario_roles` VALUES (714, 1);
INSERT INTO `usuario_roles` VALUES (715, 1);
INSERT INTO `usuario_roles` VALUES (716, 1);
INSERT INTO `usuario_roles` VALUES (717, 1);
INSERT INTO `usuario_roles` VALUES (718, 1);
INSERT INTO `usuario_roles` VALUES (719, 1);
INSERT INTO `usuario_roles` VALUES (720, 1);
INSERT INTO `usuario_roles` VALUES (721, 1);
INSERT INTO `usuario_roles` VALUES (722, 1);
INSERT INTO `usuario_roles` VALUES (723, 1);
INSERT INTO `usuario_roles` VALUES (724, 1);
INSERT INTO `usuario_roles` VALUES (725, 1);
INSERT INTO `usuario_roles` VALUES (726, 1);
INSERT INTO `usuario_roles` VALUES (727, 1);
INSERT INTO `usuario_roles` VALUES (728, 1);
INSERT INTO `usuario_roles` VALUES (729, 1);
INSERT INTO `usuario_roles` VALUES (730, 1);
INSERT INTO `usuario_roles` VALUES (731, 1);
INSERT INTO `usuario_roles` VALUES (732, 1);
INSERT INTO `usuario_roles` VALUES (733, 1);
INSERT INTO `usuario_roles` VALUES (1, 5);

-- ----------------------------
-- Table structure for usuarios
-- ----------------------------
DROP TABLE IF EXISTS `usuarios`;
CREATE TABLE `usuarios`  (
  `usuario_id` int(11) NOT NULL AUTO_INCREMENT,
  `no_emp` varchar(20) CHARACTER SET utf8mb4 COLLATE utf8mb4_general_ci NOT NULL,
  `rfc_base` char(10) CHARACTER SET utf8mb4 COLLATE utf8mb4_general_ci NOT NULL,
  `nombre` varchar(80) CHARACTER SET utf8mb4 COLLATE utf8mb4_general_ci NOT NULL,
  `apellido_paterno` varchar(80) CHARACTER SET utf8mb4 COLLATE utf8mb4_general_ci NULL DEFAULT NULL,
  `apellido_materno` varchar(80) CHARACTER SET utf8mb4 COLLATE utf8mb4_general_ci NULL DEFAULT NULL,
  `password_hash` varchar(255) CHARACTER SET utf8mb4 COLLATE utf8mb4_general_ci NOT NULL,
  `debe_cambiar_pass` tinyint(1) NOT NULL DEFAULT 1,
  `estatus` enum('activo','inactivo','baja') CHARACTER SET utf8mb4 COLLATE utf8mb4_general_ci NOT NULL DEFAULT 'activo',
  `created_at` datetime NOT NULL DEFAULT CURRENT_TIMESTAMP,
  `updated_at` datetime NULL DEFAULT NULL ON UPDATE CURRENT_TIMESTAMP,
  `correo` varchar(120) CHARACTER SET utf8mb4 COLLATE utf8mb4_general_ci NULL DEFAULT NULL,
  `pass_cambiada` tinyint(4) NOT NULL DEFAULT 0,
  PRIMARY KEY (`usuario_id`) USING BTREE,
  UNIQUE INDEX `uq_usuario_noemp_rfc`(`no_emp`, `rfc_base`) USING BTREE,
  INDEX `idx_rfc`(`rfc_base`) USING BTREE,
  INDEX `idx_estatus`(`estatus`) USING BTREE
) ENGINE = InnoDB AUTO_INCREMENT = 734 CHARACTER SET = utf8mb4 COLLATE = utf8mb4_general_ci ROW_FORMAT = Dynamic;

-- ----------------------------
-- Records of usuarios
-- ----------------------------
INSERT INTO `usuarios` VALUES (1, '5526', 'CADJ780408', 'JUAN ANTONIO', 'CARDENAS', 'DOMINGUEZ', '$2y$10$tM1u/s4IjNFGJ0OEI6r9r.hgM5GZHj6AMhxf3Zjm3IBkC1OrjLrui', 0, 'activo', '2025-12-19 14:20:06', '2026-01-05 12:03:38', 'jcardenas@fhmex.com.mx', 1);
INSERT INTO `usuarios` VALUES (568, '3298', 'MEMM991009', 'MITZY YAHEL', 'MEJIA', 'MONROY', '$2y$10$Kjw0wUt7XoUgb7ND6Nuky.NLDZ3PFjUFUlwL3oAvPM8UGmuxD1WDS', 1, 'activo', '2025-12-22 12:44:05', '2025-12-23 15:54:22', NULL, 0);
INSERT INTO `usuarios` VALUES (569, '3301', 'EUBJ010804', 'JUAN CARLOS', 'EDUARDO', 'BORBOLLON', '$2y$10$dMBfESmP.0zUlorHDWt88.Et3uujCht/E0ey47QyKBD7aBJVZReEO', 1, 'activo', '2025-12-22 12:44:05', '2025-12-23 15:54:22', NULL, 0);
INSERT INTO `usuarios` VALUES (570, '3310', 'FOLO690620', 'OTILIO', 'FLORES', 'LISARRAGA', '$2y$10$0n4Tsd4KP626Uqvx1Ek5AOVUVPHOaB3E7WStBhhdo85HZKxpP/l.6', 1, 'activo', '2025-12-22 12:44:06', '2025-12-23 15:54:22', NULL, 0);
INSERT INTO `usuarios` VALUES (571, '3315', 'SAAR970815', 'ROCIO', 'SANCHEZ', 'ALMEYDA', '$2y$10$4EaG5x1K.mbvZehmxU5vwO6v45L.zdBdACcq1qzKE/Io2EgRhbXDK', 1, 'activo', '2025-12-22 12:44:06', '2025-12-23 15:54:22', NULL, 0);
INSERT INTO `usuarios` VALUES (572, '3320', 'GAOA770108', 'AZUCENA', 'GARCIA', 'ORTIZ', '$2y$10$qg6SQMI39ql24aVl/T2.hu12Ff8qLwBjo94Zlj3/JXkF5etzsTo7m', 1, 'activo', '2025-12-22 12:44:06', '2025-12-23 15:54:23', NULL, 0);
INSERT INTO `usuarios` VALUES (573, '3324', 'MOMG640819', 'GUADALUPE', 'MORELOS', 'MARTINEZ', '$2y$10$Bw6yd24y3NPPGL9SL1U/vueg6CtnZHlOsRxCQQ49zx9bd6ylLWHza', 0, 'activo', '2025-12-22 12:44:06', '2025-12-23 15:54:23', NULL, 1);
INSERT INTO `usuarios` VALUES (574, '3326', 'GARC000716', 'CARMEN ANDREA', 'GARCES', 'ROSALES', '$2y$10$H0aHoERer70YpZm7BQqNUeZ9C1KTIZqxQJdClJ6H.K8cw627MoZJ2', 0, 'activo', '2025-12-22 12:44:06', '2025-12-23 15:54:23', NULL, 1);
INSERT INTO `usuarios` VALUES (575, '3333', 'CAAN970205', 'NANCY CECILIA', 'CHAVEZ', 'ANZALDO', '$2y$10$b4i7ycn57.h.Up4TjzLqbuel0GXAfB7v58DSLHqvb.h/DPfsXXT42', 0, 'activo', '2025-12-22 12:44:06', '2025-12-23 15:54:23', NULL, 1);
INSERT INTO `usuarios` VALUES (576, '3335', 'MEAD870723', 'DIANA', 'MEJIA', 'ALBARRAN', '$2y$10$0DZuzHgBfQ6eIHobHD8tcu2DgXIWBcYBSqTlnDoG/Qa/tOxxjQ1OK', 1, 'activo', '2025-12-22 12:44:06', '2025-12-23 15:54:23', NULL, 0);
INSERT INTO `usuarios` VALUES (577, '3338', 'HEZK011005', 'KELLY', 'HERNANDEZ', 'ZARCO', '$2y$10$4Z1pL6kAA8Bn5d/rw85taeTSsrC.EJMyEFu2lpy8NfdU66tWnz4n2', 1, 'activo', '2025-12-22 12:44:06', '2025-12-23 15:54:23', NULL, 0);
INSERT INTO `usuarios` VALUES (578, '3342', 'REAA970618', 'ARACELI', 'REYES', 'ALVARADO', '$2y$10$rtEuPE0IL/.TQ.RSxSve/uYobgjXwwAGnYl1Z8kg0pvtQdd5r.Asi', 0, 'activo', '2025-12-22 12:44:06', '2025-12-23 15:54:23', NULL, 1);
INSERT INTO `usuarios` VALUES (579, '3344', 'RECE970823', 'ELEAZAR', 'REYES', 'CLEMENTE', '$2y$10$/7dQQjnUN0aHJYnxrZUAcOljOHXM/JLcPZiGQnrsWqOkBoTLRbIWO', 0, 'activo', '2025-12-22 12:44:06', '2025-12-23 15:54:23', NULL, 1);
INSERT INTO `usuarios` VALUES (580, '3345', 'HEMI050730', 'ITZEL BETZABE', 'HERNANDEZ', 'MATIAS', '$2y$10$Vjscz0LVxz.JNlgFKBSdIOkrhTSF.mGyfULneLSkQJ9laTAmXEVwO', 0, 'activo', '2025-12-22 12:44:07', '2025-12-23 15:54:23', NULL, 1);
INSERT INTO `usuarios` VALUES (581, '3353', 'CESM720722', 'MARIA MAGDALENA', 'CEBADA', 'SALAMANCA', '$2y$10$jAy09CRwARLJKAUshhmcVOHTeFD9Ji37IcxFt7rUq9Id6v3GgQiWS', 1, 'activo', '2025-12-22 12:44:07', '2025-12-23 15:54:24', NULL, 0);
INSERT INTO `usuarios` VALUES (582, '3360', 'MORL950305', 'LILIANA', 'MORALES', 'ROSAS', '$2y$10$57hReXuAHnvUJIu2HYSvP.dMad6jUplVxkDg2XQmHKnyn6J1Wr8OO', 1, 'activo', '2025-12-22 12:44:07', '2025-12-23 15:54:24', NULL, 0);
INSERT INTO `usuarios` VALUES (583, '3364', 'RIAD720909', 'DOROTEA', 'DEL RIO', 'ALBARRAN', '$2y$10$24GiPAit.J138Wz4vKSd8.IAuoOQvvDKOUv99JjVTeFCEXrMNCrWC', 1, 'activo', '2025-12-22 12:44:07', '2025-12-23 15:54:24', NULL, 0);
INSERT INTO `usuarios` VALUES (584, '3366', 'DIEM801122', 'MINERVA', 'DIOSDADO', 'ENRIQUEZ', '$2y$10$LeMp.y4RKInE4KjsasfVluD1T5PXeFFbPD7wbUlOA9yLig4brVwRe', 1, 'activo', '2025-12-22 12:44:07', '2025-12-23 15:54:24', NULL, 0);
INSERT INTO `usuarios` VALUES (585, '3367', 'POVE701225', 'EVANGELINA', 'PORCAYO', 'VALENCIA', '$2y$10$lzHcAKXtaPMU4jh4/7Y0tekZ0OAkduOy18Pz3PG5AADdcYgitq5XW', 1, 'activo', '2025-12-22 12:44:07', '2025-12-23 15:54:24', NULL, 0);
INSERT INTO `usuarios` VALUES (586, '3371', 'GOVJ960423', 'JORGE LUIS', 'GONZALEZ', 'VALENCIA', '$2y$10$lI8FOGpbpqYOQInQ4lhKq.wuXMPMlZEVbDWZr6oEctq2HvXsa29FK', 1, 'activo', '2025-12-22 12:44:07', '2025-12-23 15:54:24', NULL, 0);
INSERT INTO `usuarios` VALUES (587, '3372', 'AAGA990318', 'ALDAIR', 'ALVA', 'GUADARRAMA', '$2y$10$Hv5wd4OLW/rVwjimhS1PQ.CkMbIGKSj21UUUjqf3LPExS73HyGNk.', 1, 'activo', '2025-12-22 12:44:07', '2025-12-23 15:54:24', NULL, 0);
INSERT INTO `usuarios` VALUES (588, '3373', 'COSR870522', 'RITA', 'CORTEZ', 'SALAS', '$2y$10$ZX7uKJTDK1BULKkZPx.Sie8gUGGioEQbfyifon6pQUvuk1TVm2eyy', 1, 'activo', '2025-12-22 12:44:08', '2025-12-23 15:54:24', NULL, 0);
INSERT INTO `usuarios` VALUES (589, '3382', 'VIRR041020', 'RUTH JAZMIN', 'VILLEGAS', 'REYES', '$2y$10$yzjbJHReNAjZ9JgDfkYG/eYrxix/HCFOBnBcmYpVaskGevz63Ati2', 1, 'activo', '2025-12-22 12:44:08', '2025-12-23 15:54:25', NULL, 0);
INSERT INTO `usuarios` VALUES (590, '3383', 'CADS991211', 'SANDRA GUADALUPE', 'CASIMIRO', 'DIAZ', '$2y$10$GkhQM7WiLHPjqjjeplccgOwenyhzPYgux5qeMszE85XQA5XvKmNLK', 1, 'activo', '2025-12-22 12:44:08', '2025-12-23 15:54:25', NULL, 0);
INSERT INTO `usuarios` VALUES (591, '3384', 'DANJ990227', 'JORGE', 'DAVILA', 'NAVA', '$2y$10$t0zC./Me01PXSWkSdeLdhudt3r7qLCKbMiSED31Vn1ymP9tJj0c7O', 0, 'activo', '2025-12-22 12:44:08', '2026-01-08 09:08:48', NULL, 1);
INSERT INTO `usuarios` VALUES (592, '3386', 'ZAPK890303', 'KARINA', 'ZARATE', 'PEREZ', '$2y$10$K9DVzjKUZ1rHsm29r.8tAu7mn0mu1956LCmXmQ5Q0q/OlVLHB8Fc6', 1, 'activo', '2025-12-22 12:44:08', '2025-12-23 15:54:25', NULL, 0);
INSERT INTO `usuarios` VALUES (593, '3392', 'VIGJ620808', 'JUAN', 'VIEYRA', 'GARCIA', '$2y$10$9v6nAaYdST5.2JkY8N.USekdzF/Wvtc22VG6CGaqGKBYYikh/xb2K', 1, 'activo', '2025-12-22 12:44:08', '2025-12-23 15:54:25', NULL, 0);
INSERT INTO `usuarios` VALUES (594, '3394', 'FARR931017', 'ROSA ISABEL', 'FRANCISCO', 'RIVERA', '$2y$10$qoDH2fIxN4OKZcRwd/XVR.Z7n1SKr38JUA5khelsA5gnArg/GSmoi', 1, 'activo', '2025-12-22 12:44:08', '2025-12-23 15:54:25', NULL, 0);
INSERT INTO `usuarios` VALUES (595, '3399', 'MOGC941001', 'CAROLINA', 'MONTELLANO', 'GONZALEZ', '$2y$10$BS/5pfcAAnrNllz2AnpTjeiMzC/7yH03rRL0TAuI8A4swRqkfRSWK', 1, 'activo', '2025-12-22 12:44:08', '2025-12-23 15:54:25', NULL, 0);
INSERT INTO `usuarios` VALUES (596, '3400', 'JUBP920311', 'PALOMA', 'JUAREZ', 'BELTRAN', '$2y$10$dHr0oht2AKJZ.PZc.y/RZuI99pbuHqw5Eih754RsGH5.oChtDzDn.', 1, 'activo', '2025-12-22 12:44:09', '2025-12-23 15:54:25', NULL, 0);
INSERT INTO `usuarios` VALUES (597, '3404', 'VEEX021221', 'XIMENA', 'VELAZQUEZ', 'ESQUIVEL', '$2y$10$kXVHVjSnqC38DlpxaZEtMunyTCTzOXMalUOHWv1S6FiGzX7YQtfwe', 1, 'activo', '2025-12-22 12:44:09', '2025-12-23 15:54:25', NULL, 0);
INSERT INTO `usuarios` VALUES (598, '3405', 'AAVD020712', 'DIEGO', 'ALBARRAN', 'VALLEJO', '$2y$10$AWXkUxdoadyTKlbl0kVGDu8KbdEb2DHTlS4xiCDG.nXdEjbpHRyES', 1, 'activo', '2025-12-22 12:44:09', '2025-12-23 15:54:26', NULL, 0);
INSERT INTO `usuarios` VALUES (599, '3406', 'MAGF860625', 'FELIPE', 'MARTINEZ', 'GARCIA', '$2y$10$vN7z2ppMFgbD9YuvCpGIweXHSWuqTNLz862eopGjmnebmNcdymqZO', 1, 'activo', '2025-12-22 12:44:09', '2025-12-23 15:54:26', NULL, 0);
INSERT INTO `usuarios` VALUES (600, '3407', 'VAAA961130', 'ANDREA BERENICE', 'VALDEZ', 'AGUIRRE', '$2y$10$ncJqAVz6bMr.Wy3Kglgn/eZCuqlPf7Q0y90OEjzy4HoqtrU0FQpNq', 1, 'activo', '2025-12-22 12:44:09', '2025-12-23 15:54:26', NULL, 0);
INSERT INTO `usuarios` VALUES (601, '3409', 'MEEJ970128', 'JULIANA', 'MENDEZ', 'ESCUTIA', '$2y$10$XEqnoS.7pJZDonDFQ8lvG.ZOSZFOFnjY.Wzw81rBOLAyOwbxRo8OS', 1, 'activo', '2025-12-22 12:44:09', '2025-12-23 15:54:26', NULL, 0);
INSERT INTO `usuarios` VALUES (602, '3412', 'BERM680315', 'MERCEDES SANDRA', 'BENITEZ', 'RESENDIZ', '$2y$10$Wua6rkOrgrV.WDRPESCE9.bkdsxP6YNMbOCHDtsHlMowfY9V0Buc2', 1, 'activo', '2025-12-22 12:44:09', '2025-12-23 15:54:26', NULL, 0);
INSERT INTO `usuarios` VALUES (603, '3418', 'DIRD970430', 'DOMINIC', 'DIAZ', 'RAMIREZ', '$2y$10$AqZT/sSdlDyqdDIJQJtff.Vy543arlMGXcOd1UWOTwNbLa.rLFLfG', 1, 'activo', '2025-12-22 12:44:09', '2025-12-23 15:54:26', NULL, 0);
INSERT INTO `usuarios` VALUES (604, '3424', 'CACM950310', 'MARIANA', 'CARRETO', 'CORTES', '$2y$10$i5Fdp/jTctuyYzQTtQJQwOSB6rpnkp8lnFqlwfvZm1l4.tbSaKvqa', 1, 'activo', '2025-12-22 12:44:10', '2025-12-23 15:54:26', NULL, 0);
INSERT INTO `usuarios` VALUES (605, '3426', 'VAAA910726', 'ANA LUISA', 'VALDEZ', 'AGUIRRE', '$2y$10$0zfccC7ndPJky5cWCMUamevw1Sikg54LDHG5GWmnmwkoY6Hj6aKMS', 1, 'activo', '2025-12-22 12:44:10', '2025-12-23 15:54:26', NULL, 0);
INSERT INTO `usuarios` VALUES (606, '3427', 'COVE881126', 'MARIA ELENA', 'CORRAL', 'VENTOLERO', '$2y$10$nmYi/elHDtSiiff4GsQQyutfvIULRtMZaXZzxhtVkdIzQ.BRMwoei', 1, 'activo', '2025-12-22 12:44:10', '2025-12-23 15:54:27', NULL, 0);
INSERT INTO `usuarios` VALUES (607, '3429', 'GOFY950517', 'YESENIA GUADALUPE', 'GONZALEZ', 'FLORES', '$2y$10$IgyAKPVKjyw.gClbUYIXFOFc17cQdrDIRyJ81C8G73s56AycF6sdS', 1, 'activo', '2025-12-22 12:44:10', '2025-12-23 15:54:27', NULL, 0);
INSERT INTO `usuarios` VALUES (608, '3430', 'PORN980523', 'NOEL ALBERTO', 'PORCAYO', 'RODRIGUEZ', '$2y$10$Ab6iGWChhM2LMK.iRew8hOEyEzeWvSeBhMczc/NHnc0k2pEIMZOua', 1, 'activo', '2025-12-22 12:44:10', '2025-12-23 15:54:27', NULL, 0);
INSERT INTO `usuarios` VALUES (609, '3437', 'TEGA750122', 'MARIA ALICIA', 'TERCERO', 'GUERRERO', '$2y$10$a13Qg5z1MQxi4.TlSgdaauSk6Bmrsy7wnVpjw19z8tTyIrJ8z3DhW', 1, 'activo', '2025-12-22 12:44:10', '2025-12-23 15:54:27', NULL, 0);
INSERT INTO `usuarios` VALUES (610, '3438', 'GAOF780115', 'FABIOLA', 'GARCIA', 'ORTIZ', '$2y$10$P3bRgkioq9c1DpOuCpu4zOzLloPmN5unbIGURvJlvwMFJASvcJqsS', 1, 'activo', '2025-12-22 12:44:10', '2025-12-23 15:54:27', NULL, 0);
INSERT INTO `usuarios` VALUES (611, '3442', 'MAMM820722', 'MIREYA', 'MATIAS', 'MARTINEZ', '$2y$10$GkhK7ix8aP0/mums6ED3g.2jehShydm89h5Lutlguv6PCV2eZ8L7q', 1, 'activo', '2025-12-22 12:44:10', '2025-12-23 15:54:27', NULL, 0);
INSERT INTO `usuarios` VALUES (612, '3446', 'GAME831229', 'MARIA ESTHER', 'GARCIA', 'MALAGON', '$2y$10$jzZUcMRNmFtNM08KWRzJK.IJsijQAeCE8qrg0cP6Je9MHV3HOdaUu', 1, 'activo', '2025-12-22 12:44:11', '2025-12-23 15:54:27', NULL, 0);
INSERT INTO `usuarios` VALUES (613, '3447', 'RIVM971219', 'MITZI PAOLA', 'RIOS', 'VILLAZANA', '$2y$10$9z0L8wMySRL1PlhZUqKJH.sbef9JPRIk/qe9xrQrm2VE2ZGFNz.y6', 1, 'activo', '2025-12-22 12:44:11', '2025-12-23 15:54:27', NULL, 0);
INSERT INTO `usuarios` VALUES (614, '3449', 'FOOJ901028', 'JAVIER', 'FLORES', 'OSORIO', '$2y$10$qteugqD.EvZusQZ9iKyQsOlBfarhhOznjRLraW7i69tWHDMgfMckC', 1, 'activo', '2025-12-22 12:44:11', '2025-12-23 15:54:28', NULL, 0);
INSERT INTO `usuarios` VALUES (615, '3450', 'SIMF940126', 'FATIMA PATRICIA', 'SIMG', 'MENDOZA', '$2y$10$69wo1mAb8RGcuQ0L0yBjhOBgCTVqRyVjeA1iEGLXw7lGbXRGKCWPK', 1, 'activo', '2025-12-22 12:44:11', '2025-12-23 15:54:28', NULL, 0);
INSERT INTO `usuarios` VALUES (616, '3451', 'GARJ991020', 'JAIME NICOLAS', 'GARCIA', 'ROSALES', '$2y$10$sj.77botE3GKpCRnQ7rUYOKCsfr1uJixGcJzCC3EBmy0ALGWFuZaq', 1, 'activo', '2025-12-22 12:44:11', '2025-12-23 15:54:28', NULL, 0);
INSERT INTO `usuarios` VALUES (617, '0004', 'GADE760221', 'ESMERALDA', 'GARCIA', 'DURAN', '$2y$10$PQFJUQDZ/nANnknS.c/QX.eyraLWPcrC8FMpyJo92r8SAXtlSGqYa', 1, 'activo', '2025-12-22 12:44:11', '2025-12-23 16:09:33', NULL, 0);
INSERT INTO `usuarios` VALUES (618, '0011', 'REBJ850406', 'JUAN CARLOS', 'REYES', 'BARRETERO', '$2y$10$WphREE7U81l8zMkRJ3Eu4uLD1hu3LSzgVhcGEu7vNAuaP1ZtI0gp.', 1, 'activo', '2025-12-22 12:44:11', '2025-12-23 15:54:28', NULL, 0);
INSERT INTO `usuarios` VALUES (619, '0015', 'GOPR950222', 'RICARDO', 'GOMEZ', 'PICHARDO', '$2y$10$b34c3yMulOsTDOOrnc4XeebMhNKMyYW.DTkvQGd1Vti/k8Y.4Fa.m', 1, 'inactivo', '2025-12-22 12:44:11', '2025-12-23 16:10:09', NULL, 0);
INSERT INTO `usuarios` VALUES (620, '0016', 'VIGO991024', 'OSCAR', 'VILLANUEVA', 'GOMEZ', '$2y$10$G1Vo/7C81UKcg3fiBVxZ5.brtBejVs4H4lOoiX./61c8L6iTzEac2', 1, 'activo', '2025-12-22 12:44:12', '2025-12-23 15:54:28', NULL, 0);
INSERT INTO `usuarios` VALUES (621, '0022', 'TOAE921115', 'EDGAR EVERARDO', 'TORRES', 'ALVAREZ', '$2y$10$nkM5HmEz/yPgY8LNr.a4Juzhg4eKt8bhwAHxMWLoW50Gq/X9yC16a', 1, 'activo', '2025-12-22 12:44:12', '2025-12-23 15:54:28', NULL, 0);
INSERT INTO `usuarios` VALUES (622, '0023', 'AOAD830507', 'DANIEL', 'ANTONIO', 'ALMEYDA', '$2y$10$lxKWzNM2jYdZSUZoWkckQuB74FYNzC1PRQnm8uI0h3JUTFw3PEBOy', 0, 'activo', '2025-12-22 12:44:12', '2025-12-23 15:55:51', NULL, 1);
INSERT INTO `usuarios` VALUES (623, '0024', 'JIPL790817', 'JOSE LUIS', 'JIMENEZ', 'PALMA', '$2y$10$UrSRvGyD1yaQ7nQiTldYo.ZUDqf28x5wFqHDrFSe.sMl8kKFrdVTe', 1, 'activo', '2025-12-22 12:44:12', '2025-12-23 15:54:29', NULL, 0);
INSERT INTO `usuarios` VALUES (624, '0028', 'BASH820608', 'HERALIA', 'BAHENA', 'SILVA', '$2y$10$6EyUOuezGMu/SjNtkLHZJu/MKyRRmIrpbXuj6.9GWwH93JjwyUh9q', 1, 'activo', '2025-12-22 12:44:12', '2025-12-23 15:54:29', NULL, 0);
INSERT INTO `usuarios` VALUES (625, '0033', 'GOCJ880929', 'JORGE FRANCISCO', 'GONZALEZ', 'CASTELLANOS', '$2y$10$dhV0zoOxo4WAq6YaaeLatutfzKFm93bWqokhb.58G4PJ0QDPX0fkm', 1, 'activo', '2025-12-22 12:44:12', '2025-12-23 15:54:29', NULL, 0);
INSERT INTO `usuarios` VALUES (626, '0040', 'FEPL960218', 'LIZETH', 'FELICIANO', 'PUERTA', '$2y$10$dv8GIl1Ax3s6EDkBWqstN.lYTSHhzS3NOpFEeDu3MTOiS.OVVloaC', 1, 'activo', '2025-12-22 12:44:12', '2025-12-23 15:54:29', NULL, 0);
INSERT INTO `usuarios` VALUES (627, '0051', 'GOGC681014', 'CEFERINO', 'GOMEZ', 'GONZALEZ', '$2y$10$PExiP2jMFqiV152hjw0SqO93BbaScmzsSMFLxWGFZxUFO0YnCKCki', 1, 'activo', '2025-12-22 12:44:12', '2025-12-23 15:54:29', NULL, 0);
INSERT INTO `usuarios` VALUES (628, '0052', 'GOFF711124', 'FELIPE', 'GONZALEZ', 'FERNANDEZ', '$2y$10$D1YbiFEVkCqQQBraPOS87u0VA50gaVAERtB.Ne8lrYqhxz8oL/RjG', 1, 'activo', '2025-12-22 12:44:13', '2025-12-23 15:54:29', NULL, 0);
INSERT INTO `usuarios` VALUES (629, '0069', 'GOCA000818', 'ANDREA', 'GOMEZ', 'DE LA CRUZ', '$2y$10$5X50iIHMq44i5rSCe/8GueJLlaxWS.cLFDyxZgv92GGAR9Nnm1ej2', 1, 'activo', '2025-12-22 12:44:13', '2025-12-23 15:54:29', NULL, 0);
INSERT INTO `usuarios` VALUES (630, '0070', 'SIMJ740607', 'JANELY', 'SILVA', 'MARTINEZ', '$2y$10$4UyVZiRixx1UswcwLuIHOODdiVxhgRTS01S1e0uAL3qve2pubcuwW', 1, 'activo', '2025-12-22 12:44:13', '2025-12-23 15:54:30', NULL, 0);
INSERT INTO `usuarios` VALUES (631, '0077', 'SAFG921003', 'GERARDO', 'SALAZAR', 'FLORES', '$2y$10$FEdCq3.OzyIan6VewRQUButBZNS/7pqi0O6QZdUJec4rVotXTKmb6', 1, 'activo', '2025-12-22 12:44:13', '2025-12-23 15:54:30', NULL, 0);
INSERT INTO `usuarios` VALUES (632, '0087', 'PAHD940902', 'JOSE DANIEL', 'PALOMARES', 'HERNANDEZ', '$2y$10$pjxdQk4sER.up6m6HRU87ekzup4Y79MFIGdmyXPC.uYgbGuhZPJ..', 1, 'activo', '2025-12-22 12:44:13', '2025-12-23 15:54:30', NULL, 0);
INSERT INTO `usuarios` VALUES (633, '0109', 'BOVS850321', 'SALVADOR', 'BOBADILLA', 'VILLARREAL', '$2y$10$yKpZW8GJwOQPeFvjS0SW5OWrCIJZqgJ1qFC.Krpo32ZCejApasD8K', 1, 'activo', '2025-12-22 12:44:13', '2025-12-23 15:54:30', NULL, 0);
INSERT INTO `usuarios` VALUES (634, '0115', 'PARM831105', 'MARIO', 'PLATA', 'RAMIREZ', '$2y$10$uItuy8sGCZrkaI4SGbqqs.OyF.sqtaYhrPgIRLXm7uhEzWuse7x4a', 1, 'activo', '2025-12-22 12:44:13', '2025-12-23 15:54:30', NULL, 0);
INSERT INTO `usuarios` VALUES (635, '0122', 'AUGR691024', 'RAFAEL', 'ARCHUNDIA', 'GUZMAN', '$2y$10$bsJ7TkUCkhjLNANV2NxAoeXJrlo.jC6hJnyXfkqbSyJubR9c4Sa7y', 1, 'activo', '2025-12-22 12:44:14', '2025-12-23 15:54:30', NULL, 0);
INSERT INTO `usuarios` VALUES (636, '0127', 'TOAD010512', 'DANIEL', 'TORRES', 'ALVAREZ', '$2y$10$Wvt2YPhvfTJPAQANewkx4eMVAd3NbiriYY0GqLiJQ68CMgL7fSMn2', 1, 'activo', '2025-12-22 12:44:14', '2025-12-23 15:54:30', NULL, 0);
INSERT INTO `usuarios` VALUES (637, '0133', 'BEAA831118', 'ANTONIO', 'BERNAL', 'ALDAMA', '$2y$10$8A6ZAAfx0qOskFkfCkGKce7Yu3KxMimMcUeamirQTiwNLnTv9CflO', 1, 'activo', '2025-12-22 12:44:14', '2025-12-23 15:54:30', NULL, 0);
INSERT INTO `usuarios` VALUES (638, '0139', 'PAAA870206', 'ARTURO', 'PALMA', 'ANTONIO', '$2y$10$2qniKS5Blz3W9RprDtor2u5BVqEYlBGYNRRJrfnjuLY75n3Z2Nn0e', 1, 'activo', '2025-12-22 12:44:14', '2025-12-23 15:54:31', NULL, 0);
INSERT INTO `usuarios` VALUES (639, '0155', 'RIPY761217', 'YOLANDA', 'RIOS', 'PINO', '$2y$10$AZuiWas2DjgNsR1XARyHd.55XDMoxgV3lL1IRWWiKBDiM0Zqrq7qC', 1, 'activo', '2025-12-22 12:44:14', '2025-12-23 15:54:31', NULL, 0);
INSERT INTO `usuarios` VALUES (640, '0163', 'VACS890723', 'SUSANA', 'VALDEZ', 'CRUZ', '$2y$10$fulNi9JPJrHD76Ybyza2Uu.Aoe7IogtAwCspnVBevJBSBPxVsZ6mG', 1, 'activo', '2025-12-22 12:44:14', '2025-12-23 15:54:31', NULL, 0);
INSERT INTO `usuarios` VALUES (641, '0167', 'AEMC030703', 'CRISTIAN', 'ARRECILLAS', 'MARTINEZ', '$2y$10$NgA0vT8aC8eD0GDftyPU8ep7n20SuyNcuyDykUuB7nMNx4i9LJfym', 1, 'activo', '2025-12-22 12:44:14', '2025-12-23 15:54:31', NULL, 0);
INSERT INTO `usuarios` VALUES (642, '0174', 'REBG881018', 'GERARDO', 'REYES', 'BALTAZAR', '$2y$10$6h57dG74JKJ7FE2ZDgsKKuaQA9F8apafeGdKO8DMQwqQMn3EMOhaW', 1, 'activo', '2025-12-22 12:44:14', '2025-12-23 15:54:31', NULL, 0);
INSERT INTO `usuarios` VALUES (643, '0216', 'MARG861212', 'GUADALUPE', 'MARTINEZ', 'RODRIGUEZ', '$2y$10$id4LG4yEq83nai/efbACf.pm8U6KxWZ/3kKHxeC4Xf0/2j7fQLuQC', 1, 'activo', '2025-12-22 12:44:15', '2025-12-23 15:54:31', NULL, 0);
INSERT INTO `usuarios` VALUES (644, '0232', 'PIPG860609', 'GERARDO', 'PILAR', 'PEREZ', '$2y$10$SLl9u5vtytG0bC4D1MQfIOVrItmX.iEjUuGjBJAlyjKBlNDWJE8jG', 1, 'activo', '2025-12-22 12:44:15', '2025-12-23 15:54:31', NULL, 0);
INSERT INTO `usuarios` VALUES (645, '0256', 'GOTP820830', 'PEDRO', 'GOMEZ', 'TRUJILLO', '$2y$10$bquUBS7QOwymvV0qgob8Ve6cXLKfNqUo4oFtGskMwv23zI4UWr6Qq', 1, 'activo', '2025-12-22 12:44:15', '2025-12-23 15:54:31', NULL, 0);
INSERT INTO `usuarios` VALUES (646, '0282', 'CAJO781122', 'OMAR ANTONIO', 'CASTAÑEDA', 'JIMENEZ', '$2y$10$hY1YWVhxAIwDqwanE.YSEOET1CROzpL94TPTpfofA6zuxUnPEeeDO', 0, 'activo', '2025-12-22 12:44:15', '2025-12-23 16:51:09', NULL, 1);
INSERT INTO `usuarios` VALUES (647, '0290', 'PILA681130', 'ANDRES NOE', 'PICHARDO', 'LOPEZ', '$2y$10$w0k1BZlSGnwh4rvQ3ikw2uscmKEbffGIdmyGmk8Tfvdh4uuoDWkVq', 1, 'activo', '2025-12-22 12:44:15', '2025-12-23 15:54:31', NULL, 0);
INSERT INTO `usuarios` VALUES (648, '0292', 'SOGA991128', 'ALEJANDRO ANTONIO', 'SOLACHE', 'GOMEZ', '$2y$10$aOjNHcOpRZkk90KZZH3RK.S6G0cph/0jWPLuXRwnV/UPGsK9kSJFq', 1, 'activo', '2025-12-22 12:44:15', '2025-12-23 15:54:32', NULL, 0);
INSERT INTO `usuarios` VALUES (649, '0315', 'BEMA970903', 'AISLINN', 'BERNAL', 'MORALES', '$2y$10$SNHPVS0ElnENIGkrkk0Ww.wfmJQWpCemqYj39QHWJ5UzlwxJyCmXO', 1, 'activo', '2025-12-22 12:44:15', '2025-12-23 15:54:32', NULL, 0);
INSERT INTO `usuarios` VALUES (650, '0317', 'GOLC661214', 'MARIA DEL CARMEN', 'GOMEZ', 'LUA', '$2y$10$3.im/lQB44d1J0M3i7cui.5eNSc0nyRmd/2s3zGxg6XouhXCozWPK', 1, 'activo', '2025-12-22 12:44:16', '2025-12-23 15:54:32', NULL, 0);
INSERT INTO `usuarios` VALUES (651, '0339', 'EAPH970806', 'HECTOR', 'ESTRADA', 'PEREZ', '$2y$10$dgEfx5KfjHR3rU8GPnOsfOeHJe0Q9nQe54i9pfxzVCGfJc5HfFsTq', 1, 'activo', '2025-12-22 12:44:16', '2025-12-23 15:54:32', NULL, 0);
INSERT INTO `usuarios` VALUES (652, '0341', 'MAXL030508', 'LESLI DOMINGA', 'MARTINEZ', 'XALA', '$2y$10$vBQIj2DXOZ/G4c7CWAjlZebMNoptwNrUhk0yVLDGAW3yH.NKeAPAa', 1, 'activo', '2025-12-22 12:44:16', '2025-12-23 15:54:32', NULL, 0);
INSERT INTO `usuarios` VALUES (653, '0344', 'PAVL910516', 'LAURA', 'PAZ', 'VARGAS', '$2y$10$ghdbF//9w47c2Q/3CPhbFudrWAgWNTIciJD.oa1gcJOiyPAvLmYGu', 1, 'activo', '2025-12-22 12:44:16', '2025-12-23 15:54:32', NULL, 0);
INSERT INTO `usuarios` VALUES (654, '0345', 'MEEM940414', 'MIRIAM', 'MEJIA', 'ENDEJE', '$2y$10$QMeiqB3bvYu5IdyQzesd7uMcKo4OqDMbCVR/VLMRdwaAH13c/Kly2', 1, 'activo', '2025-12-22 12:44:16', '2025-12-23 15:54:32', NULL, 0);
INSERT INTO `usuarios` VALUES (655, '0351', 'AAMI880720', 'IRMA', 'AYALA', 'MARTINEZ', '$2y$10$jFTxjNlgu6FuuSaK2zH7puaAfto3k47rrN8D5mfVBy7Oahvljep2y', 1, 'activo', '2025-12-22 12:44:16', '2025-12-23 15:54:33', NULL, 0);
INSERT INTO `usuarios` VALUES (656, '0352', 'MACI640404', 'ISIDRO', 'MARTINEZ', 'DE LA CRUZ', '$2y$10$1wgLh2TXdChC/wBRM0ievuFoLYfUcZg1fzflHu5czMpRHfAvHSkOu', 1, 'activo', '2025-12-22 12:44:16', '2025-12-23 15:54:33', NULL, 0);
INSERT INTO `usuarios` VALUES (657, '0356', 'CELJ650427', 'JAIME', 'CERVANTES', 'LEON', '$2y$10$/mJDDzL5tiOs6eHNLQFs9.2vtiCL/VdGBPb0DDJQGORkiNr3PQSl2', 1, 'activo', '2025-12-22 12:44:17', '2025-12-23 15:54:33', NULL, 0);
INSERT INTO `usuarios` VALUES (658, '0363', 'PACJ690906', 'JUANA', 'PACHECO', 'CONTRERAS', '$2y$10$hRUcOqH9jksZteLMCgkFMu7vrHfvq9yyiN5Zn2i2mhiALvG5tdifm', 1, 'activo', '2025-12-22 12:44:17', '2025-12-23 15:54:33', NULL, 0);
INSERT INTO `usuarios` VALUES (659, '0371', 'AOBS041110', 'SERGIO', 'ALONSO', 'BAHENA', '$2y$10$AMpv3gPM9.5rNDC9V3P2Tul8cMutXdYZafezYzPkt1DwpYq/3vJ4m', 1, 'activo', '2025-12-22 12:44:17', '2025-12-23 15:54:33', NULL, 0);
INSERT INTO `usuarios` VALUES (660, '0375', 'GOFB660827', 'BENILDE MARIA', 'GONZALEZ', 'FERNANDEZ', '$2y$10$JALU1dkswX6snC0xQ6FK9OfVG5g44TDjyLImoTSxG2XnO83YWdi9i', 1, 'activo', '2025-12-22 12:44:17', '2025-12-23 15:54:33', NULL, 0);
INSERT INTO `usuarios` VALUES (661, '0379', 'FOMV770812', 'VALENTIN', 'FLORES', 'MATA', '$2y$10$bjRQCDZrSfWImQ5W6Ile2e8UoSXoaZHhLVKn1i0Uaqv8drFdzk1Bm', 1, 'activo', '2025-12-22 12:44:17', '2025-12-23 15:54:33', NULL, 0);
INSERT INTO `usuarios` VALUES (662, '0384', 'GUVL700303', 'MARIA DE LOURDES', 'GUADARRAMA', 'VALENCIA', '$2y$10$wWLMoKknlQyZe4eRvELEYOwRLRzdbpKYrTPcDKUV5RNWTIJUk9Pdi', 1, 'activo', '2025-12-22 12:44:17', '2025-12-23 15:54:33', NULL, 0);
INSERT INTO `usuarios` VALUES (663, '0386', 'PIAL730421', 'LLANET', 'PIÑA', 'ARIAS', '$2y$10$d/lM4DPFCP2Y4Qh7EB99fOwpf8VJcECyC4PPRNv3WFMf2QQR3CTl6', 1, 'activo', '2025-12-22 12:44:17', '2025-12-23 15:54:34', NULL, 0);
INSERT INTO `usuarios` VALUES (664, '0390', 'MAFE821020', 'ELIZABETH', 'MANCILLA', 'FLORES', '$2y$10$6pXXWrNa8UCrk8LLTY3wFutr80TAdMK0nhRpnMB5luXh5t2jxkx9S', 1, 'activo', '2025-12-22 12:44:17', '2025-12-23 15:54:34', NULL, 0);
INSERT INTO `usuarios` VALUES (665, '0395', 'SAMK930306', 'KELVIN ULISES', 'SAMPERIO', 'MALDONADO', '$2y$10$m87TOLukmRoIfSNQX8OlL.N/v7r2QMAD9pq00.RS9883Qk6UeGJAO', 1, 'activo', '2025-12-22 12:44:18', '2025-12-23 15:54:34', NULL, 0);
INSERT INTO `usuarios` VALUES (666, '0404', 'REBA790322', 'JOSE ANGEL', 'REYES', 'BARRETERO', '$2y$10$kk.ki120emMTWRHYW228LeJUzm7LsvaDFw43diu2MtHsmWy6qFUu.', 1, 'activo', '2025-12-22 12:44:18', '2025-12-23 15:54:34', NULL, 0);
INSERT INTO `usuarios` VALUES (667, '0001', 'GOGC681014', 'CEFERINO', 'GOMEZ', 'GONZALEZ', '$2y$10$.mHBwni2HuiOzKZCxz1Cr.uFxB3o52SmVnoVxpcafMqHZsbCwOj7e', 1, 'activo', '2025-12-22 12:44:18', '2025-12-23 15:54:34', NULL, 0);
INSERT INTO `usuarios` VALUES (668, '0002', 'GOFF711124', 'FELIPE', 'GONZALEZ', 'FERNANDEZ', '$2y$10$sIpLkFfw1wx4JchRPEmi3eKWlHyJpm1A.rxaGe.Tsu5F0MVpaeuD.', 1, 'activo', '2025-12-22 12:44:18', '2025-12-23 15:54:34', NULL, 0);
INSERT INTO `usuarios` VALUES (669, '0003', 'LOGE680207', 'MARIA ENRIQUETA', 'LOPEZ', 'GUTIERREZ', '$2y$10$SkNZtiCmqeEs/t62dJWpmuNIwnf/1GkaHO3AoTQ.RRuodU1avK662', 1, 'activo', '2025-12-22 12:44:18', '2025-12-23 15:54:34', NULL, 0);
INSERT INTO `usuarios` VALUES (670, '0004', 'SABG810320', 'GINETTE', 'SARMIENTO', 'BONARDEL', '$2y$10$a44J0bC7djev1MckNgBH8..2xsXqMJ3K9QtF2D741GcLTbd.IzBFi', 1, 'activo', '2025-12-22 12:44:18', '2025-12-23 15:54:34', NULL, 0);
INSERT INTO `usuarios` VALUES (671, '1001', 'DEMA871022', 'ARELI', 'DELGADILLO', 'MANRIQUEZ', '$2y$10$DICFr/EaeB3OggFtogPjDevLb2QlJAI1Tl6o8L2EV06WYnvra4oru', 1, 'activo', '2025-12-22 12:44:18', '2025-12-23 15:54:34', NULL, 0);
INSERT INTO `usuarios` VALUES (672, '1002', 'ROCS691121', 'SERGIO', 'RODRIGUEZ', 'CAMPOS', '$2y$10$yUQg.2luVEsE.rwoN.ufJuQaxFqkR2Z99nV50twVu7ENFJXZsUxJm', 1, 'activo', '2025-12-22 12:44:19', '2025-12-23 15:54:35', NULL, 0);
INSERT INTO `usuarios` VALUES (673, '1005', 'PETR910312', 'REBECA ITZEL', 'PEREZ', 'TECALCO', '$2y$10$ABI.liXLUPUJXv7oHti8Te.ZSvLdv3MeyV.bBM2F42hSjbuHkT1hm', 1, 'activo', '2025-12-22 12:44:19', '2025-12-23 15:54:35', NULL, 0);
INSERT INTO `usuarios` VALUES (674, '1006', 'MAHA740828', 'AGUSTIN', 'MATA', 'HERNANDEZ', '$2y$10$G/z3fYfVlh3dPapdHCf7/.40C6A./qno6Da.zEessJSbNUNj8sDkm', 1, 'activo', '2025-12-22 12:44:19', '2025-12-23 15:54:35', NULL, 0);
INSERT INTO `usuarios` VALUES (675, '1007', 'LOPL790524', 'LORENA ADRIANA', 'LOZANO', 'PEREZ', '$2y$10$sNOeh5Q9er7uPGClusRTfupw.I1HCjl.0zrxQKkmq5i.bjw0Lkuuq', 1, 'activo', '2025-12-22 12:44:19', '2025-12-23 15:54:35', NULL, 0);
INSERT INTO `usuarios` VALUES (676, '1008', 'MUGL911206', 'LESLIE JHOANA', 'MUÑOZ', 'GARCIA', '$2y$10$UGte.j/GmMoG76TecU2R1O6iEYEtaiRpnqLQn1M829hui/vZKj6pm', 1, 'activo', '2025-12-22 12:44:19', '2025-12-23 15:54:35', NULL, 0);
INSERT INTO `usuarios` VALUES (677, '1009', 'AUPC720331', 'CARLOS ALBERTO', 'AGUILAR', 'PERALTA', '$2y$10$IrjpFNoWhjDnwqkst5d0bulWHEFQ7XFPQp8/QB9BKAEs2YgKJhUPS', 1, 'activo', '2025-12-22 12:44:19', '2025-12-23 15:54:35', NULL, 0);
INSERT INTO `usuarios` VALUES (678, '1011', 'AAMA620506', 'ANGEL', 'ALBARRAN', 'MARTINEZ', '$2y$10$PuIVfhoBlCqKmnIbiAsvQ.aDA/LqyiLoro8s/TlujPt4mRAQc3HA6', 1, 'activo', '2025-12-22 12:44:19', '2025-12-23 15:54:35', NULL, 0);
INSERT INTO `usuarios` VALUES (679, '1014', 'SAGE600411', 'EDGAR', 'SANTILLAN', 'GUTIERREZ', '$2y$10$wmHJs7QQj4xx09TktmdpL.vq0tlNdL11LVY51VUGxkjjDdLTjXcfq', 1, 'activo', '2025-12-22 12:44:19', '2025-12-23 15:54:36', NULL, 0);
INSERT INTO `usuarios` VALUES (680, '1019', 'RORL750102', 'LUISA GABRIELA', 'ROJO', 'ROMERO', '$2y$10$wbOVJaxUEotN7rKdG5dkB..7dUrAuLmCoU40SzZim3VOuGWPjC6Wa', 1, 'activo', '2025-12-22 12:44:20', '2025-12-23 15:54:36', NULL, 0);
INSERT INTO `usuarios` VALUES (681, '1020', 'GOHA810522', 'ALBA MARIANA', 'GODINEZ', 'HERRERA', '$2y$10$EyjT0GfEAmZlkO69OqsfCONwxBGLizVwTYZ4y.ti.K.0T10IaS7WC', 1, 'activo', '2025-12-22 12:44:20', '2025-12-23 15:54:36', NULL, 0);
INSERT INTO `usuarios` VALUES (682, '1021', 'LOBJ850604', 'JOSCELYN VICTORIA', 'LOPEZ', 'BARRIOS', '$2y$10$F68IJYqgOoNW7F/ez/RR5.qDLF8nTRbfDGSjXTyVPculgiAuSIGWy', 1, 'activo', '2025-12-22 12:44:20', '2025-12-23 15:54:36', NULL, 0);
INSERT INTO `usuarios` VALUES (683, '1022', 'EICV730315', 'VERONICA', 'ESPINOSA DE LOS MONTEROS', 'CALDERON', '$2y$10$EKWUjWOXRSlCnXgLPLvjs.c8ghRkjFF0b.2Hs4HVWk1BV0.5Rj8zq', 1, 'activo', '2025-12-22 12:44:20', '2025-12-23 15:54:36', NULL, 0);
INSERT INTO `usuarios` VALUES (684, '2008', 'PACE770419', 'EDGAR', 'PANIAGUA', 'CALDERON', '$2y$10$MytM7B34WXDydz0no8H0IOBi3m/j5dKLYOYztosyWtrF4nW1CFokm', 1, 'activo', '2025-12-22 12:44:20', '2025-12-23 15:54:36', NULL, 0);
INSERT INTO `usuarios` VALUES (685, '2015', 'TEGM781124', 'MIGUEL ENRIQUE', 'TREJO', 'GONZALEZ', '$2y$10$8OZ2FIzWcSP0nozfghMLpOnc577Tq8ZgnfWoU8lpYBqkdHufITYp2', 1, 'activo', '2025-12-22 12:44:20', '2025-12-23 15:54:36', NULL, 0);
INSERT INTO `usuarios` VALUES (686, '2016', 'LOMM670330', 'MIGUEL JAIME', 'LOPEZ', 'MARTINEZ', '$2y$10$z49lm3fP5KYX9qQUnJrABe0a0SF9oeEgGf.YnTf2Rh4NdGycvK2rC', 1, 'activo', '2025-12-22 12:44:20', '2025-12-23 15:54:36', NULL, 0);
INSERT INTO `usuarios` VALUES (687, '2017', 'REOC810104', 'CRISTIAN QUETZALCOATL', 'RENTERIA', 'OSORNIO', '$2y$10$..wZOwf4q3h3dkTi5f2OKePF3JZuAPrU3reVoFmW13o56JDuSHiES', 1, 'activo', '2025-12-22 12:44:21', '2025-12-23 15:54:37', NULL, 0);
INSERT INTO `usuarios` VALUES (688, '2021', 'PEGA821025', 'ABDIEL', 'PERALTA', 'GRANADOS', '$2y$10$Di/iQQp14AXxUTnUZq1YrO84OV6el16vgEMl6.tQRh.hOCLtNXHzu', 1, 'activo', '2025-12-22 12:44:21', '2025-12-23 15:54:37', NULL, 0);
INSERT INTO `usuarios` VALUES (689, '2027', 'VEBP851219', 'MARIA DEL PILAR', 'VELAZQUEZ', 'BAEZ', '$2y$10$32GDVL.CTdktOnJwiIW4t.HueyeObnBcGXBPd1LWDuvLGPz8dsfyK', 1, 'activo', '2025-12-22 12:44:21', '2025-12-23 15:54:37', NULL, 0);
INSERT INTO `usuarios` VALUES (690, '2029', 'MADL830318', 'LUIS ALBERTO', 'MARTINEZ', 'DOMINGUEZ', '$2y$10$scz62cWfiAwjenjIqGY.dOQ.FPz1Ex08/e7PfIQ52fghigg6DxOuu', 1, 'activo', '2025-12-22 12:44:21', '2025-12-23 15:54:37', NULL, 0);
INSERT INTO `usuarios` VALUES (691, '2030', 'DIGC691104', 'CARLOS', 'DIAZ', 'GUZMAN', '$2y$10$HFRd2B3yqbbV/rstvYbgVOrHAy0Mw0BiIazT.rfHtny5Rcx9CerLm', 1, 'activo', '2025-12-22 12:44:21', '2025-12-23 15:54:37', NULL, 0);
INSERT INTO `usuarios` VALUES (692, '2032', 'JIMM791013', 'JOSE MANUEL', 'JIMENEZ', 'MARTINEZ', '$2y$10$6Q/ZSsrrSY8Fz5ruEmvMzurFHpxErFEAXz0723I9SLb//x35GZzIy', 1, 'activo', '2025-12-22 12:44:21', '2025-12-23 15:54:37', NULL, 0);
INSERT INTO `usuarios` VALUES (693, '2051', 'RURG820722', 'GUADALUPE', 'RUIZ', 'RODRIGUEZ', '$2y$10$aXKd2eYI2YQx02EBjzu/UuGN8DlCpxWUKfeRuYEBM4r5dhBxZVoCO', 1, 'activo', '2025-12-22 12:44:21', '2025-12-23 15:54:37', NULL, 0);
INSERT INTO `usuarios` VALUES (694, '2052', 'VASJ710527', 'JORGE', 'VAZQUEZ', 'SANCHEZ', '$2y$10$Tgp8yU1eJ08u2bZNIhNEPODFHCbJpWUZimGWsb1bROwlqBfYG9YGe', 1, 'activo', '2025-12-22 12:44:21', '2025-12-23 15:54:37', NULL, 0);
INSERT INTO `usuarios` VALUES (695, '2053', 'CAPA901227', 'ALEJANDRA IVONNE', 'CASTILLO', 'PLATA', '$2y$10$lm/qLjXvEMqWjFne5QabE.pbOdzQtQk/RlqEAXNchLFGSu9flgaLm', 1, 'activo', '2025-12-22 12:44:21', '2025-12-23 15:54:38', NULL, 0);
INSERT INTO `usuarios` VALUES (696, '2055', 'OELD890504', 'DIANA ESLI', 'OBREGON', 'LUNA', '$2y$10$TcY6PZGQpllx7FpyTEa9ru5s4pSthZQoLI3wB8mTAd/TPkSo95qB.', 0, 'activo', '2025-12-22 12:44:22', '2026-01-08 09:09:53', NULL, 1);
INSERT INTO `usuarios` VALUES (697, '2071', 'ZALL861025', 'LILIA', 'ZAPATA', 'LOPEZ', '$2y$10$ZChndHjlRGJ.v2eoP5XSrenucxvV1qqtVvmanBcklalbB5xYQtbXm', 1, 'activo', '2025-12-22 12:44:22', '2025-12-23 15:54:38', NULL, 0);
INSERT INTO `usuarios` VALUES (698, '2079', 'GAMA870618', 'ANGELICA', 'GARCIA', 'MORA', '$2y$10$TN8XB0iL0Nqt9THQLgut0OZs1W/7SwlhvwOrIFCk7VeJBExTWRS42', 1, 'activo', '2025-12-22 12:44:22', '2025-12-23 15:54:38', NULL, 0);
INSERT INTO `usuarios` VALUES (699, '2081', 'CESN860521', 'MARIA NALLELY', 'CEBALLOS', 'SILVA', '$2y$10$yjHFFBgwV8CuPcK49nzrHeqlOUa5Ee8RflVIgHNki9b/kOBi19JBu', 1, 'activo', '2025-12-22 12:44:22', '2025-12-23 15:54:38', NULL, 0);
INSERT INTO `usuarios` VALUES (700, '2083', 'GOGA930917', 'AXEL', 'GOMEZ', 'GUERRERO', '$2y$10$HU6aA5mAv05Ai9jCDTDdDOOceyh7qll.jonoK6.ZdqQLLx/6HhN6u', 1, 'activo', '2025-12-22 12:44:22', '2025-12-23 15:54:38', NULL, 0);
INSERT INTO `usuarios` VALUES (701, '2094', 'AAOJ790623', 'JESSICA', 'ANDRACA', 'OSORNIO', '$2y$10$SbVMSU.PKzxKLiYjs0rC2uNIaXOBNT5qjxnngm3T3LiHPyWbUtD.2', 1, 'activo', '2025-12-22 12:44:22', '2025-12-23 15:54:38', NULL, 0);
INSERT INTO `usuarios` VALUES (702, '2096', 'BASF641120', 'FELISA', 'BAENA', 'SILVA', '$2y$10$w3rYRWGwJ.jLo0NJBZr00.1BpZxJraOLyMof/hOO8OekjAcwiSOZe', 1, 'activo', '2025-12-22 12:44:22', '2025-12-23 15:54:39', NULL, 0);
INSERT INTO `usuarios` VALUES (703, '2098', 'CAAY870523', 'YANIN', 'CALIFORNIA', 'ACOSTA', '$2y$10$FN91M23pjtPKymhr8EqW/uS8ok6bUKICJOsoEejnx.c00uVLcUZUq', 1, 'activo', '2025-12-22 12:44:22', '2025-12-23 15:54:39', NULL, 0);
INSERT INTO `usuarios` VALUES (704, '2101', 'NESS930224', 'SHINE MARIE', 'NERI', 'SANCHEZ', '$2y$10$FcITCxtLrESvm.x0tZXzZOxHNUpAmLvOdkzMFlIEVTh3tWnxzmGxC', 1, 'activo', '2025-12-22 12:44:23', '2025-12-23 15:54:39', NULL, 0);
INSERT INTO `usuarios` VALUES (705, '2102', 'AUAS940319', 'SUSANA HARUMY', 'AGUILAR', 'ARIAS', '$2y$10$4QMcZe5WhW0q6cxQllxowOj6QskElJo9GSaxySRfUKbyrC6FxiFhm', 1, 'activo', '2025-12-22 12:44:23', '2025-12-23 15:54:39', NULL, 0);
INSERT INTO `usuarios` VALUES (706, '2114', 'VAHS870928', 'SANDRA STEPHANY', 'VALERO', 'HERNANDEZ', '$2y$10$FkqAjeXsbIZ0dkDPisTreOH9PruCm0D9L6VwEjSAIWA9vOh.Bsc4i', 1, 'activo', '2025-12-22 12:44:23', '2025-12-23 15:54:39', NULL, 0);
INSERT INTO `usuarios` VALUES (707, '2121', 'AIGL930802', 'LUIS ALBERTO', 'AVILES', 'GARCIA', '$2y$10$HTVzvGwm57O6.yr1CoOBCOQNw7gxTcGCerubybv.cAQTrzPDNqbUu', 1, 'activo', '2025-12-22 12:44:23', '2025-12-23 15:54:39', NULL, 0);
INSERT INTO `usuarios` VALUES (708, '2124', 'GUOM720405', 'MIRIAM', 'GUEVARA', 'OCEGUERA', '$2y$10$vY9PueU4CEBi2gZDFucUleNk09NqTqUYsi4njQFp5YlMxnwgGmEXq', 1, 'activo', '2025-12-22 12:44:23', '2025-12-23 15:54:39', NULL, 0);
INSERT INTO `usuarios` VALUES (709, '2131', 'RAMA720114', 'ANDRES ROGELIO', 'RAMIREZ', 'MARTINEZ', '$2y$10$nodvFGSUKJfCGJfRAa5QbeXyYwADnqvseoUw7VSXZpz646bOCndsO', 1, 'activo', '2025-12-22 12:44:23', '2025-12-23 15:54:39', NULL, 0);
INSERT INTO `usuarios` VALUES (710, '2134', 'CARA900628', 'ALAN ENRIQUE', 'CABALLERO', 'ROMO', '$2y$10$kxAvLOBqla4fFwOWjMbhYONq8v4jIWeO0wIkA06XXwgynqMPqKbny', 1, 'activo', '2025-12-22 12:44:23', '2025-12-23 15:54:39', NULL, 0);
INSERT INTO `usuarios` VALUES (711, '2136', 'GOMH610919', 'HECTOR', 'GONZALEZ', 'MORA', '$2y$10$.lG9JQ/YWBf3pUfZrnxz2OOiJtjeZWs10aXX3AenvPOpHuD8Au6/S', 1, 'activo', '2025-12-22 12:44:23', '2025-12-23 15:54:40', NULL, 0);
INSERT INTO `usuarios` VALUES (712, '2164', 'MOOD910518', 'DIANA CAROLINA', 'MOTA', 'OCHOA', '$2y$10$d3fsGJy4pVjNhuS92ANzBu48t9lxgAWyre2ifcamHtdTPe1qu//I.', 1, 'activo', '2025-12-22 12:44:24', '2025-12-23 15:54:40', NULL, 0);
INSERT INTO `usuarios` VALUES (713, '2165', 'HEMR631116', 'RAYMUNDO PEDRO', 'HERNANDEZ', 'MARTINEZ', '$2y$10$DPORE26G5Vye4Q520q0b4uPB1yGRcfN/bT1HZ1zldfsYKNX8GidgG', 1, 'activo', '2025-12-22 12:44:24', '2025-12-23 15:54:40', NULL, 0);
INSERT INTO `usuarios` VALUES (714, '2167', 'TERI790101', 'IVAN', 'TREJO', 'RAZO', '$2y$10$AYh5Ts0E0o2.UC1.JPZBle.S34.vtNMcZVGZneWLJs3DBTMKPcK3G', 1, 'activo', '2025-12-22 12:44:24', '2025-12-23 15:54:40', NULL, 0);
INSERT INTO `usuarios` VALUES (715, '2169', 'CAMC730716', 'JOSE CARMELO', 'CARRETERO', 'MEJIA', '$2y$10$K81S7cKtyBgvYsJ4W0ipluqHCH0ZDEFKQJvkJFTWYRaCx9CP59LUO', 1, 'activo', '2025-12-22 12:44:24', '2025-12-23 15:54:40', NULL, 0);
INSERT INTO `usuarios` VALUES (716, '2171', 'GOZB820715', 'BRENDA SELENE', 'GONZALEZ', 'ZUÑIGA', '$2y$10$SYahmHRJyGFMb9XxW72OLeJB4wGWHU98CVgxdu3mQfDRiIBA5bdlC', 1, 'activo', '2025-12-22 12:44:24', '2025-12-23 15:54:40', NULL, 0);
INSERT INTO `usuarios` VALUES (717, '2533', 'PASF601209', 'FLORENTINO', 'PABLO', 'SANTIAGO', '$2y$10$UVIQ977rbUozJ3jN0N58zOlm3Ec7i2Ym3fCMjj2hDngUzn7xaBDye', 1, 'activo', '2025-12-22 12:44:24', '2025-12-23 15:54:40', NULL, 0);
INSERT INTO `usuarios` VALUES (718, '2541', 'EOGA010828', 'ARTURO IVAN', 'ESCOBAR', 'GUERRERO', '$2y$10$5Hny3.FmzbZe9QeRu0iAMesPskj5pw5V0WphPW6GdIO0hDMRI98Hy', 1, 'activo', '2025-12-22 12:44:24', '2025-12-23 15:54:40', NULL, 0);
INSERT INTO `usuarios` VALUES (719, '2543', 'LOHG050214', 'GEOVANNI ALEXANDER', 'LOPEZ', 'HERNANDEZ', '$2y$10$8AAfdy7ef/i7D7SDPzB1QOdlI90888ZqcC3VSYY7rtQ7sKkneQfES', 1, 'activo', '2025-12-22 12:44:24', '2025-12-23 15:54:41', NULL, 0);
INSERT INTO `usuarios` VALUES (720, '2544', 'RIJA021118', 'ALAN ALFONSO', 'RIVERA', 'JIMENEZ', '$2y$10$MMOXCUoe8x9AtPoqVCns9Ogzm43gkt/JooVPNqcVIDl7beF3zGIVe', 1, 'activo', '2025-12-22 12:44:25', '2025-12-23 15:54:41', NULL, 0);
INSERT INTO `usuarios` VALUES (721, '2545', 'GAMA010301', 'ALEXIS YAIR', 'GARCIA', 'MARTINEZ', '$2y$10$IlbZL8yiKh4vWYJx9xLQteP8t7xDZWt.1WMWLJup8vN6DWEDfAqbK', 1, 'activo', '2025-12-22 12:44:25', '2025-12-23 15:54:41', NULL, 0);
INSERT INTO `usuarios` VALUES (722, '9012', 'OAAE000930', 'EVELIN JHOANNA', 'OCAMPO', 'ALONSO', '$2y$10$H/ntpyGNm2GTZPwz2STGauuodKX0yy/4S29TUwVPuhUx6a.Pf.ATO', 1, 'activo', '2025-12-22 12:44:25', '2025-12-23 15:54:41', NULL, 0);
INSERT INTO `usuarios` VALUES (723, '9014', 'GOLE021018', 'MARIA ENRIQUETA', 'GOMEZ', 'LOPEZ', '$2y$10$1EzA1rT8n4.DTO2AT.E8Ru563ZzPc5BqpMajwczH6ZxP1uDuCqLbG', 1, 'activo', '2025-12-22 12:44:25', '2025-12-23 15:54:41', NULL, 0);
INSERT INTO `usuarios` VALUES (724, '2549', 'SOPJ790110', 'JUAN GABRIEL', 'SOLORIO', 'PAVON', '$2y$10$CPfUdc7I5TaFJv6rXP3hW.3avSCZ3XkUvrQRfUgaT2nV9tYEpwqya', 1, 'activo', '2025-12-22 12:44:25', '2025-12-23 15:54:41', NULL, 0);
INSERT INTO `usuarios` VALUES (725, '2529', 'GAFL510207', 'JOSE LUIS', 'GARCIA', 'FLORES', '$2y$10$XmTgEuGh551a9/lOBabD8uCHBIUziEY0o142yIQ.X4Psu5GohpXPS', 1, 'activo', '2025-12-22 12:44:25', '2025-12-23 15:54:41', NULL, 0);
INSERT INTO `usuarios` VALUES (726, '2003', 'VAVA800525', 'ANDRES', 'VAZQUEZ', 'VALENCIA', '$2y$10$dLqdBQpVCspA269Gob8CCepXC2rAjw76xvyv7Vi6eYD65lBNmGllW', 1, 'activo', '2025-12-22 12:44:25', '2025-12-23 15:54:41', NULL, 0);
INSERT INTO `usuarios` VALUES (727, '2004', 'MEMS801119', 'SALVADOR', 'MEJIA', 'MARTINEZ', '$2y$10$kTeCKCWVsXMaDy9ft4YOSupJ2uUKj/u7O0T9j/JlDLQB8i5VtcJYK', 1, 'activo', '2025-12-22 12:44:25', '2025-12-23 15:54:42', NULL, 0);
INSERT INTO `usuarios` VALUES (728, '2128', 'CAGM960120', 'JOSE MANUEL', 'CASADOS', 'GONZALEZ', '$2y$10$ffmjxP2.fAXdHPKkEYk1W.c1a/ykrqYOpmIyzKxlUHg06LvvT2c3C', 1, 'activo', '2025-12-22 12:44:26', '2025-12-23 15:54:42', NULL, 0);
INSERT INTO `usuarios` VALUES (729, '2262', 'GOFL650715', 'MARIA DE LA LUZ', 'GONZALEZ', 'FERNANDEZ', '$2y$10$XYTtkGVJWCFKfdmAH9s/5ej4cH81ppVXGjtUnY5slElO31nG60BK6', 1, 'activo', '2025-12-22 12:44:26', '2025-12-23 15:54:42', NULL, 0);
INSERT INTO `usuarios` VALUES (730, '2542', 'VIOA890303', 'ABDHUL', 'VIGUERAS', 'OCAMPO', '$2y$10$FN7i62sgNO6zNJ7rRm7do.sofF8Z5Xe8a6g/ebdg/tUu4JhH9hKZe', 1, 'activo', '2025-12-22 12:44:26', '2025-12-23 15:54:42', NULL, 0);
INSERT INTO `usuarios` VALUES (731, '2546', 'HETC860528', 'MARIA DEL CARMEN', 'HERNANDEZ', 'TELLEZ', '$2y$10$aCxO61o/rPZil813y7NDV.hDoWCdYViH3hDbqg/fOtUdVHU6sIE4K', 1, 'activo', '2025-12-22 12:44:26', '2025-12-23 15:54:42', NULL, 0);
INSERT INTO `usuarios` VALUES (732, '5378', 'VEON890104', 'NANCY', 'VELAZQUEZ', 'OJEDA', '$2y$10$KO5JL568lUp.HtZZB1vuNeROmWggjzqBGlbjOhTCV3pK7QDbK.KDi', 1, 'activo', '2025-12-22 12:44:26', '2025-12-23 15:54:42', NULL, 0);
INSERT INTO `usuarios` VALUES (733, '2441', 'OERP681118', 'PORFIRIO', 'OLVERA', 'RODRIGUEZ', '$2y$10$EBR90es5OnDEUHrBcDdI5.FKMi4KS8LvYU2RTXXl9/001PPBUabNu', 1, 'activo', '2025-12-22 12:44:26', '2025-12-23 15:54:42', NULL, 0);

-- ----------------------------
-- Table structure for vacaciones_saldos
-- ----------------------------
DROP TABLE IF EXISTS `vacaciones_saldos`;
CREATE TABLE `vacaciones_saldos`  (
  `saldo_id` int(11) NOT NULL AUTO_INCREMENT,
  `empresa_id` int(11) NOT NULL,
  `empleado_id` int(11) NOT NULL,
  `periodo` year NOT NULL,
  `dias_disponibles` decimal(6, 2) NOT NULL DEFAULT 0.00,
  `dias_tomados` decimal(6, 2) NOT NULL DEFAULT 0.00,
  `updated_at` datetime NOT NULL DEFAULT CURRENT_TIMESTAMP ON UPDATE CURRENT_TIMESTAMP,
  PRIMARY KEY (`saldo_id`) USING BTREE,
  UNIQUE INDEX `uq_saldo`(`empresa_id`, `empleado_id`, `periodo`) USING BTREE,
  INDEX `fk_saldo_empleado`(`empleado_id`) USING BTREE,
  CONSTRAINT `fk_saldo_empleado` FOREIGN KEY (`empleado_id`) REFERENCES `empleados` (`empleado_id`) ON DELETE CASCADE ON UPDATE CASCADE,
  CONSTRAINT `fk_saldo_empresa` FOREIGN KEY (`empresa_id`) REFERENCES `empresas` (`empresa_id`) ON DELETE CASCADE ON UPDATE CASCADE
) ENGINE = InnoDB AUTO_INCREMENT = 1 CHARACTER SET = utf8mb4 COLLATE = utf8mb4_general_ci ROW_FORMAT = Dynamic;

-- ----------------------------
-- Records of vacaciones_saldos
-- ----------------------------

-- ----------------------------
-- Table structure for vacaciones_solicitudes
-- ----------------------------
DROP TABLE IF EXISTS `vacaciones_solicitudes`;
CREATE TABLE `vacaciones_solicitudes`  (
  `solicitud_id` int(11) NOT NULL AUTO_INCREMENT,
  `empresa_id` int(11) NOT NULL,
  `empleado_id` int(11) NOT NULL,
  `fecha_inicio` date NOT NULL,
  `fecha_fin` date NOT NULL,
  `dias` decimal(6, 2) NOT NULL,
  `estatus` enum('capturada','aprobada','rechazada','cancelada') CHARACTER SET utf8mb4 COLLATE utf8mb4_general_ci NOT NULL DEFAULT 'capturada',
  `comentario` text CHARACTER SET utf8mb4 COLLATE utf8mb4_general_ci NULL,
  `aprobado_por` int(11) NULL DEFAULT NULL,
  `created_at` datetime NOT NULL DEFAULT CURRENT_TIMESTAMP,
  PRIMARY KEY (`solicitud_id`) USING BTREE,
  INDEX `fk_sol_empleado`(`empleado_id`) USING BTREE,
  INDEX `fk_sol_aprobador`(`aprobado_por`) USING BTREE,
  INDEX `idx_sol_estatus`(`empresa_id`, `estatus`, `created_at`) USING BTREE,
  CONSTRAINT `fk_sol_aprobador` FOREIGN KEY (`aprobado_por`) REFERENCES `usuarios` (`usuario_id`) ON DELETE SET NULL ON UPDATE CASCADE,
  CONSTRAINT `fk_sol_empleado` FOREIGN KEY (`empleado_id`) REFERENCES `empleados` (`empleado_id`) ON DELETE CASCADE ON UPDATE CASCADE,
  CONSTRAINT `fk_sol_empresa` FOREIGN KEY (`empresa_id`) REFERENCES `empresas` (`empresa_id`) ON DELETE CASCADE ON UPDATE CASCADE
) ENGINE = InnoDB AUTO_INCREMENT = 1 CHARACTER SET = utf8mb4 COLLATE = utf8mb4_general_ci ROW_FORMAT = Dynamic;

-- ----------------------------
-- Records of vacaciones_solicitudes
-- ----------------------------

-- ----------------------------
-- Procedure structure for generar_elegibles_clima
-- ----------------------------
DROP PROCEDURE IF EXISTS `generar_elegibles_clima`;
delimiter ;;
CREATE PROCEDURE `generar_elegibles_clima`(IN p_periodo_id INT,
  IN p_empresa_id INT)
BEGIN
  
  -- Limpiar elegibles existentes (opcional)
  DELETE FROM clima_elegibles WHERE periodo_id = p_periodo_id AND empresa_id = p_empresa_id;
  
  -- Insertar todos los empleados activos como elegibles
  INSERT INTO clima_elegibles (periodo_id, empleado_id, empresa_id, unidad_id, elegible, razon_no_elegible, created_at)
  SELECT 
    p_periodo_id,
    e.empleado_id,
    e.empresa_id,
    COALESCE(e.unidad_id, 1) as unidad_id,
    1 as elegible,
    NULL as razon_no_elegible,
    NOW() as created_at
  FROM empleados e
  WHERE e.empresa_id = p_empresa_id 
    AND e.es_activo = 1
    AND e.estatus = 'activo'
    AND e.fecha_baja IS NULL
  ON DUPLICATE KEY UPDATE 
    elegible = VALUES(elegible),
    unidad_id = VALUES(unidad_id);
    
END
;;
delimiter ;

-- ----------------------------
-- Procedure structure for generar_respuestas_clima
-- ----------------------------
DROP PROCEDURE IF EXISTS `generar_respuestas_clima`;
delimiter ;;
CREATE PROCEDURE `generar_respuestas_clima`(IN p_periodo_id INT,
  IN p_empresa_id INT,
  IN p_empleado_inicio INT,
  IN p_empleado_fin INT)
BEGIN
  DECLARE v_empleado INT;
  DECLARE v_reactivo INT;
  DECLARE v_valor INT;
  DECLARE v_random DECIMAL(3,2);
  
  -- Limpiar respuestas existentes para este periodo (opcional)
  DELETE FROM clima_respuestas WHERE periodo_id = p_periodo_id;
  
  SET v_empleado = p_empleado_inicio;
  
  -- Iterar sobre empleados
  WHILE v_empleado <= p_empleado_fin DO
    
    -- Verificar que el empleado existe, pertenece a la empresa y está activo
    IF EXISTS (SELECT 1 FROM empleados WHERE empleado_id = v_empleado AND empresa_id = p_empresa_id AND es_activo = 1 AND estatus = 'activo') THEN
      
      SET v_reactivo = 1;
      
      -- Iterar sobre los 40 reactivos
      WHILE v_reactivo <= 40 DO
        
        -- Generar valor aleatorio con distribución realista
        SET v_random = RAND();
        
        -- Distribución: 10% (1-2), 70% (3-4), 20% (5)
        IF v_random < 0.05 THEN
          SET v_valor = 1; -- 5% muy insatisfecho
        ELSEIF v_random < 0.10 THEN
          SET v_valor = 2; -- 5% insatisfecho
        ELSEIF v_random < 0.40 THEN
          SET v_valor = 3; -- 30% neutral
        ELSEIF v_random < 0.80 THEN
          SET v_valor = 4; -- 40% satisfecho
        ELSE
          SET v_valor = 5; -- 20% muy satisfecho
        END IF;
        
        -- Insertar respuesta
        INSERT INTO clima_respuestas (periodo_id, empleado_id, reactivo_id, valor, fecha_respuesta)
        VALUES (p_periodo_id, v_empleado, v_reactivo, v_valor, NOW())
        ON DUPLICATE KEY UPDATE valor = VALUES(valor), fecha_respuesta = VALUES(fecha_respuesta);
        
        SET v_reactivo = v_reactivo + 1;
      END WHILE;
      
    END IF;
    
    SET v_empleado = v_empleado + 1;
  END WHILE;
  
END
;;
delimiter ;

-- ----------------------------
-- Procedure structure for publicar_resultados_clima
-- ----------------------------
DROP PROCEDURE IF EXISTS `publicar_resultados_clima`;
delimiter ;;
CREATE PROCEDURE `publicar_resultados_clima`(IN p_periodo_id INT,
  IN p_empresa_id INT,
  IN p_publicado_por INT)
BEGIN
  
  -- Limpiar publicaciones existentes (opcional)
  DELETE FROM clima_publicacion WHERE periodo_id = p_periodo_id AND empresa_id = p_empresa_id;
  
  -- Habilitar resultados para todas las unidades de la empresa
  INSERT INTO clima_publicacion (periodo_id, empresa_id, unidad_id, habilitado, fecha_publicacion, publicado_por)
  SELECT DISTINCT
    p_periodo_id,
    p_empresa_id,
    u.unidad_id,
    1 as habilitado,
    NOW() as fecha_publicacion,
    p_publicado_por
  FROM org_unidades u
  WHERE u.empresa_id = p_empresa_id 
    AND u.activo = 1
  ON DUPLICATE KEY UPDATE 
    habilitado = VALUES(habilitado),
    fecha_publicacion = VALUES(fecha_publicacion),
    publicado_por = VALUES(publicado_por);
    
END
;;
delimiter ;

SET FOREIGN_KEY_CHECKS = 1;
